SET session_replication_role = replica;

--
-- PostgreSQL database dump
--

-- Dumped from database version 17.4
-- Dumped by pg_dump version 17.4

SET statement_timeout = 0;
SET lock_timeout = 0;
SET idle_in_transaction_session_timeout = 0;
SET transaction_timeout = 0;
SET client_encoding = 'UTF8';
SET standard_conforming_strings = on;
SELECT pg_catalog.set_config('search_path', '', false);
SET check_function_bodies = false;
SET xmloption = content;
SET client_min_messages = warning;
SET row_security = off;

--
-- Data for Name: audit_log_entries; Type: TABLE DATA; Schema: auth; Owner: supabase_auth_admin
--

INSERT INTO "auth"."audit_log_entries" ("instance_id", "id", "payload", "created_at", "ip_address") VALUES
	('00000000-0000-0000-0000-000000000000', '89c3e376-0d36-4f7d-b552-5873c9eee25c', '{"action":"user_confirmation_requested","actor_id":"c099e839-74a0-49cc-a34a-d45c74131a76","actor_username":"gubaupol@gmail.com","actor_via_sso":false,"log_type":"user","traits":{"provider":"email"}}', '2025-08-24 12:28:43.049342+00', ''),
	('00000000-0000-0000-0000-000000000000', 'a2d749a1-28ac-417c-9973-1063b91eac30', '{"action":"user_confirmation_requested","actor_id":"c099e839-74a0-49cc-a34a-d45c74131a76","actor_username":"gubaupol@gmail.com","actor_via_sso":false,"log_type":"user","traits":{"provider":"email"}}', '2025-08-24 12:30:28.76579+00', ''),
	('00000000-0000-0000-0000-000000000000', '6f6e71c6-3baf-4359-9023-93022090a751', '{"action":"user_signedup","actor_id":"c099e839-74a0-49cc-a34a-d45c74131a76","actor_name":"Pol Gubau","actor_username":"gubaupol@gmail.com","actor_via_sso":false,"log_type":"team","traits":{"provider":"google"}}', '2025-08-28 13:18:17.982016+00', ''),
	('00000000-0000-0000-0000-000000000000', '9c018e46-795b-4b8f-aa5c-475e1394731a', '{"action":"user_deleted","actor_id":"00000000-0000-0000-0000-000000000000","actor_username":"service_role","actor_via_sso":false,"log_type":"team","traits":{"user_email":"gubaupol@gmail.com","user_id":"c099e839-74a0-49cc-a34a-d45c74131a76","user_phone":""}}', '2025-08-28 13:20:14.031495+00', ''),
	('00000000-0000-0000-0000-000000000000', '015479bb-4e47-4719-bf08-6804f9182bc7', '{"action":"user_signedup","actor_id":"a9763082-88ee-4a49-a7ba-54b3e479c3e9","actor_name":"Pol Gubau","actor_username":"gubaupol@gmail.com","actor_via_sso":false,"log_type":"team","traits":{"provider":"google"}}', '2025-08-28 13:20:53.40576+00', ''),
	('00000000-0000-0000-0000-000000000000', 'a66ea2e5-1263-40dd-8920-ad29df88bb11', '{"action":"user_deleted","actor_id":"00000000-0000-0000-0000-000000000000","actor_username":"service_role","actor_via_sso":false,"log_type":"team","traits":{"user_email":"gubaupol@gmail.com","user_id":"a9763082-88ee-4a49-a7ba-54b3e479c3e9","user_phone":""}}', '2025-08-28 13:53:22.84679+00', ''),
	('00000000-0000-0000-0000-000000000000', 'f7d78513-d92e-49c9-b5fb-214bbc7ce50a', '{"action":"user_signedup","actor_id":"e6809870-7834-4f05-920e-b097e2046ce0","actor_name":"Pol Gubau","actor_username":"gubaupol@gmail.com","actor_via_sso":false,"log_type":"team","traits":{"provider":"google"}}', '2025-08-28 13:54:36.82133+00', ''),
	('00000000-0000-0000-0000-000000000000', '973bb8b6-b135-4dc9-b535-ae30bd0af053', '{"action":"user_deleted","actor_id":"00000000-0000-0000-0000-000000000000","actor_username":"service_role","actor_via_sso":false,"log_type":"team","traits":{"user_email":"gubaupol@gmail.com","user_id":"e6809870-7834-4f05-920e-b097e2046ce0","user_phone":""}}', '2025-08-28 14:21:47.663962+00', ''),
	('00000000-0000-0000-0000-000000000000', 'e310d465-0420-4015-9f7a-99d94915ab8f', '{"action":"user_signedup","actor_id":"90f9f5d0-1270-47ac-adcd-3e9b0054bcc5","actor_name":"Pol Gubau","actor_username":"gubaupol@gmail.com","actor_via_sso":false,"log_type":"team","traits":{"provider":"google"}}', '2025-08-28 14:22:56.35496+00', ''),
	('00000000-0000-0000-0000-000000000000', 'a5bfbe94-6bc2-413c-8b92-c9a8b8cd1491', '{"action":"user_deleted","actor_id":"00000000-0000-0000-0000-000000000000","actor_username":"service_role","actor_via_sso":false,"log_type":"team","traits":{"user_email":"gubaupol@gmail.com","user_id":"90f9f5d0-1270-47ac-adcd-3e9b0054bcc5","user_phone":""}}', '2025-08-28 14:29:54.631585+00', ''),
	('00000000-0000-0000-0000-000000000000', 'bc6ec34c-3a66-44ab-80bb-1bf8107c5e4b', '{"action":"user_signedup","actor_id":"318e218f-3436-4958-82f0-fd841376553a","actor_name":"Pol Gubau","actor_username":"gubaupol@gmail.com","actor_via_sso":false,"log_type":"team","traits":{"provider":"google"}}', '2025-08-28 14:30:13.074239+00', ''),
	('00000000-0000-0000-0000-000000000000', '05f10883-7d00-4f12-83dc-99d932060d38', '{"action":"login","actor_id":"318e218f-3436-4958-82f0-fd841376553a","actor_name":"Pol Gubau","actor_username":"gubaupol@gmail.com","actor_via_sso":false,"log_type":"account","traits":{"provider":"google"}}', '2025-08-28 14:52:29.384484+00', ''),
	('00000000-0000-0000-0000-000000000000', 'dcc21b00-d348-4859-b828-75bbddc7de4e', '{"action":"token_refreshed","actor_id":"318e218f-3436-4958-82f0-fd841376553a","actor_name":"Pol Gubau","actor_username":"gubaupol@gmail.com","actor_via_sso":false,"log_type":"token"}', '2025-08-28 15:50:57.066971+00', ''),
	('00000000-0000-0000-0000-000000000000', '8426cf57-3af4-4c97-83d9-2faac55887e0', '{"action":"token_revoked","actor_id":"318e218f-3436-4958-82f0-fd841376553a","actor_name":"Pol Gubau","actor_username":"gubaupol@gmail.com","actor_via_sso":false,"log_type":"token"}', '2025-08-28 15:50:57.088614+00', ''),
	('00000000-0000-0000-0000-000000000000', 'ea3f5e9c-9819-4720-b773-09cdeb669410', '{"action":"login","actor_id":"318e218f-3436-4958-82f0-fd841376553a","actor_name":"Pol Gubau","actor_username":"gubaupol@gmail.com","actor_via_sso":false,"log_type":"account","traits":{"provider":"google"}}', '2025-08-28 16:31:41.350171+00', ''),
	('00000000-0000-0000-0000-000000000000', '0d65619f-f5f6-487f-b760-ffbd8c14835a', '{"action":"user_deleted","actor_id":"00000000-0000-0000-0000-000000000000","actor_username":"service_role","actor_via_sso":false,"log_type":"team","traits":{"user_email":"gubaupol@gmail.com","user_id":"318e218f-3436-4958-82f0-fd841376553a","user_phone":""}}', '2025-08-28 16:33:54.345014+00', ''),
	('00000000-0000-0000-0000-000000000000', '8d5bc562-0fb5-41bf-990f-33ae0730128b', '{"action":"user_signedup","actor_id":"acdada83-28f4-47f6-b0e8-418792bf1706","actor_name":"Pol Gubau","actor_username":"gubaupol@gmail.com","actor_via_sso":false,"log_type":"team","traits":{"provider":"google"}}', '2025-08-28 16:34:47.81332+00', ''),
	('00000000-0000-0000-0000-000000000000', '7022d88a-6dd7-417f-8e4c-44df5a0f001b', '{"action":"token_refreshed","actor_id":"acdada83-28f4-47f6-b0e8-418792bf1706","actor_name":"Pol Gubau","actor_username":"gubaupol@gmail.com","actor_via_sso":false,"log_type":"token"}', '2025-08-28 17:42:46.108626+00', ''),
	('00000000-0000-0000-0000-000000000000', 'ba94e6bc-755d-4e9e-aacd-5a0dca1ec04d', '{"action":"token_revoked","actor_id":"acdada83-28f4-47f6-b0e8-418792bf1706","actor_name":"Pol Gubau","actor_username":"gubaupol@gmail.com","actor_via_sso":false,"log_type":"token"}', '2025-08-28 17:42:46.131258+00', ''),
	('00000000-0000-0000-0000-000000000000', 'dbc29ea6-2371-447a-9def-d98acdd35aa5', '{"action":"token_refreshed","actor_id":"acdada83-28f4-47f6-b0e8-418792bf1706","actor_name":"Pol Gubau","actor_username":"gubaupol@gmail.com","actor_via_sso":false,"log_type":"token"}', '2025-08-28 18:41:13.372858+00', ''),
	('00000000-0000-0000-0000-000000000000', 'b9caff45-ee35-48aa-b781-242998e89e70', '{"action":"token_revoked","actor_id":"acdada83-28f4-47f6-b0e8-418792bf1706","actor_name":"Pol Gubau","actor_username":"gubaupol@gmail.com","actor_via_sso":false,"log_type":"token"}', '2025-08-28 18:41:13.394382+00', ''),
	('00000000-0000-0000-0000-000000000000', '73255507-01bf-49b4-a81b-df6af472f1d1', '{"action":"token_refreshed","actor_id":"acdada83-28f4-47f6-b0e8-418792bf1706","actor_name":"Pol Gubau","actor_username":"gubaupol@gmail.com","actor_via_sso":false,"log_type":"token"}', '2025-08-28 20:32:16.750906+00', ''),
	('00000000-0000-0000-0000-000000000000', 'd8637b45-c777-4a7b-90f3-14c21d4a669d', '{"action":"token_revoked","actor_id":"acdada83-28f4-47f6-b0e8-418792bf1706","actor_name":"Pol Gubau","actor_username":"gubaupol@gmail.com","actor_via_sso":false,"log_type":"token"}', '2025-08-28 20:32:16.772798+00', ''),
	('00000000-0000-0000-0000-000000000000', 'a3f7c383-8797-4a28-8b41-57d4b57e7d44', '{"action":"token_refreshed","actor_id":"acdada83-28f4-47f6-b0e8-418792bf1706","actor_name":"Pol Gubau","actor_username":"gubaupol@gmail.com","actor_via_sso":false,"log_type":"token"}', '2025-08-28 21:48:55.267834+00', ''),
	('00000000-0000-0000-0000-000000000000', '0a5e4cc6-f563-4422-9a33-88bcd594f80e', '{"action":"token_revoked","actor_id":"acdada83-28f4-47f6-b0e8-418792bf1706","actor_name":"Pol Gubau","actor_username":"gubaupol@gmail.com","actor_via_sso":false,"log_type":"token"}', '2025-08-28 21:48:55.278542+00', ''),
	('00000000-0000-0000-0000-000000000000', '5497f513-028e-45bd-88a7-90b4f5600bdf', '{"action":"token_refreshed","actor_id":"acdada83-28f4-47f6-b0e8-418792bf1706","actor_name":"Pol Gubau","actor_username":"gubaupol@gmail.com","actor_via_sso":false,"log_type":"token"}', '2025-08-29 15:11:25.677777+00', ''),
	('00000000-0000-0000-0000-000000000000', '4250da4e-dc7b-45d9-b073-cfcb135668fb', '{"action":"token_revoked","actor_id":"acdada83-28f4-47f6-b0e8-418792bf1706","actor_name":"Pol Gubau","actor_username":"gubaupol@gmail.com","actor_via_sso":false,"log_type":"token"}', '2025-08-29 15:11:25.685194+00', ''),
	('00000000-0000-0000-0000-000000000000', '5b101ca8-8384-4c49-abdd-c721ddac5555', '{"action":"token_refreshed","actor_id":"acdada83-28f4-47f6-b0e8-418792bf1706","actor_name":"Pol Gubau","actor_username":"gubaupol@gmail.com","actor_via_sso":false,"log_type":"token"}', '2025-08-29 16:09:49.545881+00', ''),
	('00000000-0000-0000-0000-000000000000', '5d244b27-1cc1-41ca-b1e0-6000f1200f7e', '{"action":"token_revoked","actor_id":"acdada83-28f4-47f6-b0e8-418792bf1706","actor_name":"Pol Gubau","actor_username":"gubaupol@gmail.com","actor_via_sso":false,"log_type":"token"}', '2025-08-29 16:09:49.559733+00', ''),
	('00000000-0000-0000-0000-000000000000', '12547444-f1a7-4ec4-bf03-e5995e63ce23', '{"action":"token_refreshed","actor_id":"acdada83-28f4-47f6-b0e8-418792bf1706","actor_name":"Pol Gubau","actor_username":"gubaupol@gmail.com","actor_via_sso":false,"log_type":"token"}', '2025-08-29 17:24:20.424146+00', ''),
	('00000000-0000-0000-0000-000000000000', '57537e6c-2632-459d-b1ce-152c68b26e4c', '{"action":"token_revoked","actor_id":"acdada83-28f4-47f6-b0e8-418792bf1706","actor_name":"Pol Gubau","actor_username":"gubaupol@gmail.com","actor_via_sso":false,"log_type":"token"}', '2025-08-29 17:24:20.433688+00', ''),
	('00000000-0000-0000-0000-000000000000', 'f5a21600-243a-4641-9b93-214346e8088f', '{"action":"token_refreshed","actor_id":"acdada83-28f4-47f6-b0e8-418792bf1706","actor_name":"Pol Gubau","actor_username":"gubaupol@gmail.com","actor_via_sso":false,"log_type":"token"}', '2025-08-30 07:51:37.075892+00', ''),
	('00000000-0000-0000-0000-000000000000', '885f00b1-ffbc-4613-aaf6-9cd42af612a5', '{"action":"token_revoked","actor_id":"acdada83-28f4-47f6-b0e8-418792bf1706","actor_name":"Pol Gubau","actor_username":"gubaupol@gmail.com","actor_via_sso":false,"log_type":"token"}', '2025-08-30 07:51:37.098329+00', ''),
	('00000000-0000-0000-0000-000000000000', '1ba042fb-e2f2-486a-bd37-644102cad084', '{"action":"login","actor_id":"acdada83-28f4-47f6-b0e8-418792bf1706","actor_name":"Pol Gubau","actor_username":"gubaupol@gmail.com","actor_via_sso":false,"log_type":"account","traits":{"provider":"google"}}', '2025-08-30 08:36:29.530963+00', ''),
	('00000000-0000-0000-0000-000000000000', '04173517-b284-4c89-9868-15aec2ccfe53', '{"action":"logout","actor_id":"acdada83-28f4-47f6-b0e8-418792bf1706","actor_name":"Pol Gubau","actor_username":"gubaupol@gmail.com","actor_via_sso":false,"log_type":"account"}', '2025-08-30 09:10:44.979601+00', ''),
	('00000000-0000-0000-0000-000000000000', 'cd0bbeea-c3c9-4d9a-baaa-47ce13ffdbb8', '{"action":"login","actor_id":"acdada83-28f4-47f6-b0e8-418792bf1706","actor_name":"Pol Gubau","actor_username":"gubaupol@gmail.com","actor_via_sso":false,"log_type":"account","traits":{"provider":"google"}}', '2025-08-30 09:31:16.057106+00', ''),
	('00000000-0000-0000-0000-000000000000', 'a6615f60-a655-4d55-a4a6-023952ca6a1b', '{"action":"logout","actor_id":"acdada83-28f4-47f6-b0e8-418792bf1706","actor_name":"Pol Gubau","actor_username":"gubaupol@gmail.com","actor_via_sso":false,"log_type":"account"}', '2025-08-30 10:12:08.649465+00', ''),
	('00000000-0000-0000-0000-000000000000', 'fbb9e67c-1a69-4b57-88fe-97e850df2fdc', '{"action":"user_deleted","actor_id":"00000000-0000-0000-0000-000000000000","actor_username":"service_role","actor_via_sso":false,"log_type":"team","traits":{"user_email":"gubaupol@gmail.com","user_id":"acdada83-28f4-47f6-b0e8-418792bf1706","user_phone":""}}', '2025-08-30 10:13:56.700979+00', ''),
	('00000000-0000-0000-0000-000000000000', '98d473ef-c0f6-4bb9-a358-2a50e7b12551', '{"action":"user_signedup","actor_id":"3a8440c5-d8c7-47e1-822f-fa18cf16e8fc","actor_name":"Pol Gubau","actor_username":"gubaupol@gmail.com","actor_via_sso":false,"log_type":"team","traits":{"provider":"google"}}', '2025-08-30 10:14:05.030831+00', ''),
	('00000000-0000-0000-0000-000000000000', '5a4f3108-5eb4-4a08-9f03-4cb90d9da0f2', '{"action":"user_deleted","actor_id":"00000000-0000-0000-0000-000000000000","actor_username":"service_role","actor_via_sso":false,"log_type":"team","traits":{"user_email":"gubaupol@gmail.com","user_id":"3a8440c5-d8c7-47e1-822f-fa18cf16e8fc","user_phone":""}}', '2025-08-30 10:54:02.863253+00', ''),
	('00000000-0000-0000-0000-000000000000', 'bf2ca047-1244-48cf-92f6-3f4469f3d64c', '{"action":"user_signedup","actor_id":"b04e6317-968a-45a9-aa22-24fdd40f2dd1","actor_name":"Pol Gubau","actor_username":"gubaupol@gmail.com","actor_via_sso":false,"log_type":"team","traits":{"provider":"google"}}', '2025-08-30 10:54:33.761202+00', ''),
	('00000000-0000-0000-0000-000000000000', '55e4c020-6687-418a-8f59-1cc2eb376027', '{"action":"logout","actor_id":"b04e6317-968a-45a9-aa22-24fdd40f2dd1","actor_name":"Pol Gubau","actor_username":"gubaupol@gmail.com","actor_via_sso":false,"log_type":"account"}', '2025-08-30 10:56:16.411534+00', ''),
	('00000000-0000-0000-0000-000000000000', 'a967c399-be47-499d-8605-db2c856d1e2d', '{"action":"login","actor_id":"b04e6317-968a-45a9-aa22-24fdd40f2dd1","actor_name":"Pol Gubau","actor_username":"gubaupol@gmail.com","actor_via_sso":false,"log_type":"account","traits":{"provider":"google"}}', '2025-08-30 10:56:20.939138+00', ''),
	('00000000-0000-0000-0000-000000000000', 'd44f3b42-d8fe-49d9-bfbe-6618188eeffc', '{"action":"logout","actor_id":"b04e6317-968a-45a9-aa22-24fdd40f2dd1","actor_name":"Pol Gubau","actor_username":"gubaupol@gmail.com","actor_via_sso":false,"log_type":"account"}', '2025-08-30 10:56:37.919768+00', ''),
	('00000000-0000-0000-0000-000000000000', '74119fca-1646-4ffa-bcd5-c5a653ed76bb', '{"action":"user_deleted","actor_id":"00000000-0000-0000-0000-000000000000","actor_username":"service_role","actor_via_sso":false,"log_type":"team","traits":{"user_email":"gubaupol@gmail.com","user_id":"b04e6317-968a-45a9-aa22-24fdd40f2dd1","user_phone":""}}', '2025-08-30 10:57:01.352681+00', ''),
	('00000000-0000-0000-0000-000000000000', '30ff5daf-b4a2-4b49-9c99-c3f0320ef9e7', '{"action":"user_signedup","actor_id":"8b534c9a-1ac8-4f3d-acde-f7b3f2c61802","actor_name":"Pol Gubau","actor_username":"gubaupol@gmail.com","actor_via_sso":false,"log_type":"team","traits":{"provider":"google"}}', '2025-08-30 10:57:13.55842+00', ''),
	('00000000-0000-0000-0000-000000000000', 'f9a1c67f-0d87-4cae-98c4-3888fc441b97', '{"action":"user_deleted","actor_id":"00000000-0000-0000-0000-000000000000","actor_username":"service_role","actor_via_sso":false,"log_type":"team","traits":{"user_email":"gubaupol@gmail.com","user_id":"8b534c9a-1ac8-4f3d-acde-f7b3f2c61802","user_phone":""}}', '2025-08-30 11:06:27.865717+00', ''),
	('00000000-0000-0000-0000-000000000000', '5316805d-f3c3-47ce-b7e0-3a8cf485a2bd', '{"action":"user_signedup","actor_id":"f8b78fb5-3dc5-41fc-b9df-84815aa0c130","actor_name":"Pol Gubau","actor_username":"gubaupol@gmail.com","actor_via_sso":false,"log_type":"team","traits":{"provider":"google"}}', '2025-08-30 11:06:48.892078+00', ''),
	('00000000-0000-0000-0000-000000000000', '41c88f53-6f28-4107-b0bb-6345e7f19606', '{"action":"login","actor_id":"f8b78fb5-3dc5-41fc-b9df-84815aa0c130","actor_name":"Pol Gubau","actor_username":"gubaupol@gmail.com","actor_via_sso":false,"log_type":"account","traits":{"provider":"google"}}', '2025-08-30 11:59:38.304475+00', ''),
	('00000000-0000-0000-0000-000000000000', 'a53e7ea1-73b9-4fc8-8339-af11fa43f22d', '{"action":"token_refreshed","actor_id":"f8b78fb5-3dc5-41fc-b9df-84815aa0c130","actor_name":"Pol Gubau","actor_username":"gubaupol@gmail.com","actor_via_sso":false,"log_type":"token"}', '2025-08-30 12:06:01.831897+00', ''),
	('00000000-0000-0000-0000-000000000000', 'b37c970d-dc36-4b39-aa93-56811de1325e', '{"action":"token_revoked","actor_id":"f8b78fb5-3dc5-41fc-b9df-84815aa0c130","actor_name":"Pol Gubau","actor_username":"gubaupol@gmail.com","actor_via_sso":false,"log_type":"token"}', '2025-08-30 12:06:01.842055+00', ''),
	('00000000-0000-0000-0000-000000000000', '440f3f7f-fd05-4a9f-bd55-3b5d40ee01f6', '{"action":"token_refreshed","actor_id":"f8b78fb5-3dc5-41fc-b9df-84815aa0c130","actor_name":"Pol Gubau","actor_username":"gubaupol@gmail.com","actor_via_sso":false,"log_type":"token"}', '2025-08-30 13:44:20.116873+00', ''),
	('00000000-0000-0000-0000-000000000000', '92e82214-5c07-47d3-b943-e6b457061a39', '{"action":"token_revoked","actor_id":"f8b78fb5-3dc5-41fc-b9df-84815aa0c130","actor_name":"Pol Gubau","actor_username":"gubaupol@gmail.com","actor_via_sso":false,"log_type":"token"}', '2025-08-30 13:44:20.137097+00', ''),
	('00000000-0000-0000-0000-000000000000', '32f6fb38-da98-4cc7-b95d-185812554195', '{"action":"logout","actor_id":"f8b78fb5-3dc5-41fc-b9df-84815aa0c130","actor_name":"Pol Gubau","actor_username":"gubaupol@gmail.com","actor_via_sso":false,"log_type":"account"}', '2025-08-30 13:49:23.968702+00', ''),
	('00000000-0000-0000-0000-000000000000', '81403a96-b37c-4d66-965c-25173407d0e9', '{"action":"login","actor_id":"f8b78fb5-3dc5-41fc-b9df-84815aa0c130","actor_name":"Pol Gubau","actor_username":"gubaupol@gmail.com","actor_via_sso":false,"log_type":"account","traits":{"provider":"google"}}', '2025-08-30 13:49:30.839042+00', ''),
	('00000000-0000-0000-0000-000000000000', 'c6825059-2899-4b38-a983-e610f81ae191', '{"action":"token_refreshed","actor_id":"f8b78fb5-3dc5-41fc-b9df-84815aa0c130","actor_name":"Pol Gubau","actor_username":"gubaupol@gmail.com","actor_via_sso":false,"log_type":"token"}', '2025-08-30 15:02:07.283291+00', ''),
	('00000000-0000-0000-0000-000000000000', '6b6df096-3152-458e-95cc-45945dfdac73', '{"action":"token_revoked","actor_id":"f8b78fb5-3dc5-41fc-b9df-84815aa0c130","actor_name":"Pol Gubau","actor_username":"gubaupol@gmail.com","actor_via_sso":false,"log_type":"token"}', '2025-08-30 15:02:07.303862+00', ''),
	('00000000-0000-0000-0000-000000000000', 'd63f000a-ed7e-42d9-a075-330d7e328012', '{"action":"login","actor_id":"f8b78fb5-3dc5-41fc-b9df-84815aa0c130","actor_name":"Pol Gubau","actor_username":"gubaupol@gmail.com","actor_via_sso":false,"log_type":"account","traits":{"provider":"google"}}', '2025-09-01 09:30:07.38805+00', ''),
	('00000000-0000-0000-0000-000000000000', '161f282f-51d9-403d-b168-3910666ec1f9', '{"action":"user_confirmation_requested","actor_id":"52dd4a12-ec1c-418c-b1f8-4fa12003df11","actor_username":"mariaroges6@gmail.com","actor_via_sso":false,"log_type":"user","traits":{"provider":"email"}}', '2025-09-01 09:31:23.604871+00', ''),
	('00000000-0000-0000-0000-000000000000', '4040e25a-84f0-4bd0-8d37-e8ead6836faf', '{"action":"user_signedup","actor_id":"52dd4a12-ec1c-418c-b1f8-4fa12003df11","actor_username":"mariaroges6@gmail.com","actor_via_sso":false,"log_type":"team","traits":{"provider":"email"}}', '2025-09-01 09:33:46.668091+00', ''),
	('00000000-0000-0000-0000-000000000000', '020fc185-30ae-4822-b2b3-335a89fa2a1c', '{"action":"login","actor_id":"f8b78fb5-3dc5-41fc-b9df-84815aa0c130","actor_name":"Pol Gubau","actor_username":"gubaupol@gmail.com","actor_via_sso":false,"log_type":"account","traits":{"provider":"google"}}', '2025-09-01 11:12:26.282191+00', ''),
	('00000000-0000-0000-0000-000000000000', 'b2f09549-01ff-40c0-8fd2-94127b9278cd', '{"action":"login","actor_id":"f8b78fb5-3dc5-41fc-b9df-84815aa0c130","actor_name":"Pol Gubau","actor_username":"gubaupol@gmail.com","actor_via_sso":false,"log_type":"account","traits":{"provider":"google"}}', '2025-09-01 11:19:11.020526+00', ''),
	('00000000-0000-0000-0000-000000000000', 'dd5afba8-be94-419a-b903-d362cdf67f51', '{"action":"token_refreshed","actor_id":"f8b78fb5-3dc5-41fc-b9df-84815aa0c130","actor_name":"Pol Gubau","actor_username":"gubaupol@gmail.com","actor_via_sso":false,"log_type":"token"}', '2025-09-01 14:33:54.048026+00', ''),
	('00000000-0000-0000-0000-000000000000', '5a632072-e2d8-4b3f-a27f-35a92a91b830', '{"action":"token_revoked","actor_id":"f8b78fb5-3dc5-41fc-b9df-84815aa0c130","actor_name":"Pol Gubau","actor_username":"gubaupol@gmail.com","actor_via_sso":false,"log_type":"token"}', '2025-09-01 14:33:54.060031+00', ''),
	('00000000-0000-0000-0000-000000000000', 'f40761a3-ffbe-4c84-a8e5-5530a291c305', '{"action":"logout","actor_id":"f8b78fb5-3dc5-41fc-b9df-84815aa0c130","actor_name":"Pol Gubau","actor_username":"gubaupol@gmail.com","actor_via_sso":false,"log_type":"account"}', '2025-09-01 14:33:57.34359+00', ''),
	('00000000-0000-0000-0000-000000000000', '61f17397-24e8-45cb-9980-efe10a9a3179', '{"action":"login","actor_id":"f8b78fb5-3dc5-41fc-b9df-84815aa0c130","actor_name":"Pol Gubau","actor_username":"gubaupol@gmail.com","actor_via_sso":false,"log_type":"account","traits":{"provider":"google"}}', '2025-09-01 14:34:08.533517+00', ''),
	('00000000-0000-0000-0000-000000000000', '9776d897-aaba-479f-92d6-a13442549a00', '{"action":"login","actor_id":"f8b78fb5-3dc5-41fc-b9df-84815aa0c130","actor_name":"Pol Gubau","actor_username":"gubaupol@gmail.com","actor_via_sso":false,"log_type":"account","traits":{"provider":"google"}}', '2025-09-01 15:25:46.060373+00', ''),
	('00000000-0000-0000-0000-000000000000', '4e13329a-c0b5-4e4e-b787-c823c26b758a', '{"action":"user_signedup","actor_id":"90c3b1b3-8d9d-48c3-ba2b-de018ecf95d1","actor_name":"Lorenzo Federici","actor_username":"lorenzofederici98@gmail.com","actor_via_sso":false,"log_type":"team","traits":{"provider":"google"}}', '2025-09-04 02:49:54.104238+00', ''),
	('00000000-0000-0000-0000-000000000000', 'd7214718-5d67-4d66-b21e-a43faefb74b7', '{"action":"token_refreshed","actor_id":"90c3b1b3-8d9d-48c3-ba2b-de018ecf95d1","actor_name":"Lorenzo Federici","actor_username":"lorenzofederici98@gmail.com","actor_via_sso":false,"log_type":"token"}', '2025-09-04 10:02:20.997908+00', ''),
	('00000000-0000-0000-0000-000000000000', 'f2e8ae24-fd36-4324-aca0-2a9587676eea', '{"action":"token_revoked","actor_id":"90c3b1b3-8d9d-48c3-ba2b-de018ecf95d1","actor_name":"Lorenzo Federici","actor_username":"lorenzofederici98@gmail.com","actor_via_sso":false,"log_type":"token"}', '2025-09-04 10:02:21.020311+00', ''),
	('00000000-0000-0000-0000-000000000000', '8145f2a3-3231-45b2-9d7e-70fecddcfc3d', '{"action":"token_refreshed","actor_id":"90c3b1b3-8d9d-48c3-ba2b-de018ecf95d1","actor_name":"Lorenzo Federici","actor_username":"lorenzofederici98@gmail.com","actor_via_sso":false,"log_type":"token"}', '2025-09-04 13:23:23.830119+00', ''),
	('00000000-0000-0000-0000-000000000000', 'b0b55554-505e-42f7-a22b-1bf080358aeb', '{"action":"token_revoked","actor_id":"90c3b1b3-8d9d-48c3-ba2b-de018ecf95d1","actor_name":"Lorenzo Federici","actor_username":"lorenzofederici98@gmail.com","actor_via_sso":false,"log_type":"token"}', '2025-09-04 13:23:23.842639+00', ''),
	('00000000-0000-0000-0000-000000000000', '59df53f9-f6de-4159-9e1b-020abb85301c', '{"action":"token_refreshed","actor_id":"90c3b1b3-8d9d-48c3-ba2b-de018ecf95d1","actor_name":"Lorenzo Federici","actor_username":"lorenzofederici98@gmail.com","actor_via_sso":false,"log_type":"token"}', '2025-09-04 23:47:10.998432+00', ''),
	('00000000-0000-0000-0000-000000000000', '517a09e8-28a7-406b-b063-ccf2179e7afa', '{"action":"token_revoked","actor_id":"90c3b1b3-8d9d-48c3-ba2b-de018ecf95d1","actor_name":"Lorenzo Federici","actor_username":"lorenzofederici98@gmail.com","actor_via_sso":false,"log_type":"token"}', '2025-09-04 23:47:11.015526+00', ''),
	('00000000-0000-0000-0000-000000000000', '6c82dac2-67f7-4797-a063-5d0523f04d24', '{"action":"token_refreshed","actor_id":"90c3b1b3-8d9d-48c3-ba2b-de018ecf95d1","actor_name":"Lorenzo Federici","actor_username":"lorenzofederici98@gmail.com","actor_via_sso":false,"log_type":"token"}', '2025-09-06 17:53:28.609952+00', ''),
	('00000000-0000-0000-0000-000000000000', '527bc427-2230-41c3-aa9e-3278ee5f31c5', '{"action":"token_revoked","actor_id":"90c3b1b3-8d9d-48c3-ba2b-de018ecf95d1","actor_name":"Lorenzo Federici","actor_username":"lorenzofederici98@gmail.com","actor_via_sso":false,"log_type":"token"}', '2025-09-06 17:53:28.634765+00', ''),
	('00000000-0000-0000-0000-000000000000', '273f14b6-63a3-448e-a33d-77af50ddd218', '{"action":"token_refreshed","actor_id":"f8b78fb5-3dc5-41fc-b9df-84815aa0c130","actor_name":"Pol Gubau","actor_username":"gubaupol@gmail.com","actor_via_sso":false,"log_type":"token"}', '2025-09-21 08:40:25.810689+00', ''),
	('00000000-0000-0000-0000-000000000000', '4340a53c-25d1-46f1-8f1a-fc9fd05a92c1', '{"action":"token_revoked","actor_id":"f8b78fb5-3dc5-41fc-b9df-84815aa0c130","actor_name":"Pol Gubau","actor_username":"gubaupol@gmail.com","actor_via_sso":false,"log_type":"token"}', '2025-09-21 08:40:25.835275+00', ''),
	('00000000-0000-0000-0000-000000000000', '95e3ac20-cb80-457c-b55a-ef154240413d', '{"action":"token_refreshed","actor_id":"f8b78fb5-3dc5-41fc-b9df-84815aa0c130","actor_name":"Pol Gubau","actor_username":"gubaupol@gmail.com","actor_via_sso":false,"log_type":"token"}', '2025-09-22 07:21:51.370902+00', ''),
	('00000000-0000-0000-0000-000000000000', '61588e21-80e7-498a-ac1c-0c10d2e0cdd6', '{"action":"token_revoked","actor_id":"f8b78fb5-3dc5-41fc-b9df-84815aa0c130","actor_name":"Pol Gubau","actor_username":"gubaupol@gmail.com","actor_via_sso":false,"log_type":"token"}', '2025-09-22 07:21:51.394949+00', ''),
	('00000000-0000-0000-0000-000000000000', 'f5b1675d-d11a-4062-8765-47b0a2c83767', '{"action":"token_refreshed","actor_id":"90c3b1b3-8d9d-48c3-ba2b-de018ecf95d1","actor_name":"Lorenzo Federici","actor_username":"lorenzofederici98@gmail.com","actor_via_sso":false,"log_type":"token"}', '2025-09-22 15:48:35.465893+00', ''),
	('00000000-0000-0000-0000-000000000000', 'bcba3023-b636-4798-b661-a697ce4bc58a', '{"action":"token_revoked","actor_id":"90c3b1b3-8d9d-48c3-ba2b-de018ecf95d1","actor_name":"Lorenzo Federici","actor_username":"lorenzofederici98@gmail.com","actor_via_sso":false,"log_type":"token"}', '2025-09-22 15:48:35.483521+00', ''),
	('00000000-0000-0000-0000-000000000000', 'e4f42337-19b7-48e7-ba66-de740d744542', '{"action":"token_refreshed","actor_id":"90c3b1b3-8d9d-48c3-ba2b-de018ecf95d1","actor_name":"Lorenzo Federici","actor_username":"lorenzofederici98@gmail.com","actor_via_sso":false,"log_type":"token"}', '2025-09-22 18:42:47.815635+00', ''),
	('00000000-0000-0000-0000-000000000000', '24dce526-5dbf-4ac9-8b65-f4c9e684609d', '{"action":"token_revoked","actor_id":"90c3b1b3-8d9d-48c3-ba2b-de018ecf95d1","actor_name":"Lorenzo Federici","actor_username":"lorenzofederici98@gmail.com","actor_via_sso":false,"log_type":"token"}', '2025-09-22 18:42:47.838089+00', ''),
	('00000000-0000-0000-0000-000000000000', '3191a1cb-1f27-4613-95c7-ae520a68bac7', '{"action":"login","actor_id":"f8b78fb5-3dc5-41fc-b9df-84815aa0c130","actor_name":"Pol Gubau","actor_username":"gubaupol@gmail.com","actor_via_sso":false,"log_type":"account","traits":{"provider":"google"}}', '2025-09-25 13:30:31.385256+00', ''),
	('00000000-0000-0000-0000-000000000000', 'bb942481-fb5f-472e-9cc9-92c5542a40a4', '{"action":"login","actor_id":"f8b78fb5-3dc5-41fc-b9df-84815aa0c130","actor_name":"Pol Gubau","actor_username":"gubaupol@gmail.com","actor_via_sso":false,"log_type":"account","traits":{"provider":"google"}}', '2025-09-25 14:12:23.554761+00', ''),
	('00000000-0000-0000-0000-000000000000', '7a878e90-cff2-4120-ab81-57eb07f198b8', '{"action":"token_refreshed","actor_id":"90c3b1b3-8d9d-48c3-ba2b-de018ecf95d1","actor_name":"Lorenzo Federici","actor_username":"lorenzofederici98@gmail.com","actor_via_sso":false,"log_type":"token"}', '2025-09-29 02:34:32.576141+00', ''),
	('00000000-0000-0000-0000-000000000000', 'cc4fc2dc-ec4a-4e25-998d-e9b3feb2b38c', '{"action":"token_revoked","actor_id":"90c3b1b3-8d9d-48c3-ba2b-de018ecf95d1","actor_name":"Lorenzo Federici","actor_username":"lorenzofederici98@gmail.com","actor_via_sso":false,"log_type":"token"}', '2025-09-29 02:34:32.604651+00', ''),
	('00000000-0000-0000-0000-000000000000', '553d94dd-f3f3-493f-a095-9654882a39dd', '{"action":"login","actor_id":"f8b78fb5-3dc5-41fc-b9df-84815aa0c130","actor_name":"Pol Gubau","actor_username":"gubaupol@gmail.com","actor_via_sso":false,"log_type":"account","traits":{"provider":"google"}}', '2025-09-29 06:04:01.42955+00', ''),
	('00000000-0000-0000-0000-000000000000', '4f898d52-fb8c-47ae-925b-a5b48331a388', '{"action":"token_refreshed","actor_id":"f8b78fb5-3dc5-41fc-b9df-84815aa0c130","actor_name":"Pol Gubau","actor_username":"gubaupol@gmail.com","actor_via_sso":false,"log_type":"token"}', '2025-09-29 13:51:11.233886+00', ''),
	('00000000-0000-0000-0000-000000000000', 'dc4bf779-9a3d-4927-9183-cbce2ed3031c', '{"action":"token_revoked","actor_id":"f8b78fb5-3dc5-41fc-b9df-84815aa0c130","actor_name":"Pol Gubau","actor_username":"gubaupol@gmail.com","actor_via_sso":false,"log_type":"token"}', '2025-09-29 13:51:11.260059+00', ''),
	('00000000-0000-0000-0000-000000000000', '6d28791f-6229-4c69-87b3-b3c089de8223', '{"action":"token_refreshed","actor_id":"90c3b1b3-8d9d-48c3-ba2b-de018ecf95d1","actor_name":"Lorenzo Federici","actor_username":"lorenzofederici98@gmail.com","actor_via_sso":false,"log_type":"token"}', '2025-09-29 19:16:57.890717+00', ''),
	('00000000-0000-0000-0000-000000000000', 'c6a20f6a-e1a3-466f-8f9a-ead237262818', '{"action":"token_revoked","actor_id":"90c3b1b3-8d9d-48c3-ba2b-de018ecf95d1","actor_name":"Lorenzo Federici","actor_username":"lorenzofederici98@gmail.com","actor_via_sso":false,"log_type":"token"}', '2025-09-29 19:16:57.908997+00', ''),
	('00000000-0000-0000-0000-000000000000', '7118bce2-63d2-4333-a2c4-0c9174fb3897', '{"action":"token_refreshed","actor_id":"90c3b1b3-8d9d-48c3-ba2b-de018ecf95d1","actor_name":"Lorenzo Federici","actor_username":"lorenzofederici98@gmail.com","actor_via_sso":false,"log_type":"token"}', '2025-09-30 04:15:57.611142+00', ''),
	('00000000-0000-0000-0000-000000000000', '08edbc83-b79e-4d1d-a8db-285c71239524', '{"action":"token_revoked","actor_id":"90c3b1b3-8d9d-48c3-ba2b-de018ecf95d1","actor_name":"Lorenzo Federici","actor_username":"lorenzofederici98@gmail.com","actor_via_sso":false,"log_type":"token"}', '2025-09-30 04:15:57.639284+00', ''),
	('00000000-0000-0000-0000-000000000000', '0f36dcae-a5cf-4029-b354-83d9811b3220', '{"action":"token_refreshed","actor_id":"f8b78fb5-3dc5-41fc-b9df-84815aa0c130","actor_name":"Pol Gubau","actor_username":"gubaupol@gmail.com","actor_via_sso":false,"log_type":"token"}', '2025-09-30 12:39:50.951904+00', ''),
	('00000000-0000-0000-0000-000000000000', '7b5b8469-67a1-4aed-adcd-ca17f0b6d9d3', '{"action":"token_revoked","actor_id":"f8b78fb5-3dc5-41fc-b9df-84815aa0c130","actor_name":"Pol Gubau","actor_username":"gubaupol@gmail.com","actor_via_sso":false,"log_type":"token"}', '2025-09-30 12:39:50.962568+00', ''),
	('00000000-0000-0000-0000-000000000000', 'a0a7c15a-46ac-4417-a604-eb6166fe03cb', '{"action":"token_refreshed","actor_id":"f8b78fb5-3dc5-41fc-b9df-84815aa0c130","actor_name":"Pol Gubau","actor_username":"gubaupol@gmail.com","actor_via_sso":false,"log_type":"token"}', '2025-10-02 10:19:56.416629+00', ''),
	('00000000-0000-0000-0000-000000000000', '0d98cb9a-f9f0-4a47-a7c8-bee4881df968', '{"action":"token_revoked","actor_id":"f8b78fb5-3dc5-41fc-b9df-84815aa0c130","actor_name":"Pol Gubau","actor_username":"gubaupol@gmail.com","actor_via_sso":false,"log_type":"token"}', '2025-10-02 10:19:56.444022+00', ''),
	('00000000-0000-0000-0000-000000000000', 'fdc1aca7-9a5e-4e04-9e97-3428b6482ec1', '{"action":"token_refreshed","actor_id":"f8b78fb5-3dc5-41fc-b9df-84815aa0c130","actor_name":"Pol Gubau","actor_username":"gubaupol@gmail.com","actor_via_sso":false,"log_type":"token"}', '2025-10-03 10:41:43.827023+00', ''),
	('00000000-0000-0000-0000-000000000000', 'b5f532f6-427d-4988-80eb-b459da5f2cfb', '{"action":"token_revoked","actor_id":"f8b78fb5-3dc5-41fc-b9df-84815aa0c130","actor_name":"Pol Gubau","actor_username":"gubaupol@gmail.com","actor_via_sso":false,"log_type":"token"}', '2025-10-03 10:41:43.852475+00', ''),
	('00000000-0000-0000-0000-000000000000', '0325a575-63e3-43de-8811-1d0e6c2afdb0', '{"action":"token_refreshed","actor_id":"f8b78fb5-3dc5-41fc-b9df-84815aa0c130","actor_name":"Pol Gubau","actor_username":"gubaupol@gmail.com","actor_via_sso":false,"log_type":"token"}', '2025-10-03 11:12:36.785395+00', ''),
	('00000000-0000-0000-0000-000000000000', '5f92b389-7070-45b2-b403-c1395e968950', '{"action":"token_revoked","actor_id":"f8b78fb5-3dc5-41fc-b9df-84815aa0c130","actor_name":"Pol Gubau","actor_username":"gubaupol@gmail.com","actor_via_sso":false,"log_type":"token"}', '2025-10-03 11:12:36.796126+00', ''),
	('00000000-0000-0000-0000-000000000000', '0738e0f9-e36c-4572-9d4f-f9f87ecb80a1', '{"action":"logout","actor_id":"f8b78fb5-3dc5-41fc-b9df-84815aa0c130","actor_name":"Pol Gubau","actor_username":"gubaupol@gmail.com","actor_via_sso":false,"log_type":"account"}', '2025-10-03 11:12:40.49105+00', ''),
	('00000000-0000-0000-0000-000000000000', '9a019a1f-8e6e-40e7-88ab-7d94d804ec48', '{"action":"login","actor_id":"f8b78fb5-3dc5-41fc-b9df-84815aa0c130","actor_name":"Pol Gubau","actor_username":"gubaupol@gmail.com","actor_via_sso":false,"log_type":"account","traits":{"provider":"google"}}', '2025-10-03 11:12:45.634612+00', ''),
	('00000000-0000-0000-0000-000000000000', 'd2eb91eb-6cc7-4749-8714-330b17f5272a', '{"action":"login","actor_id":"f8b78fb5-3dc5-41fc-b9df-84815aa0c130","actor_name":"Pol Gubau","actor_username":"gubaupol@gmail.com","actor_via_sso":false,"log_type":"account","traits":{"provider":"google"}}', '2025-10-03 11:17:03.14097+00', ''),
	('00000000-0000-0000-0000-000000000000', 'bc3fa382-c8c5-43ce-8c02-b3f50cd42a23', '{"action":"login","actor_id":"f8b78fb5-3dc5-41fc-b9df-84815aa0c130","actor_name":"Pol Gubau","actor_username":"gubaupol@gmail.com","actor_via_sso":false,"log_type":"account","traits":{"provider":"google"}}', '2025-10-03 13:40:56.616877+00', ''),
	('00000000-0000-0000-0000-000000000000', 'de124b25-8351-4cee-b58f-955f77dff8fe', '{"action":"token_refreshed","actor_id":"f8b78fb5-3dc5-41fc-b9df-84815aa0c130","actor_name":"Pol Gubau","actor_username":"gubaupol@gmail.com","actor_via_sso":false,"log_type":"token"}', '2025-10-03 14:51:16.459637+00', ''),
	('00000000-0000-0000-0000-000000000000', 'e73ef7e8-9da5-46a2-b9d4-337aa27d87f8', '{"action":"token_revoked","actor_id":"f8b78fb5-3dc5-41fc-b9df-84815aa0c130","actor_name":"Pol Gubau","actor_username":"gubaupol@gmail.com","actor_via_sso":false,"log_type":"token"}', '2025-10-03 14:51:16.483896+00', ''),
	('00000000-0000-0000-0000-000000000000', 'd2d301d9-f76b-4559-8a4f-d941449adce5', '{"action":"login","actor_id":"f8b78fb5-3dc5-41fc-b9df-84815aa0c130","actor_name":"Pol Gubau","actor_username":"gubaupol@gmail.com","actor_via_sso":false,"log_type":"account","traits":{"provider":"google"}}', '2025-10-04 07:05:50.525305+00', ''),
	('00000000-0000-0000-0000-000000000000', '22cf3912-e302-4123-8413-a85f971aa2af', '{"action":"logout","actor_id":"f8b78fb5-3dc5-41fc-b9df-84815aa0c130","actor_name":"Pol Gubau","actor_username":"gubaupol@gmail.com","actor_via_sso":false,"log_type":"account"}', '2025-10-04 07:10:01.184435+00', ''),
	('00000000-0000-0000-0000-000000000000', 'dd03bb0c-9b20-40cd-a05c-4cc743b9bc7e', '{"action":"token_refreshed","actor_id":"90c3b1b3-8d9d-48c3-ba2b-de018ecf95d1","actor_name":"Lorenzo Federici","actor_username":"lorenzofederici98@gmail.com","actor_via_sso":false,"log_type":"token"}', '2025-10-04 13:53:25.418183+00', ''),
	('00000000-0000-0000-0000-000000000000', '6af8b31f-0ecd-4bfb-8d17-fecc79069698', '{"action":"token_revoked","actor_id":"90c3b1b3-8d9d-48c3-ba2b-de018ecf95d1","actor_name":"Lorenzo Federici","actor_username":"lorenzofederici98@gmail.com","actor_via_sso":false,"log_type":"token"}', '2025-10-04 13:53:25.440318+00', ''),
	('00000000-0000-0000-0000-000000000000', '3483342c-3897-4e40-b666-047c5408cfc0', '{"action":"token_refreshed","actor_id":"90c3b1b3-8d9d-48c3-ba2b-de018ecf95d1","actor_name":"Lorenzo Federici","actor_username":"lorenzofederici98@gmail.com","actor_via_sso":false,"log_type":"token"}', '2025-10-04 19:49:20.412817+00', ''),
	('00000000-0000-0000-0000-000000000000', '043077dd-63a3-4e1a-a29c-3ac8cc5aca6d', '{"action":"token_revoked","actor_id":"90c3b1b3-8d9d-48c3-ba2b-de018ecf95d1","actor_name":"Lorenzo Federici","actor_username":"lorenzofederici98@gmail.com","actor_via_sso":false,"log_type":"token"}', '2025-10-04 19:49:20.444988+00', ''),
	('00000000-0000-0000-0000-000000000000', '20b4313c-6a25-472c-bfc2-942b9731ff86', '{"action":"login","actor_id":"f8b78fb5-3dc5-41fc-b9df-84815aa0c130","actor_name":"Pol Gubau","actor_username":"gubaupol@gmail.com","actor_via_sso":false,"log_type":"account","traits":{"provider":"google"}}', '2025-10-06 18:42:15.847312+00', ''),
	('00000000-0000-0000-0000-000000000000', '1127f89f-e5b3-43bf-9bd0-1aa082d26430', '{"action":"login","actor_id":"90c3b1b3-8d9d-48c3-ba2b-de018ecf95d1","actor_name":"Lorenzo Federici","actor_username":"lorenzofederici98@gmail.com","actor_via_sso":false,"log_type":"account","traits":{"provider":"google"}}', '2025-10-09 02:57:17.94905+00', ''),
	('00000000-0000-0000-0000-000000000000', 'f7b7c1c1-a5fa-4b25-8153-c5d0747e127f', '{"action":"token_refreshed","actor_id":"90c3b1b3-8d9d-48c3-ba2b-de018ecf95d1","actor_name":"Lorenzo Federici","actor_username":"lorenzofederici98@gmail.com","actor_via_sso":false,"log_type":"token"}', '2025-10-09 13:56:48.362205+00', ''),
	('00000000-0000-0000-0000-000000000000', '615edd62-604b-4107-bc40-9f6ed8b29e13', '{"action":"token_revoked","actor_id":"90c3b1b3-8d9d-48c3-ba2b-de018ecf95d1","actor_name":"Lorenzo Federici","actor_username":"lorenzofederici98@gmail.com","actor_via_sso":false,"log_type":"token"}', '2025-10-09 13:56:48.38963+00', ''),
	('00000000-0000-0000-0000-000000000000', 'e0a5fbfe-cdfb-4aa2-8788-a6e6c9453d18', '{"action":"token_refreshed","actor_id":"90c3b1b3-8d9d-48c3-ba2b-de018ecf95d1","actor_name":"Lorenzo Federici","actor_username":"lorenzofederici98@gmail.com","actor_via_sso":false,"log_type":"token"}', '2025-10-11 03:33:59.974707+00', ''),
	('00000000-0000-0000-0000-000000000000', 'c3d9d5f2-951d-43a5-93c5-838509a1e53b', '{"action":"token_revoked","actor_id":"90c3b1b3-8d9d-48c3-ba2b-de018ecf95d1","actor_name":"Lorenzo Federici","actor_username":"lorenzofederici98@gmail.com","actor_via_sso":false,"log_type":"token"}', '2025-10-11 03:33:59.989547+00', ''),
	('00000000-0000-0000-0000-000000000000', 'd30ebb72-ef6c-4194-b2a5-c9183ac49467', '{"action":"token_refreshed","actor_id":"90c3b1b3-8d9d-48c3-ba2b-de018ecf95d1","actor_name":"Lorenzo Federici","actor_username":"lorenzofederici98@gmail.com","actor_via_sso":false,"log_type":"token"}', '2025-10-11 14:18:27.735344+00', ''),
	('00000000-0000-0000-0000-000000000000', 'e066a406-b35d-4788-b95b-8416f7a297c4', '{"action":"token_revoked","actor_id":"90c3b1b3-8d9d-48c3-ba2b-de018ecf95d1","actor_name":"Lorenzo Federici","actor_username":"lorenzofederici98@gmail.com","actor_via_sso":false,"log_type":"token"}', '2025-10-11 14:18:27.757866+00', ''),
	('00000000-0000-0000-0000-000000000000', '42b9595d-d7e5-4bfb-9a37-cf260312bc58', '{"action":"token_refreshed","actor_id":"90c3b1b3-8d9d-48c3-ba2b-de018ecf95d1","actor_name":"Lorenzo Federici","actor_username":"lorenzofederici98@gmail.com","actor_via_sso":false,"log_type":"token"}', '2025-10-12 02:09:10.260371+00', ''),
	('00000000-0000-0000-0000-000000000000', '58a4175e-b822-4f04-bd4e-a60be33e1389', '{"action":"token_revoked","actor_id":"90c3b1b3-8d9d-48c3-ba2b-de018ecf95d1","actor_name":"Lorenzo Federici","actor_username":"lorenzofederici98@gmail.com","actor_via_sso":false,"log_type":"token"}', '2025-10-12 02:09:10.287449+00', ''),
	('00000000-0000-0000-0000-000000000000', 'd7ceb785-d779-42b1-aa91-b08f2f4fc0f1', '{"action":"token_refreshed","actor_id":"90c3b1b3-8d9d-48c3-ba2b-de018ecf95d1","actor_name":"Lorenzo Federici","actor_username":"lorenzofederici98@gmail.com","actor_via_sso":false,"log_type":"token"}', '2025-10-12 11:04:52.093569+00', ''),
	('00000000-0000-0000-0000-000000000000', '812e9c02-8abc-4c55-a18f-eff2e7bb683a', '{"action":"token_revoked","actor_id":"90c3b1b3-8d9d-48c3-ba2b-de018ecf95d1","actor_name":"Lorenzo Federici","actor_username":"lorenzofederici98@gmail.com","actor_via_sso":false,"log_type":"token"}', '2025-10-12 11:04:52.11825+00', ''),
	('00000000-0000-0000-0000-000000000000', 'f574b45d-f82f-4208-8716-cd831cabad35', '{"action":"login","actor_id":"f8b78fb5-3dc5-41fc-b9df-84815aa0c130","actor_name":"Pol Gubau","actor_username":"gubaupol@gmail.com","actor_via_sso":false,"log_type":"account","traits":{"provider":"google"}}', '2025-10-12 14:17:46.043954+00', ''),
	('00000000-0000-0000-0000-000000000000', 'acc59df4-2294-4e27-98c0-6dd6766d31a2', '{"action":"token_refreshed","actor_id":"f8b78fb5-3dc5-41fc-b9df-84815aa0c130","actor_name":"Pol Gubau","actor_username":"gubaupol@gmail.com","actor_via_sso":false,"log_type":"token"}', '2025-10-13 00:09:36.208304+00', ''),
	('00000000-0000-0000-0000-000000000000', '58c5e91f-bcb9-4928-a851-47aad3e13490', '{"action":"token_revoked","actor_id":"f8b78fb5-3dc5-41fc-b9df-84815aa0c130","actor_name":"Pol Gubau","actor_username":"gubaupol@gmail.com","actor_via_sso":false,"log_type":"token"}', '2025-10-13 00:09:36.231727+00', ''),
	('00000000-0000-0000-0000-000000000000', '8f8969ab-768f-4415-bb70-aa03c7470d09', '{"action":"token_refreshed","actor_id":"f8b78fb5-3dc5-41fc-b9df-84815aa0c130","actor_name":"Pol Gubau","actor_username":"gubaupol@gmail.com","actor_via_sso":false,"log_type":"token"}', '2025-10-14 15:17:12.738764+00', ''),
	('00000000-0000-0000-0000-000000000000', '1cff6c46-a048-4866-a400-e45a9fcf14f3', '{"action":"token_revoked","actor_id":"f8b78fb5-3dc5-41fc-b9df-84815aa0c130","actor_name":"Pol Gubau","actor_username":"gubaupol@gmail.com","actor_via_sso":false,"log_type":"token"}', '2025-10-14 15:17:12.76057+00', ''),
	('00000000-0000-0000-0000-000000000000', '9d900e96-9ce8-48a9-995f-61c3b0fa6008', '{"action":"token_refreshed","actor_id":"f8b78fb5-3dc5-41fc-b9df-84815aa0c130","actor_name":"Pol Gubau","actor_username":"gubaupol@gmail.com","actor_via_sso":false,"log_type":"token"}', '2025-10-14 15:18:27.924008+00', ''),
	('00000000-0000-0000-0000-000000000000', 'fb358a57-ad5a-4efe-b4d5-af854b598663', '{"action":"token_revoked","actor_id":"f8b78fb5-3dc5-41fc-b9df-84815aa0c130","actor_name":"Pol Gubau","actor_username":"gubaupol@gmail.com","actor_via_sso":false,"log_type":"token"}', '2025-10-14 15:18:27.925057+00', ''),
	('00000000-0000-0000-0000-000000000000', '237a16b0-dd36-4ec7-a73b-d223b4103bc9', '{"action":"token_refreshed","actor_id":"90c3b1b3-8d9d-48c3-ba2b-de018ecf95d1","actor_name":"Lorenzo Federici","actor_username":"lorenzofederici98@gmail.com","actor_via_sso":false,"log_type":"token"}', '2025-10-14 15:18:34.009619+00', ''),
	('00000000-0000-0000-0000-000000000000', 'e11089fd-b75f-4a0c-8764-84928fde286b', '{"action":"token_revoked","actor_id":"90c3b1b3-8d9d-48c3-ba2b-de018ecf95d1","actor_name":"Lorenzo Federici","actor_username":"lorenzofederici98@gmail.com","actor_via_sso":false,"log_type":"token"}', '2025-10-14 15:18:34.010335+00', ''),
	('00000000-0000-0000-0000-000000000000', '5e38b183-b1f2-482d-a70d-6496eb552cd4', '{"action":"token_refreshed","actor_id":"90c3b1b3-8d9d-48c3-ba2b-de018ecf95d1","actor_name":"Lorenzo Federici","actor_username":"lorenzofederici98@gmail.com","actor_via_sso":false,"log_type":"token"}', '2025-10-14 15:19:53.850023+00', ''),
	('00000000-0000-0000-0000-000000000000', '800d59e2-3b55-4948-9fd2-3cff81e0fb51', '{"action":"token_revoked","actor_id":"90c3b1b3-8d9d-48c3-ba2b-de018ecf95d1","actor_name":"Lorenzo Federici","actor_username":"lorenzofederici98@gmail.com","actor_via_sso":false,"log_type":"token"}', '2025-10-14 15:19:53.850745+00', ''),
	('00000000-0000-0000-0000-000000000000', '2c9be808-6c35-48ae-8679-e1d37ae904b9', '{"action":"logout","actor_id":"f8b78fb5-3dc5-41fc-b9df-84815aa0c130","actor_name":"Pol Gubau","actor_username":"gubaupol@gmail.com","actor_via_sso":false,"log_type":"account"}', '2025-10-14 15:30:39.469404+00', ''),
	('00000000-0000-0000-0000-000000000000', '4710c72c-c671-477b-a405-f9fc363e399f', '{"action":"user_signedup","actor_id":"ba148caa-056f-44f4-9061-5cdd75232206","actor_name":"bakup pol","actor_username":"polbakup@gmail.com","actor_via_sso":false,"log_type":"team","traits":{"provider":"google"}}', '2025-10-14 15:30:54.666021+00', ''),
	('00000000-0000-0000-0000-000000000000', '50cf8fac-2d44-4dbf-a3b3-a5546a5bf471', '{"action":"logout","actor_id":"ba148caa-056f-44f4-9061-5cdd75232206","actor_name":"bakup pol","actor_username":"polbakup@gmail.com","actor_via_sso":false,"log_type":"account"}', '2025-10-14 15:32:21.144615+00', ''),
	('00000000-0000-0000-0000-000000000000', '7fe733e9-dd77-4a16-b4e1-95d8443b99f5', '{"action":"login","actor_id":"f8b78fb5-3dc5-41fc-b9df-84815aa0c130","actor_name":"Pol Gubau","actor_username":"gubaupol@gmail.com","actor_via_sso":false,"log_type":"account","traits":{"provider":"google"}}', '2025-10-14 15:32:45.911581+00', ''),
	('00000000-0000-0000-0000-000000000000', '4c4fd43c-f735-4f10-bbba-0e6394a5d303', '{"action":"logout","actor_id":"f8b78fb5-3dc5-41fc-b9df-84815aa0c130","actor_name":"Pol Gubau","actor_username":"gubaupol@gmail.com","actor_via_sso":false,"log_type":"account"}', '2025-10-14 15:33:08.368371+00', ''),
	('00000000-0000-0000-0000-000000000000', 'aba9caf0-ed03-4b48-932f-e113ef3f3f5f', '{"action":"login","actor_id":"f8b78fb5-3dc5-41fc-b9df-84815aa0c130","actor_name":"Pol Gubau","actor_username":"gubaupol@gmail.com","actor_via_sso":false,"log_type":"account","traits":{"provider":"google"}}', '2025-10-14 15:34:24.798664+00', ''),
	('00000000-0000-0000-0000-000000000000', '51e6af2a-f6c7-46a5-8484-3cb47376eb2c', '{"action":"login","actor_id":"f8b78fb5-3dc5-41fc-b9df-84815aa0c130","actor_name":"Pol Gubau","actor_username":"gubaupol@gmail.com","actor_via_sso":false,"log_type":"account","traits":{"provider":"google"}}', '2025-10-14 16:00:04.61781+00', ''),
	('00000000-0000-0000-0000-000000000000', '21047f2f-a2f6-4149-827d-cbd66c1224d3', '{"action":"token_refreshed","actor_id":"90c3b1b3-8d9d-48c3-ba2b-de018ecf95d1","actor_name":"Lorenzo Federici","actor_username":"lorenzofederici98@gmail.com","actor_via_sso":false,"log_type":"token"}', '2025-10-14 16:26:28.514472+00', ''),
	('00000000-0000-0000-0000-000000000000', '65ff94be-1543-41cb-aee9-d42a4cf70a53', '{"action":"token_revoked","actor_id":"90c3b1b3-8d9d-48c3-ba2b-de018ecf95d1","actor_name":"Lorenzo Federici","actor_username":"lorenzofederici98@gmail.com","actor_via_sso":false,"log_type":"token"}', '2025-10-14 16:26:28.529758+00', ''),
	('00000000-0000-0000-0000-000000000000', 'a0ae6963-e487-415d-9f4a-854e3ff8304c', '{"action":"token_refreshed","actor_id":"90c3b1b3-8d9d-48c3-ba2b-de018ecf95d1","actor_name":"Lorenzo Federici","actor_username":"lorenzofederici98@gmail.com","actor_via_sso":false,"log_type":"token"}', '2025-10-15 03:23:31.59486+00', ''),
	('00000000-0000-0000-0000-000000000000', '62179252-b4c8-4380-bb96-4b053dc853e9', '{"action":"token_revoked","actor_id":"90c3b1b3-8d9d-48c3-ba2b-de018ecf95d1","actor_name":"Lorenzo Federici","actor_username":"lorenzofederici98@gmail.com","actor_via_sso":false,"log_type":"token"}', '2025-10-15 03:23:31.621035+00', ''),
	('00000000-0000-0000-0000-000000000000', '81d696c6-9907-450e-b742-b3c16afa1c1f', '{"action":"login","actor_id":"f8b78fb5-3dc5-41fc-b9df-84815aa0c130","actor_name":"Pol Gubau","actor_username":"gubaupol@gmail.com","actor_via_sso":false,"log_type":"account","traits":{"provider":"google"}}', '2025-10-15 09:16:53.08359+00', ''),
	('00000000-0000-0000-0000-000000000000', 'e53a37e2-f2ad-43f2-8416-1bd5875162d1', '{"action":"token_refreshed","actor_id":"90c3b1b3-8d9d-48c3-ba2b-de018ecf95d1","actor_name":"Lorenzo Federici","actor_username":"lorenzofederici98@gmail.com","actor_via_sso":false,"log_type":"token"}', '2025-10-16 12:30:25.279295+00', ''),
	('00000000-0000-0000-0000-000000000000', '212eb11a-ae1b-4feb-b217-e2d5c430f48c', '{"action":"token_revoked","actor_id":"90c3b1b3-8d9d-48c3-ba2b-de018ecf95d1","actor_name":"Lorenzo Federici","actor_username":"lorenzofederici98@gmail.com","actor_via_sso":false,"log_type":"token"}', '2025-10-16 12:30:25.30737+00', ''),
	('00000000-0000-0000-0000-000000000000', '3df1b04f-aaf1-4be9-9c8e-6f972303de88', '{"action":"token_refreshed","actor_id":"90c3b1b3-8d9d-48c3-ba2b-de018ecf95d1","actor_name":"Lorenzo Federici","actor_username":"lorenzofederici98@gmail.com","actor_via_sso":false,"log_type":"token"}', '2025-10-16 14:44:56.552067+00', ''),
	('00000000-0000-0000-0000-000000000000', '09b0d3e0-18e8-4371-b7bc-f41a79d3b134', '{"action":"token_revoked","actor_id":"90c3b1b3-8d9d-48c3-ba2b-de018ecf95d1","actor_name":"Lorenzo Federici","actor_username":"lorenzofederici98@gmail.com","actor_via_sso":false,"log_type":"token"}', '2025-10-16 14:44:56.567098+00', ''),
	('00000000-0000-0000-0000-000000000000', 'e105513b-2dc8-462c-88f1-200251856f65', '{"action":"login","actor_id":"f8b78fb5-3dc5-41fc-b9df-84815aa0c130","actor_name":"Pol Gubau","actor_username":"gubaupol@gmail.com","actor_via_sso":false,"log_type":"account","traits":{"provider":"google"}}', '2025-10-18 14:09:21.81257+00', ''),
	('00000000-0000-0000-0000-000000000000', 'f1574f06-6845-445f-ae16-4c10f3ff6eda', '{"action":"login","actor_id":"f8b78fb5-3dc5-41fc-b9df-84815aa0c130","actor_name":"Pol Gubau","actor_username":"gubaupol@gmail.com","actor_via_sso":false,"log_type":"account","traits":{"provider":"google"}}', '2025-10-18 14:53:33.049161+00', ''),
	('00000000-0000-0000-0000-000000000000', '74560905-4d57-4738-b3f6-ef7dc13f7efc', '{"action":"token_refreshed","actor_id":"90c3b1b3-8d9d-48c3-ba2b-de018ecf95d1","actor_name":"Lorenzo Federici","actor_username":"lorenzofederici98@gmail.com","actor_via_sso":false,"log_type":"token"}', '2025-10-18 15:12:46.638505+00', ''),
	('00000000-0000-0000-0000-000000000000', '6537f8bb-59b8-4dfa-a565-357658a7eb7a', '{"action":"token_revoked","actor_id":"90c3b1b3-8d9d-48c3-ba2b-de018ecf95d1","actor_name":"Lorenzo Federici","actor_username":"lorenzofederici98@gmail.com","actor_via_sso":false,"log_type":"token"}', '2025-10-18 15:12:46.649374+00', ''),
	('00000000-0000-0000-0000-000000000000', '14bdd25f-cf0b-4977-b4a3-3fcb4ec38cad', '{"action":"token_refreshed","actor_id":"f8b78fb5-3dc5-41fc-b9df-84815aa0c130","actor_name":"Pol Gubau","actor_username":"gubaupol@gmail.com","actor_via_sso":false,"log_type":"token"}', '2025-10-18 16:18:27.266832+00', ''),
	('00000000-0000-0000-0000-000000000000', '75dede20-e1c5-4a39-8eea-3cd79903b610', '{"action":"token_revoked","actor_id":"f8b78fb5-3dc5-41fc-b9df-84815aa0c130","actor_name":"Pol Gubau","actor_username":"gubaupol@gmail.com","actor_via_sso":false,"log_type":"token"}', '2025-10-18 16:18:27.278784+00', ''),
	('00000000-0000-0000-0000-000000000000', '8f5502c8-a2e3-466d-a1fa-5f318ad2623f', '{"action":"token_refreshed","actor_id":"f8b78fb5-3dc5-41fc-b9df-84815aa0c130","actor_name":"Pol Gubau","actor_username":"gubaupol@gmail.com","actor_via_sso":false,"log_type":"token"}', '2025-10-18 17:45:15.728664+00', ''),
	('00000000-0000-0000-0000-000000000000', '71499b5c-ebff-4284-8051-518542000c6c', '{"action":"token_revoked","actor_id":"f8b78fb5-3dc5-41fc-b9df-84815aa0c130","actor_name":"Pol Gubau","actor_username":"gubaupol@gmail.com","actor_via_sso":false,"log_type":"token"}', '2025-10-18 17:45:15.752267+00', ''),
	('00000000-0000-0000-0000-000000000000', '17bb8dda-400e-4047-b4aa-1477a1a703d0', '{"action":"token_refreshed","actor_id":"90c3b1b3-8d9d-48c3-ba2b-de018ecf95d1","actor_name":"Lorenzo Federici","actor_username":"lorenzofederici98@gmail.com","actor_via_sso":false,"log_type":"token"}', '2025-10-20 09:52:21.22214+00', ''),
	('00000000-0000-0000-0000-000000000000', '267faa15-dee4-4e9b-8e86-c3f0a6da299c', '{"action":"token_revoked","actor_id":"90c3b1b3-8d9d-48c3-ba2b-de018ecf95d1","actor_name":"Lorenzo Federici","actor_username":"lorenzofederici98@gmail.com","actor_via_sso":false,"log_type":"token"}', '2025-10-20 09:52:21.25032+00', ''),
	('00000000-0000-0000-0000-000000000000', '91cbcdc2-06a2-4965-9002-9925607c7c76', '{"action":"user_signedup","actor_id":"64e1a945-5f0a-4200-b067-202540ea75a5","actor_name":"James Archidona","actor_username":"jamesarchibal@gmail.com","actor_via_sso":false,"log_type":"team","traits":{"provider":"google"}}', '2025-10-20 09:54:53.810499+00', ''),
	('00000000-0000-0000-0000-000000000000', 'e1a858c6-af97-4ef7-a7ca-9f14e4318310', '{"action":"token_refreshed","actor_id":"64e1a945-5f0a-4200-b067-202540ea75a5","actor_name":"James Archidona","actor_username":"jamesarchibal@gmail.com","actor_via_sso":false,"log_type":"token"}', '2025-10-20 12:21:55.707735+00', ''),
	('00000000-0000-0000-0000-000000000000', 'e15c6e62-6eaa-494d-a24a-50dc94ea6a92', '{"action":"token_revoked","actor_id":"64e1a945-5f0a-4200-b067-202540ea75a5","actor_name":"James Archidona","actor_username":"jamesarchibal@gmail.com","actor_via_sso":false,"log_type":"token"}', '2025-10-20 12:21:55.72133+00', ''),
	('00000000-0000-0000-0000-000000000000', '87fb7663-b67f-4f79-b593-8a24bfc77fed', '{"action":"token_refreshed","actor_id":"f8b78fb5-3dc5-41fc-b9df-84815aa0c130","actor_name":"Pol Gubau","actor_username":"gubaupol@gmail.com","actor_via_sso":false,"log_type":"token"}', '2025-10-20 15:48:15.696745+00', ''),
	('00000000-0000-0000-0000-000000000000', '73a118aa-811d-470a-a81b-7d5940d643c8', '{"action":"token_revoked","actor_id":"f8b78fb5-3dc5-41fc-b9df-84815aa0c130","actor_name":"Pol Gubau","actor_username":"gubaupol@gmail.com","actor_via_sso":false,"log_type":"token"}', '2025-10-20 15:48:15.711269+00', ''),
	('00000000-0000-0000-0000-000000000000', '2b1b1bb5-5f5d-4d05-b9f3-284ee13b8aa8', '{"action":"token_refreshed","actor_id":"90c3b1b3-8d9d-48c3-ba2b-de018ecf95d1","actor_name":"Lorenzo Federici","actor_username":"lorenzofederici98@gmail.com","actor_via_sso":false,"log_type":"token"}', '2025-10-20 20:23:54.641944+00', ''),
	('00000000-0000-0000-0000-000000000000', 'f8b09867-f5d3-4ffa-ad88-80d233aadbbb', '{"action":"token_revoked","actor_id":"90c3b1b3-8d9d-48c3-ba2b-de018ecf95d1","actor_name":"Lorenzo Federici","actor_username":"lorenzofederici98@gmail.com","actor_via_sso":false,"log_type":"token"}', '2025-10-20 20:23:54.661616+00', ''),
	('00000000-0000-0000-0000-000000000000', '87f5b7fd-173d-44ce-a785-fed10fdbfae5', '{"action":"token_refreshed","actor_id":"90c3b1b3-8d9d-48c3-ba2b-de018ecf95d1","actor_name":"Lorenzo Federici","actor_username":"lorenzofederici98@gmail.com","actor_via_sso":false,"log_type":"token"}', '2025-10-22 06:40:20.127168+00', ''),
	('00000000-0000-0000-0000-000000000000', '3419e7ff-3923-40d5-8748-da803361c02d', '{"action":"token_revoked","actor_id":"90c3b1b3-8d9d-48c3-ba2b-de018ecf95d1","actor_name":"Lorenzo Federici","actor_username":"lorenzofederici98@gmail.com","actor_via_sso":false,"log_type":"token"}', '2025-10-22 06:40:20.155214+00', ''),
	('00000000-0000-0000-0000-000000000000', '08aec4ab-cb05-4714-8389-8690c50c1a04', '{"action":"token_refreshed","actor_id":"90c3b1b3-8d9d-48c3-ba2b-de018ecf95d1","actor_name":"Lorenzo Federici","actor_username":"lorenzofederici98@gmail.com","actor_via_sso":false,"log_type":"token"}', '2025-10-23 01:15:32.131371+00', ''),
	('00000000-0000-0000-0000-000000000000', '08d55334-ea1c-42bb-8a49-c44e7450a35a', '{"action":"token_revoked","actor_id":"90c3b1b3-8d9d-48c3-ba2b-de018ecf95d1","actor_name":"Lorenzo Federici","actor_username":"lorenzofederici98@gmail.com","actor_via_sso":false,"log_type":"token"}', '2025-10-23 01:15:32.155347+00', ''),
	('00000000-0000-0000-0000-000000000000', '7254f182-fbdd-4c1b-90d9-e85d4d672e8e', '{"action":"token_refreshed","actor_id":"90c3b1b3-8d9d-48c3-ba2b-de018ecf95d1","actor_name":"Lorenzo Federici","actor_username":"lorenzofederici98@gmail.com","actor_via_sso":false,"log_type":"token"}', '2025-10-23 02:27:20.171767+00', ''),
	('00000000-0000-0000-0000-000000000000', 'a52bdf27-8465-4625-bc5e-48ce438f93d2', '{"action":"token_revoked","actor_id":"90c3b1b3-8d9d-48c3-ba2b-de018ecf95d1","actor_name":"Lorenzo Federici","actor_username":"lorenzofederici98@gmail.com","actor_via_sso":false,"log_type":"token"}', '2025-10-23 02:27:20.185303+00', ''),
	('00000000-0000-0000-0000-000000000000', '3937542b-6dfc-42f2-9d82-51efbdb3c12d', '{"action":"token_refreshed","actor_id":"90c3b1b3-8d9d-48c3-ba2b-de018ecf95d1","actor_name":"Lorenzo Federici","actor_username":"lorenzofederici98@gmail.com","actor_via_sso":false,"log_type":"token"}', '2025-10-23 08:58:28.559859+00', ''),
	('00000000-0000-0000-0000-000000000000', '9c36586b-f754-43e7-82c0-89ccad790c7e', '{"action":"token_revoked","actor_id":"90c3b1b3-8d9d-48c3-ba2b-de018ecf95d1","actor_name":"Lorenzo Federici","actor_username":"lorenzofederici98@gmail.com","actor_via_sso":false,"log_type":"token"}', '2025-10-23 08:58:28.57696+00', ''),
	('00000000-0000-0000-0000-000000000000', '045bda87-b2a8-4f4e-9b6f-32d17676c0cb', '{"action":"token_refreshed","actor_id":"f8b78fb5-3dc5-41fc-b9df-84815aa0c130","actor_name":"Pol Gubau","actor_username":"gubaupol@gmail.com","actor_via_sso":false,"log_type":"token"}', '2025-10-24 15:53:20.083069+00', ''),
	('00000000-0000-0000-0000-000000000000', '8e172c8c-fe35-43e5-9359-1077c291d3bc', '{"action":"token_revoked","actor_id":"f8b78fb5-3dc5-41fc-b9df-84815aa0c130","actor_name":"Pol Gubau","actor_username":"gubaupol@gmail.com","actor_via_sso":false,"log_type":"token"}', '2025-10-24 15:53:20.112842+00', ''),
	('00000000-0000-0000-0000-000000000000', '90980624-9ca3-447c-b86a-09c2788eb327', '{"action":"token_refreshed","actor_id":"f8b78fb5-3dc5-41fc-b9df-84815aa0c130","actor_name":"Pol Gubau","actor_username":"gubaupol@gmail.com","actor_via_sso":false,"log_type":"token"}', '2025-10-25 11:18:47.941255+00', ''),
	('00000000-0000-0000-0000-000000000000', '1e49e48e-c979-4a8f-a4d1-a1ed38eca24c', '{"action":"token_revoked","actor_id":"f8b78fb5-3dc5-41fc-b9df-84815aa0c130","actor_name":"Pol Gubau","actor_username":"gubaupol@gmail.com","actor_via_sso":false,"log_type":"token"}', '2025-10-25 11:18:47.967184+00', '');


--
-- Data for Name: flow_state; Type: TABLE DATA; Schema: auth; Owner: supabase_auth_admin
--



--
-- Data for Name: users; Type: TABLE DATA; Schema: auth; Owner: supabase_auth_admin
--

INSERT INTO "auth"."users" ("instance_id", "id", "aud", "role", "email", "encrypted_password", "email_confirmed_at", "invited_at", "confirmation_token", "confirmation_sent_at", "recovery_token", "recovery_sent_at", "email_change_token_new", "email_change", "email_change_sent_at", "last_sign_in_at", "raw_app_meta_data", "raw_user_meta_data", "is_super_admin", "created_at", "updated_at", "phone", "phone_confirmed_at", "phone_change", "phone_change_token", "phone_change_sent_at", "email_change_token_current", "email_change_confirm_status", "banned_until", "reauthentication_token", "reauthentication_sent_at", "is_sso_user", "deleted_at", "is_anonymous") VALUES
	('00000000-0000-0000-0000-000000000000', 'f8b78fb5-3dc5-41fc-b9df-84815aa0c130', 'authenticated', 'authenticated', 'gubaupol@gmail.com', NULL, '2025-08-30 11:06:48.892615+00', NULL, '', NULL, '', NULL, '', '', NULL, '2025-10-18 14:53:33.058761+00', '{"provider": "google", "providers": ["google"]}', '{"iss": "https://accounts.google.com", "sub": "107819430557670836156", "name": "Pol Gubau", "email": "gubaupol@gmail.com", "picture": "https://lh3.googleusercontent.com/a/ACg8ocLS0Na8NuuV-0TP3juNhRoQzIx8RuIIn-bwJqYdzjcnLk6HtpWcbg=s96-c", "full_name": "Pol Gubau", "avatar_url": "https://lh3.googleusercontent.com/a/ACg8ocLS0Na8NuuV-0TP3juNhRoQzIx8RuIIn-bwJqYdzjcnLk6HtpWcbg=s96-c", "provider_id": "107819430557670836156", "email_verified": true, "phone_verified": false}', NULL, '2025-08-30 11:06:48.874527+00', '2025-10-25 11:18:48.012395+00', NULL, NULL, '', '', NULL, '', 0, NULL, '', NULL, false, NULL, false),
	('00000000-0000-0000-0000-000000000000', '52dd4a12-ec1c-418c-b1f8-4fa12003df11', 'authenticated', 'authenticated', 'mariaroges6@gmail.com', '$2a$10$lPU6LAL95704Cfz8tKqBx.MOPcH4VHEh8VvAlrpmsxs/aCFRS6ffS', '2025-09-01 09:33:46.671757+00', NULL, '', '2025-09-01 09:31:23.607413+00', '', NULL, '', '', NULL, '2025-09-01 09:33:46.678337+00', '{"provider": "email", "providers": ["email"]}', '{"sub": "52dd4a12-ec1c-418c-b1f8-4fa12003df11", "email": "mariaroges6@gmail.com", "email_verified": true, "phone_verified": false}', NULL, '2025-09-01 09:31:23.588167+00', '2025-09-01 09:33:46.694345+00', NULL, NULL, '', '', NULL, '', 0, NULL, '', NULL, false, NULL, false),
	('00000000-0000-0000-0000-000000000000', 'ba148caa-056f-44f4-9061-5cdd75232206', 'authenticated', 'authenticated', 'polbakup@gmail.com', NULL, '2025-10-14 15:30:54.666922+00', NULL, '', NULL, '', NULL, '', '', NULL, '2025-10-14 15:30:54.676452+00', '{"provider": "google", "providers": ["google"]}', '{"iss": "https://accounts.google.com", "sub": "114729118868863315395", "name": "bakup pol", "email": "polbakup@gmail.com", "picture": "https://lh3.googleusercontent.com/a/ACg8ocJDzr3Z9wprxur0aAzehWtLMgIvVJrqeivfFvIe1_PXG9khvQ=s96-c", "full_name": "bakup pol", "avatar_url": "https://lh3.googleusercontent.com/a/ACg8ocJDzr3Z9wprxur0aAzehWtLMgIvVJrqeivfFvIe1_PXG9khvQ=s96-c", "provider_id": "114729118868863315395", "email_verified": true, "phone_verified": false}', NULL, '2025-10-14 15:30:54.627+00', '2025-10-14 15:30:54.692384+00', NULL, NULL, '', '', NULL, '', 0, NULL, '', NULL, false, NULL, false),
	('00000000-0000-0000-0000-000000000000', '90c3b1b3-8d9d-48c3-ba2b-de018ecf95d1', 'authenticated', 'authenticated', 'lorenzofederici98@gmail.com', NULL, '2025-09-04 02:49:54.112888+00', NULL, '', NULL, '', NULL, '', '', NULL, '2025-10-09 02:57:17.968478+00', '{"provider": "google", "providers": ["google"]}', '{"iss": "https://accounts.google.com", "sub": "108570553548005733637", "name": "Lorenzo Federici", "email": "lorenzofederici98@gmail.com", "picture": "https://lh3.googleusercontent.com/a/ACg8ocLMs3YE_Sm1MfrgRdD-R3q3oDYL2dOT_phb_6qLLU9nWiD0-u9i=s96-c", "full_name": "Lorenzo Federici", "avatar_url": "https://lh3.googleusercontent.com/a/ACg8ocLMs3YE_Sm1MfrgRdD-R3q3oDYL2dOT_phb_6qLLU9nWiD0-u9i=s96-c", "provider_id": "108570553548005733637", "email_verified": true, "phone_verified": false}', NULL, '2025-09-04 02:49:54.024307+00', '2025-10-23 08:58:28.613055+00', NULL, NULL, '', '', NULL, '', 0, NULL, '', NULL, false, NULL, false),
	('00000000-0000-0000-0000-000000000000', '64e1a945-5f0a-4200-b067-202540ea75a5', 'authenticated', 'authenticated', 'jamesarchibal@gmail.com', NULL, '2025-10-20 09:54:53.813695+00', NULL, '', NULL, '', NULL, '', '', NULL, '2025-10-20 09:54:53.822907+00', '{"provider": "google", "providers": ["google"]}', '{"iss": "https://accounts.google.com", "sub": "106070369482407675401", "name": "James Archidona", "email": "jamesarchibal@gmail.com", "picture": "https://lh3.googleusercontent.com/a/ACg8ocIgaJEuFKCq5HiSwGqRVd77T6SlNrPEeuOzRXjvFcR1e3ooFOpN=s96-c", "full_name": "James Archidona", "avatar_url": "https://lh3.googleusercontent.com/a/ACg8ocIgaJEuFKCq5HiSwGqRVd77T6SlNrPEeuOzRXjvFcR1e3ooFOpN=s96-c", "provider_id": "106070369482407675401", "email_verified": true, "phone_verified": false}', NULL, '2025-10-20 09:54:53.768653+00', '2025-10-20 12:21:55.750845+00', NULL, NULL, '', '', NULL, '', 0, NULL, '', NULL, false, NULL, false);


--
-- Data for Name: identities; Type: TABLE DATA; Schema: auth; Owner: supabase_auth_admin
--

INSERT INTO "auth"."identities" ("provider_id", "user_id", "identity_data", "provider", "last_sign_in_at", "created_at", "updated_at", "id") VALUES
	('114729118868863315395', 'ba148caa-056f-44f4-9061-5cdd75232206', '{"iss": "https://accounts.google.com", "sub": "114729118868863315395", "name": "bakup pol", "email": "polbakup@gmail.com", "picture": "https://lh3.googleusercontent.com/a/ACg8ocJDzr3Z9wprxur0aAzehWtLMgIvVJrqeivfFvIe1_PXG9khvQ=s96-c", "full_name": "bakup pol", "avatar_url": "https://lh3.googleusercontent.com/a/ACg8ocJDzr3Z9wprxur0aAzehWtLMgIvVJrqeivfFvIe1_PXG9khvQ=s96-c", "provider_id": "114729118868863315395", "email_verified": true, "phone_verified": false}', 'google', '2025-10-14 15:30:54.661108+00', '2025-10-14 15:30:54.661163+00', '2025-10-14 15:30:54.661163+00', '479df438-0b43-460f-bde8-32f02bd0b03b'),
	('52dd4a12-ec1c-418c-b1f8-4fa12003df11', '52dd4a12-ec1c-418c-b1f8-4fa12003df11', '{"sub": "52dd4a12-ec1c-418c-b1f8-4fa12003df11", "email": "mariaroges6@gmail.com", "email_verified": true, "phone_verified": false}', 'email', '2025-09-01 09:31:23.597389+00', '2025-09-01 09:31:23.59744+00', '2025-09-01 09:31:23.59744+00', '23ae091d-7aa9-4327-bee6-e5f1a9b22a31'),
	('107819430557670836156', 'f8b78fb5-3dc5-41fc-b9df-84815aa0c130', '{"iss": "https://accounts.google.com", "sub": "107819430557670836156", "name": "Pol Gubau", "email": "gubaupol@gmail.com", "picture": "https://lh3.googleusercontent.com/a/ACg8ocLS0Na8NuuV-0TP3juNhRoQzIx8RuIIn-bwJqYdzjcnLk6HtpWcbg=s96-c", "full_name": "Pol Gubau", "avatar_url": "https://lh3.googleusercontent.com/a/ACg8ocLS0Na8NuuV-0TP3juNhRoQzIx8RuIIn-bwJqYdzjcnLk6HtpWcbg=s96-c", "provider_id": "107819430557670836156", "email_verified": true, "phone_verified": false}', 'google', '2025-08-30 11:06:48.886236+00', '2025-08-30 11:06:48.886875+00', '2025-10-18 14:53:33.03617+00', '92d8e524-665c-4496-be3a-d1f80f4a8421'),
	('106070369482407675401', '64e1a945-5f0a-4200-b067-202540ea75a5', '{"iss": "https://accounts.google.com", "sub": "106070369482407675401", "name": "James Archidona", "email": "jamesarchibal@gmail.com", "picture": "https://lh3.googleusercontent.com/a/ACg8ocIgaJEuFKCq5HiSwGqRVd77T6SlNrPEeuOzRXjvFcR1e3ooFOpN=s96-c", "full_name": "James Archidona", "avatar_url": "https://lh3.googleusercontent.com/a/ACg8ocIgaJEuFKCq5HiSwGqRVd77T6SlNrPEeuOzRXjvFcR1e3ooFOpN=s96-c", "provider_id": "106070369482407675401", "email_verified": true, "phone_verified": false}', 'google', '2025-10-20 09:54:53.802957+00', '2025-10-20 09:54:53.80301+00', '2025-10-20 09:54:53.80301+00', '09f28a3c-8bca-478c-8752-a8f74bc5cb38'),
	('108570553548005733637', '90c3b1b3-8d9d-48c3-ba2b-de018ecf95d1', '{"iss": "https://accounts.google.com", "sub": "108570553548005733637", "name": "Lorenzo Federici", "email": "lorenzofederici98@gmail.com", "picture": "https://lh3.googleusercontent.com/a/ACg8ocLMs3YE_Sm1MfrgRdD-R3q3oDYL2dOT_phb_6qLLU9nWiD0-u9i=s96-c", "full_name": "Lorenzo Federici", "avatar_url": "https://lh3.googleusercontent.com/a/ACg8ocLMs3YE_Sm1MfrgRdD-R3q3oDYL2dOT_phb_6qLLU9nWiD0-u9i=s96-c", "provider_id": "108570553548005733637", "email_verified": true, "phone_verified": false}', 'google', '2025-09-04 02:49:54.096839+00', '2025-09-04 02:49:54.096896+00', '2025-10-09 02:57:17.912612+00', '5284e9e7-1ddb-407c-8af6-29721802683d');


--
-- Data for Name: instances; Type: TABLE DATA; Schema: auth; Owner: supabase_auth_admin
--



--
-- Data for Name: oauth_clients; Type: TABLE DATA; Schema: auth; Owner: supabase_auth_admin
--



--
-- Data for Name: sessions; Type: TABLE DATA; Schema: auth; Owner: supabase_auth_admin
--

INSERT INTO "auth"."sessions" ("id", "user_id", "created_at", "updated_at", "factor_id", "aal", "not_after", "refreshed_at", "user_agent", "ip", "tag", "oauth_client_id", "refresh_token_hmac_key", "refresh_token_counter") VALUES
	('d36befaa-a191-4ac4-8d69-8d9fcbb3df93', '90c3b1b3-8d9d-48c3-ba2b-de018ecf95d1', '2025-09-04 02:49:54.123445+00', '2025-10-23 08:58:28.628974+00', NULL, 'aal1', NULL, '2025-10-23 08:58:28.627078', 'Mozilla/5.0 (Linux; Android 10; K) AppleWebKit/537.36 (KHTML, like Gecko) Chrome/141.0.0.0 Mobile Safari/537.36', '37.223.66.101', NULL, NULL, NULL, NULL),
	('a9557558-c41c-4a9d-828a-e2c585899af1', '52dd4a12-ec1c-418c-b1f8-4fa12003df11', '2025-09-01 09:33:46.678409+00', '2025-09-01 09:33:46.678409+00', NULL, 'aal1', NULL, NULL, 'Mozilla/5.0 (Linux; Android 10; K) AppleWebKit/537.36 (KHTML, like Gecko) SamsungBrowser/28.0 Chrome/130.0.0.0 Mobile Safari/537.36', '77.209.27.212', NULL, NULL, NULL, NULL),
	('be1b4a0c-c956-4521-8b78-563cd366dea3', 'f8b78fb5-3dc5-41fc-b9df-84815aa0c130', '2025-10-14 16:00:04.621953+00', '2025-10-25 11:18:48.027468+00', NULL, 'aal1', NULL, '2025-10-25 11:18:48.027372', 'Mozilla/5.0 (Linux; Android 10; K) AppleWebKit/537.36 (KHTML, like Gecko) Chrome/141.0.0.0 Mobile Safari/537.36', '37.29.189.39', NULL, NULL, NULL, NULL),
	('58989bb0-efd1-4292-89b4-5993affcc6eb', 'f8b78fb5-3dc5-41fc-b9df-84815aa0c130', '2025-10-14 15:34:24.800854+00', '2025-10-14 15:34:24.800854+00', NULL, 'aal1', NULL, NULL, 'Mozilla/5.0 (Windows NT 10.0; Win64; x64) AppleWebKit/537.36 (KHTML, like Gecko) Chrome/141.0.0.0 Safari/537.36', '79.228.128.60', NULL, NULL, NULL, NULL),
	('c9deb948-bbe8-41f5-b560-5384d569f00f', 'f8b78fb5-3dc5-41fc-b9df-84815aa0c130', '2025-10-15 09:16:53.097425+00', '2025-10-15 09:16:53.097425+00', NULL, 'aal1', NULL, NULL, 'Mozilla/5.0 (Windows NT 10.0; Win64; x64) AppleWebKit/537.36 (KHTML, like Gecko) Chrome/141.0.0.0 Safari/537.36', '79.228.128.60', NULL, NULL, NULL, NULL),
	('0a4df89f-985c-4f44-bd95-e1cddb8d07fb', 'f8b78fb5-3dc5-41fc-b9df-84815aa0c130', '2025-10-18 14:09:21.833484+00', '2025-10-18 14:09:21.833484+00', NULL, 'aal1', NULL, NULL, 'Mozilla/5.0 (Linux; Android 6.0; Nexus 5 Build/MRA58N) AppleWebKit/537.36 (KHTML, like Gecko) Chrome/141.0.0.0 Mobile Safari/537.36', '79.228.128.60', NULL, NULL, NULL, NULL),
	('a4ae3a86-c209-4675-a1a4-bb7e6668304a', 'f8b78fb5-3dc5-41fc-b9df-84815aa0c130', '2025-10-18 14:53:33.058859+00', '2025-10-18 14:53:33.058859+00', NULL, 'aal1', NULL, NULL, 'Mozilla/5.0 (Linux; Android 6.0; Nexus 5 Build/MRA58N) AppleWebKit/537.36 (KHTML, like Gecko) Chrome/141.0.0.0 Mobile Safari/537.36', '79.228.128.60', NULL, NULL, NULL, NULL),
	('928bab81-e070-46ca-9aec-890b5581a4ad', '90c3b1b3-8d9d-48c3-ba2b-de018ecf95d1', '2025-10-09 02:57:17.968581+00', '2025-10-18 15:12:46.681395+00', NULL, 'aal1', NULL, '2025-10-18 15:12:46.680602', 'Mozilla/5.0 (iPhone; CPU iPhone OS 18_6_2 like Mac OS X) AppleWebKit/605.1.15 (KHTML, like Gecko) CriOS/141.0.7390.96 Mobile/15E148 Safari/604.1', '47.60.48.80', NULL, NULL, NULL, NULL),
	('8881a84b-1c12-4bac-8121-0f7ee7e31b91', '64e1a945-5f0a-4200-b067-202540ea75a5', '2025-10-20 09:54:53.823007+00', '2025-10-20 12:21:55.760336+00', NULL, 'aal1', NULL, '2025-10-20 12:21:55.75966', 'Mozilla/5.0 (iPhone; CPU iPhone OS 18_6_2 like Mac OS X) AppleWebKit/605.1.15 (KHTML, like Gecko) Version/18.6 Mobile/15E148 Safari/604.1', '104.28.34.164', NULL, NULL, NULL, NULL);


--
-- Data for Name: mfa_amr_claims; Type: TABLE DATA; Schema: auth; Owner: supabase_auth_admin
--

INSERT INTO "auth"."mfa_amr_claims" ("session_id", "created_at", "updated_at", "authentication_method", "id") VALUES
	('a9557558-c41c-4a9d-828a-e2c585899af1', '2025-09-01 09:33:46.694882+00', '2025-09-01 09:33:46.694882+00', 'otp', '0227daa8-1459-4671-bde6-b0c78aaa6ad4'),
	('d36befaa-a191-4ac4-8d69-8d9fcbb3df93', '2025-09-04 02:49:54.163829+00', '2025-09-04 02:49:54.163829+00', 'oauth', '02fc1362-b826-4e42-aa65-38caecedeb3e'),
	('928bab81-e070-46ca-9aec-890b5581a4ad', '2025-10-09 02:57:18.016669+00', '2025-10-09 02:57:18.016669+00', 'oauth', '3bb8b0cc-2a93-4db7-8ba6-d2aad742c755'),
	('58989bb0-efd1-4292-89b4-5993affcc6eb', '2025-10-14 15:34:24.804141+00', '2025-10-14 15:34:24.804141+00', 'oauth', '3c991f51-6db6-4f21-aa46-ddf4349fb3a2'),
	('be1b4a0c-c956-4521-8b78-563cd366dea3', '2025-10-14 16:00:04.639775+00', '2025-10-14 16:00:04.639775+00', 'oauth', '586b7967-36cb-4241-87b8-25f381b3e8c4'),
	('c9deb948-bbe8-41f5-b560-5384d569f00f', '2025-10-15 09:16:53.148543+00', '2025-10-15 09:16:53.148543+00', 'oauth', '327c7eff-73ea-4953-9435-b67b854e4612'),
	('0a4df89f-985c-4f44-bd95-e1cddb8d07fb', '2025-10-18 14:09:21.897378+00', '2025-10-18 14:09:21.897378+00', 'oauth', '082f8aa2-48be-4a2b-b8f3-ee968e0a5e50'),
	('a4ae3a86-c209-4675-a1a4-bb7e6668304a', '2025-10-18 14:53:33.089799+00', '2025-10-18 14:53:33.089799+00', 'oauth', 'a90b3a0a-8099-4219-8192-1cf11b8beb1e'),
	('8881a84b-1c12-4bac-8121-0f7ee7e31b91', '2025-10-20 09:54:53.843491+00', '2025-10-20 09:54:53.843491+00', 'oauth', 'd0f62e74-8d74-4f6b-8273-4a3d5690b2a2');


--
-- Data for Name: mfa_factors; Type: TABLE DATA; Schema: auth; Owner: supabase_auth_admin
--



--
-- Data for Name: mfa_challenges; Type: TABLE DATA; Schema: auth; Owner: supabase_auth_admin
--



--
-- Data for Name: oauth_authorizations; Type: TABLE DATA; Schema: auth; Owner: supabase_auth_admin
--



--
-- Data for Name: oauth_consents; Type: TABLE DATA; Schema: auth; Owner: supabase_auth_admin
--



--
-- Data for Name: one_time_tokens; Type: TABLE DATA; Schema: auth; Owner: supabase_auth_admin
--



--
-- Data for Name: refresh_tokens; Type: TABLE DATA; Schema: auth; Owner: supabase_auth_admin
--

INSERT INTO "auth"."refresh_tokens" ("instance_id", "id", "token", "user_id", "revoked", "created_at", "updated_at", "parent", "session_id") VALUES
	('00000000-0000-0000-0000-000000000000', 62, '53nb5wmt7jn4', '90c3b1b3-8d9d-48c3-ba2b-de018ecf95d1', true, '2025-10-04 13:53:25.458357+00', '2025-10-04 19:49:20.445674+00', 'skvfedcizmdv', 'd36befaa-a191-4ac4-8d69-8d9fcbb3df93'),
	('00000000-0000-0000-0000-000000000000', 65, 'wwbunpflda6k', '90c3b1b3-8d9d-48c3-ba2b-de018ecf95d1', true, '2025-10-09 02:57:17.983155+00', '2025-10-09 13:56:48.390923+00', NULL, '928bab81-e070-46ca-9aec-890b5581a4ad'),
	('00000000-0000-0000-0000-000000000000', 66, 'rly4hsg4kdhq', '90c3b1b3-8d9d-48c3-ba2b-de018ecf95d1', true, '2025-10-09 13:56:48.415334+00', '2025-10-11 03:33:59.992209+00', 'wwbunpflda6k', '928bab81-e070-46ca-9aec-890b5581a4ad'),
	('00000000-0000-0000-0000-000000000000', 67, '7bsezv7xlu25', '90c3b1b3-8d9d-48c3-ba2b-de018ecf95d1', true, '2025-10-11 03:34:00.000773+00', '2025-10-11 14:18:27.759124+00', 'rly4hsg4kdhq', '928bab81-e070-46ca-9aec-890b5581a4ad'),
	('00000000-0000-0000-0000-000000000000', 68, 'cnqhkqjmzhad', '90c3b1b3-8d9d-48c3-ba2b-de018ecf95d1', true, '2025-10-11 14:18:27.784149+00', '2025-10-12 02:09:10.288706+00', '7bsezv7xlu25', '928bab81-e070-46ca-9aec-890b5581a4ad'),
	('00000000-0000-0000-0000-000000000000', 69, 'r7c6un6npc6u', '90c3b1b3-8d9d-48c3-ba2b-de018ecf95d1', true, '2025-10-12 02:09:10.313299+00', '2025-10-12 11:04:52.120546+00', 'cnqhkqjmzhad', '928bab81-e070-46ca-9aec-890b5581a4ad'),
	('00000000-0000-0000-0000-000000000000', 63, '2z2itv2gdwmh', '90c3b1b3-8d9d-48c3-ba2b-de018ecf95d1', true, '2025-10-04 19:49:20.476248+00', '2025-10-14 15:18:34.011594+00', '53nb5wmt7jn4', 'd36befaa-a191-4ac4-8d69-8d9fcbb3df93'),
	('00000000-0000-0000-0000-000000000000', 70, 'bfqns5uuzvro', '90c3b1b3-8d9d-48c3-ba2b-de018ecf95d1', true, '2025-10-12 11:04:52.147646+00', '2025-10-14 15:19:53.85136+00', 'r7c6un6npc6u', '928bab81-e070-46ca-9aec-890b5581a4ad'),
	('00000000-0000-0000-0000-000000000000', 79, 'lnnsk3f3ajep', 'f8b78fb5-3dc5-41fc-b9df-84815aa0c130', false, '2025-10-14 15:34:24.802136+00', '2025-10-14 15:34:24.802136+00', NULL, '58989bb0-efd1-4292-89b4-5993affcc6eb'),
	('00000000-0000-0000-0000-000000000000', 76, 'cc6vzq3ips7y', '90c3b1b3-8d9d-48c3-ba2b-de018ecf95d1', true, '2025-10-14 15:19:53.852643+00', '2025-10-14 16:26:28.531137+00', 'bfqns5uuzvro', '928bab81-e070-46ca-9aec-890b5581a4ad'),
	('00000000-0000-0000-0000-000000000000', 75, 'j7epicgizmmp', '90c3b1b3-8d9d-48c3-ba2b-de018ecf95d1', true, '2025-10-14 15:18:34.011962+00', '2025-10-15 03:23:31.624833+00', '2z2itv2gdwmh', 'd36befaa-a191-4ac4-8d69-8d9fcbb3df93'),
	('00000000-0000-0000-0000-000000000000', 83, 't6andtf4a4cb', 'f8b78fb5-3dc5-41fc-b9df-84815aa0c130', false, '2025-10-15 09:16:53.128039+00', '2025-10-15 09:16:53.128039+00', NULL, 'c9deb948-bbe8-41f5-b560-5384d569f00f'),
	('00000000-0000-0000-0000-000000000000', 81, 'qflixv5nixbr', '90c3b1b3-8d9d-48c3-ba2b-de018ecf95d1', true, '2025-10-14 16:26:28.55209+00', '2025-10-16 12:30:25.308766+00', 'cc6vzq3ips7y', '928bab81-e070-46ca-9aec-890b5581a4ad'),
	('00000000-0000-0000-0000-000000000000', 84, 't543oprmby37', '90c3b1b3-8d9d-48c3-ba2b-de018ecf95d1', true, '2025-10-16 12:30:25.334936+00', '2025-10-16 14:44:56.568451+00', 'qflixv5nixbr', '928bab81-e070-46ca-9aec-890b5581a4ad'),
	('00000000-0000-0000-0000-000000000000', 86, 'btvkkodem4np', 'f8b78fb5-3dc5-41fc-b9df-84815aa0c130', false, '2025-10-18 14:09:21.862769+00', '2025-10-18 14:09:21.862769+00', NULL, '0a4df89f-985c-4f44-bd95-e1cddb8d07fb'),
	('00000000-0000-0000-0000-000000000000', 87, 'euwrwsiryo72', 'f8b78fb5-3dc5-41fc-b9df-84815aa0c130', false, '2025-10-18 14:53:33.072823+00', '2025-10-18 14:53:33.072823+00', NULL, 'a4ae3a86-c209-4675-a1a4-bb7e6668304a'),
	('00000000-0000-0000-0000-000000000000', 85, 'wdch23ovrr5o', '90c3b1b3-8d9d-48c3-ba2b-de018ecf95d1', true, '2025-10-16 14:44:56.584857+00', '2025-10-18 15:12:46.650077+00', 't543oprmby37', '928bab81-e070-46ca-9aec-890b5581a4ad'),
	('00000000-0000-0000-0000-000000000000', 88, '6ceoudeync5h', '90c3b1b3-8d9d-48c3-ba2b-de018ecf95d1', false, '2025-10-18 15:12:46.664035+00', '2025-10-18 15:12:46.664035+00', 'wdch23ovrr5o', '928bab81-e070-46ca-9aec-890b5581a4ad'),
	('00000000-0000-0000-0000-000000000000', 31, 'tpowasefgmyo', '52dd4a12-ec1c-418c-b1f8-4fa12003df11', false, '2025-09-01 09:33:46.680859+00', '2025-09-01 09:33:46.680859+00', NULL, 'a9557558-c41c-4a9d-828a-e2c585899af1'),
	('00000000-0000-0000-0000-000000000000', 80, 'cgue6d2s2jzo', 'f8b78fb5-3dc5-41fc-b9df-84815aa0c130', true, '2025-10-14 16:00:04.629284+00', '2025-10-18 16:18:27.279409+00', NULL, 'be1b4a0c-c956-4521-8b78-563cd366dea3'),
	('00000000-0000-0000-0000-000000000000', 89, '3beyalid5niv', 'f8b78fb5-3dc5-41fc-b9df-84815aa0c130', true, '2025-10-18 16:18:27.292077+00', '2025-10-18 17:45:15.754798+00', 'cgue6d2s2jzo', 'be1b4a0c-c956-4521-8b78-563cd366dea3'),
	('00000000-0000-0000-0000-000000000000', 82, 'qqjxhcrli5ee', '90c3b1b3-8d9d-48c3-ba2b-de018ecf95d1', true, '2025-10-15 03:23:31.648822+00', '2025-10-20 09:52:21.251091+00', 'j7epicgizmmp', 'd36befaa-a191-4ac4-8d69-8d9fcbb3df93'),
	('00000000-0000-0000-0000-000000000000', 37, 'lnjhebxh42w5', '90c3b1b3-8d9d-48c3-ba2b-de018ecf95d1', true, '2025-09-04 02:49:54.13603+00', '2025-09-04 10:02:21.02165+00', NULL, 'd36befaa-a191-4ac4-8d69-8d9fcbb3df93'),
	('00000000-0000-0000-0000-000000000000', 92, 'ekxzl6jbby5d', '64e1a945-5f0a-4200-b067-202540ea75a5', true, '2025-10-20 09:54:53.833486+00', '2025-10-20 12:21:55.723203+00', NULL, '8881a84b-1c12-4bac-8121-0f7ee7e31b91'),
	('00000000-0000-0000-0000-000000000000', 38, 'fwv7377bxne7', '90c3b1b3-8d9d-48c3-ba2b-de018ecf95d1', true, '2025-09-04 10:02:21.046196+00', '2025-09-04 13:23:23.843897+00', 'lnjhebxh42w5', 'd36befaa-a191-4ac4-8d69-8d9fcbb3df93'),
	('00000000-0000-0000-0000-000000000000', 93, 'moduxnfunyi7', '64e1a945-5f0a-4200-b067-202540ea75a5', false, '2025-10-20 12:21:55.74159+00', '2025-10-20 12:21:55.74159+00', 'ekxzl6jbby5d', '8881a84b-1c12-4bac-8121-0f7ee7e31b91'),
	('00000000-0000-0000-0000-000000000000', 39, '6y2e7sf45o6m', '90c3b1b3-8d9d-48c3-ba2b-de018ecf95d1', true, '2025-09-04 13:23:23.850307+00', '2025-09-04 23:47:11.016786+00', 'fwv7377bxne7', 'd36befaa-a191-4ac4-8d69-8d9fcbb3df93'),
	('00000000-0000-0000-0000-000000000000', 90, '2npcw56sqvow', 'f8b78fb5-3dc5-41fc-b9df-84815aa0c130', true, '2025-10-18 17:45:15.779866+00', '2025-10-20 15:48:15.713665+00', '3beyalid5niv', 'be1b4a0c-c956-4521-8b78-563cd366dea3'),
	('00000000-0000-0000-0000-000000000000', 40, 'pmffw5qy5bmz', '90c3b1b3-8d9d-48c3-ba2b-de018ecf95d1', true, '2025-09-04 23:47:11.030925+00', '2025-09-06 17:53:28.636053+00', '6y2e7sf45o6m', 'd36befaa-a191-4ac4-8d69-8d9fcbb3df93'),
	('00000000-0000-0000-0000-000000000000', 91, 'b72bo4ey6uny', '90c3b1b3-8d9d-48c3-ba2b-de018ecf95d1', true, '2025-10-20 09:52:21.276014+00', '2025-10-20 20:23:54.662869+00', 'qqjxhcrli5ee', 'd36befaa-a191-4ac4-8d69-8d9fcbb3df93'),
	('00000000-0000-0000-0000-000000000000', 95, '7hoipiag5h63', '90c3b1b3-8d9d-48c3-ba2b-de018ecf95d1', true, '2025-10-20 20:23:54.677881+00', '2025-10-22 06:40:20.155969+00', 'b72bo4ey6uny', 'd36befaa-a191-4ac4-8d69-8d9fcbb3df93'),
	('00000000-0000-0000-0000-000000000000', 41, 'df7a3ruj25jm', '90c3b1b3-8d9d-48c3-ba2b-de018ecf95d1', true, '2025-09-06 17:53:28.663307+00', '2025-09-22 15:48:35.48581+00', 'pmffw5qy5bmz', 'd36befaa-a191-4ac4-8d69-8d9fcbb3df93'),
	('00000000-0000-0000-0000-000000000000', 96, 's3cg7rvvljcn', '90c3b1b3-8d9d-48c3-ba2b-de018ecf95d1', true, '2025-10-22 06:40:20.184355+00', '2025-10-23 01:15:32.157203+00', '7hoipiag5h63', 'd36befaa-a191-4ac4-8d69-8d9fcbb3df93'),
	('00000000-0000-0000-0000-000000000000', 44, 't4bwmqygnlz5', '90c3b1b3-8d9d-48c3-ba2b-de018ecf95d1', true, '2025-09-22 15:48:35.506292+00', '2025-09-22 18:42:47.838839+00', 'df7a3ruj25jm', 'd36befaa-a191-4ac4-8d69-8d9fcbb3df93'),
	('00000000-0000-0000-0000-000000000000', 97, 'mhrlnsoj7u65', '90c3b1b3-8d9d-48c3-ba2b-de018ecf95d1', true, '2025-10-23 01:15:32.176245+00', '2025-10-23 02:27:20.187081+00', 's3cg7rvvljcn', 'd36befaa-a191-4ac4-8d69-8d9fcbb3df93'),
	('00000000-0000-0000-0000-000000000000', 45, '6yavjsb5e3id', '90c3b1b3-8d9d-48c3-ba2b-de018ecf95d1', true, '2025-09-22 18:42:47.849684+00', '2025-09-29 02:34:32.606544+00', 't4bwmqygnlz5', 'd36befaa-a191-4ac4-8d69-8d9fcbb3df93'),
	('00000000-0000-0000-0000-000000000000', 98, 'gznr5burynwg', '90c3b1b3-8d9d-48c3-ba2b-de018ecf95d1', true, '2025-10-23 02:27:20.202071+00', '2025-10-23 08:58:28.579333+00', 'mhrlnsoj7u65', 'd36befaa-a191-4ac4-8d69-8d9fcbb3df93'),
	('00000000-0000-0000-0000-000000000000', 99, 'a2ypznj6qyk2', '90c3b1b3-8d9d-48c3-ba2b-de018ecf95d1', false, '2025-10-23 08:58:28.603711+00', '2025-10-23 08:58:28.603711+00', 'gznr5burynwg', 'd36befaa-a191-4ac4-8d69-8d9fcbb3df93'),
	('00000000-0000-0000-0000-000000000000', 94, '43cj7mhxctjt', 'f8b78fb5-3dc5-41fc-b9df-84815aa0c130', true, '2025-10-20 15:48:15.728421+00', '2025-10-24 15:53:20.115449+00', '2npcw56sqvow', 'be1b4a0c-c956-4521-8b78-563cd366dea3'),
	('00000000-0000-0000-0000-000000000000', 48, 'dfgzkbfzkiv5', '90c3b1b3-8d9d-48c3-ba2b-de018ecf95d1', true, '2025-09-29 02:34:32.634157+00', '2025-09-29 19:16:57.910699+00', '6yavjsb5e3id', 'd36befaa-a191-4ac4-8d69-8d9fcbb3df93'),
	('00000000-0000-0000-0000-000000000000', 100, 'bt3zj2qvvcxl', 'f8b78fb5-3dc5-41fc-b9df-84815aa0c130', true, '2025-10-24 15:53:20.145476+00', '2025-10-25 11:18:47.969773+00', '43cj7mhxctjt', 'be1b4a0c-c956-4521-8b78-563cd366dea3'),
	('00000000-0000-0000-0000-000000000000', 51, 'bnolsr7tzfhw', '90c3b1b3-8d9d-48c3-ba2b-de018ecf95d1', true, '2025-09-29 19:16:57.930556+00', '2025-09-30 04:15:57.640648+00', 'dfgzkbfzkiv5', 'd36befaa-a191-4ac4-8d69-8d9fcbb3df93'),
	('00000000-0000-0000-0000-000000000000', 101, 'zaz3eu4nfme7', 'f8b78fb5-3dc5-41fc-b9df-84815aa0c130', false, '2025-10-25 11:18:47.996347+00', '2025-10-25 11:18:47.996347+00', 'bt3zj2qvvcxl', 'be1b4a0c-c956-4521-8b78-563cd366dea3'),
	('00000000-0000-0000-0000-000000000000', 52, 'skvfedcizmdv', '90c3b1b3-8d9d-48c3-ba2b-de018ecf95d1', true, '2025-09-30 04:15:57.665499+00', '2025-10-04 13:53:25.443754+00', 'bnolsr7tzfhw', 'd36befaa-a191-4ac4-8d69-8d9fcbb3df93');


--
-- Data for Name: sso_providers; Type: TABLE DATA; Schema: auth; Owner: supabase_auth_admin
--



--
-- Data for Name: saml_providers; Type: TABLE DATA; Schema: auth; Owner: supabase_auth_admin
--



--
-- Data for Name: saml_relay_states; Type: TABLE DATA; Schema: auth; Owner: supabase_auth_admin
--



--
-- Data for Name: sso_domains; Type: TABLE DATA; Schema: auth; Owner: supabase_auth_admin
--



--
-- Data for Name: users; Type: TABLE DATA; Schema: public; Owner: postgres
--

INSERT INTO "public"."users" ("id", "name", "lastname", "email", "phone", "avatar_url", "birth_date", "gender", "occupation", "about_me", "languages_spoken", "is_verified", "preferences", "auth_provider", "provider_id", "created_at", "updated_at", "email_confirmed_at", "phone_confirmed_at", "last_sign_in_at", "encrypted_password", "confirmation_token", "confirmation_sent_at", "recovery_token", "recovery_sent_at", "email_change_token_current", "email_change", "email_change_sent_at", "is_sso_user", "deleted_at") VALUES
	('f8b78fb5-3dc5-41fc-b9df-84815aa0c130', 'Pol', 'Gubau', 'gubaupol@gmail.com', NULL, 'https://lh3.googleusercontent.com/a/ACg8ocLS0Na8NuuV-0TP3juNhRoQzIx8RuIIn-bwJqYdzjcnLk6HtpWcbg=s96-c', '2002-03-18', 'male', 'employed', 'just developing', NULL, '{"email": true, "phone": false, "idCheck": false}', NULL, 'google', '107819430557670836156', '2025-08-30 11:06:48.868967+00', '2025-08-30 13:49:06.177294+00', '2025-08-30 11:06:48.868967+00', NULL, NULL, NULL, NULL, NULL, NULL, NULL, NULL, NULL, NULL, true, NULL),
	('52dd4a12-ec1c-418c-b1f8-4fa12003df11', '', '', 'mariaroges6@gmail.com', NULL, NULL, NULL, NULL, NULL, NULL, NULL, '{"email": false, "phone": false, "idCheck": false}', NULL, 'email', NULL, '2025-09-01 09:31:23.586584+00', '2025-09-01 09:31:23.586584+00', NULL, NULL, NULL, NULL, NULL, NULL, NULL, NULL, NULL, NULL, NULL, true, NULL),
	('90c3b1b3-8d9d-48c3-ba2b-de018ecf95d1', 'Lorenzo', 'Federici', 'lorenzofederici98@gmail.com', NULL, 'https://lh3.googleusercontent.com/a/ACg8ocLMs3YE_Sm1MfrgRdD-R3q3oDYL2dOT_phb_6qLLU9nWiD0-u9i=s96-c', '1998-04-01', 'male', 'employed', 'Im looking for an apartment in barcleona', NULL, '{"email": true, "phone": false, "idCheck": false}', NULL, 'google', '108570553548005733637', '2025-09-04 02:49:53.964853+00', '2025-10-09 02:58:23.192938+00', '2025-09-04 02:49:53.964853+00', NULL, NULL, NULL, NULL, NULL, NULL, NULL, NULL, NULL, NULL, true, NULL),
	('ba148caa-056f-44f4-9061-5cdd75232206', 'bakup', 'pol', 'polbakup@gmail.com', NULL, 'https://lh3.googleusercontent.com/a/ACg8ocJDzr3Z9wprxur0aAzehWtLMgIvVJrqeivfFvIe1_PXG9khvQ=s96-c', NULL, NULL, NULL, NULL, NULL, '{"email": true, "phone": false, "idCheck": false}', NULL, 'google', '114729118868863315395', '2025-10-14 15:30:54.617838+00', '2025-10-14 15:30:54.617838+00', '2025-10-14 15:30:54.617838+00', NULL, NULL, NULL, NULL, NULL, NULL, NULL, NULL, NULL, NULL, true, NULL),
	('64e1a945-5f0a-4200-b067-202540ea75a5', 'James', 'Archidona', 'jamesarchibal@gmail.com', NULL, 'https://lh3.googleusercontent.com/a/ACg8ocIgaJEuFKCq5HiSwGqRVd77T6SlNrPEeuOzRXjvFcR1e3ooFOpN=s96-c', NULL, NULL, NULL, NULL, NULL, '{"email": true, "phone": false, "idCheck": false}', NULL, 'google', '106070369482407675401', '2025-10-20 09:54:53.730561+00', '2025-10-20 09:54:53.730561+00', '2025-10-20 09:54:53.730561+00', NULL, NULL, NULL, NULL, NULL, NULL, NULL, NULL, NULL, NULL, true, NULL);


--
-- Data for Name: rooms; Type: TABLE DATA; Schema: public; Owner: postgres
--

INSERT INTO "public"."rooms" ("id", "owner_id", "title", "description", "status", "location", "price", "commodities", "rules", "timings", "who_is_living", "contact", "created_at", "updated_at", "preferences", "images", "rent_type") VALUES
	('f52cfcf3-8184-4bfd-a125-3fd2fbf34e6b', '52dd4a12-ec1c-418c-b1f8-4fa12003df11', 'Habitacin luminosa en piso compartido en Grcia', 'Habitacin con cama doble, escritorio y balcn en un piso con estudiantes internacionales.', 'available', '{"lat": 41.4, "lng": 2.15, "city": "Barcelona", "address": "Carrer de Verdi 45", "country": "Espaa", "postalCode": "08012"}', '{"amount": 480, "currency": "EUR", "isIncluded": false, "localePrice": "480 ", "isNegotiable": true, "additionalCosts": {"deposit": 500, "otherFees": 20, "utilities": 50}, "paymentFrequency": "monthly"}', '{"room": {"area": 12, "bedType": "double", "hasWindow": true, "hasBalcony": true, "isFurnished": true, "hasWorkingDesk": true, "hasPrivateBathroom": false}, "whole": {"area": 90, "extras": {"hasPool": false, "hasGarden": false, "hasParking": false, "hasTerrace": true}, "bedrooms": {"shared": 1, "individual": 2}, "bathrooms": 1, "appliances": {"hasTV": true, "hasOven": true, "hasWifi": true, "hasDryer": false, "hasHeating": true, "hasLaundry": true, "hasElevator": false, "hasMicrowave": true, "hasDishwasher": false, "hasCoffeeMaker": true, "hasRefrigerator": true, "hasAirConditioning": false, "isWheelchairAccessible": false}, "areUtilitiesIncluded": false}}', '{"quietHours": {"to": "08:00", "from": "22:00"}, "petsAllowed": false, "coupleAllowed": false, "guestsAllowed": true, "partiesAllowed": false, "smokingAllowed": false, "childrenAllowed": false}', '{"maximumStay": {"unit": "month", "value": 12}, "minimumStay": {"unit": "month", "value": 3}, "availableFrom": "2025-09-01"}', '{"currentTenants": {"male": 1, "other": 0, "female": 2}, "ownerLivesHere": false}', '{"owner": {"name": "Jordi Puig", "email": "jordi.puig@barcelona.com", "phone": "+34666666666"}}', '2024-07-10 00:00:00+00', '2025-09-28 14:46:41.289833+00', '{"age": {"max": 35, "min": 20}, "gender": {"male": true, "other": true, "female": true}, "currentOccupation": {"other": false, "student": true, "employed": true, "unemployed": false}}', '{"cover": "https://images.unsplash.com/photo-1586023492125-27b2c045efd7?q=80&w=958&auto=format&fit=crop&ixlib=rb-4.1.0", "gallery": ["https://images.unsplash.com/photo-1586023492125-27b2c045efd7?q=80&w=958&auto=format&fit=crop&ixlib=rb-4.1.0", "https://images.unsplash.com/photo-1615800002234-05c4d488696c?w=500&auto=format&fit=crop&q=60", "https://images.unsplash.com/photo-1560185007-cde436f6a4d0?w=500&auto=format&fit=crop&q=60"]}', 'private-room'),
	('2b0d6d5e-5c2a-4f4f-9014-4d0c2d9b8c02', '52dd4a12-ec1c-418c-b1f8-4fa12003df11', 'Habitacin individual con bao privado en Eixample', 'Cmoda habitacin con cama individual, escritorio y bao privado en piso moderno y tranquilo.', 'available', '{"lat": 41.3902, "lng": 2.1649, "city": "Barcelona", "address": "Carrer de Mallorca 120", "country": "Espaa", "postalCode": "08036"}', '{"amount": 600, "currency": "EUR", "isIncluded": true, "localePrice": "600 ", "isNegotiable": false, "additionalCosts": {"deposit": 600, "otherFees": 0, "utilities": 0}, "paymentFrequency": "monthly"}', '{"room": {"area": 10, "bedType": "single", "hasWindow": true, "hasBalcony": false, "isFurnished": true, "hasWorkingDesk": true, "hasPrivateBathroom": true}, "whole": {"area": 100, "extras": {"hasPool": false, "hasGarden": false, "hasParking": true, "hasTerrace": false}, "bedrooms": {"shared": 0, "individual": 3}, "bathrooms": 2, "appliances": {"hasTV": true, "hasOven": true, "hasWifi": true, "hasDryer": true, "hasHeating": true, "hasLaundry": true, "hasElevator": true, "hasMicrowave": true, "hasDishwasher": true, "hasCoffeeMaker": true, "hasRefrigerator": true, "hasAirConditioning": true, "isWheelchairAccessible": true}, "areUtilitiesIncluded": true}}', '{"quietHours": {"to": "08:00", "from": "22:00"}, "petsAllowed": false, "coupleAllowed": false, "guestsAllowed": false, "partiesAllowed": false, "smokingAllowed": false, "childrenAllowed": false}', '{"maximumStay": {"unit": "month", "value": 12}, "minimumStay": {"unit": "month", "value": 6}, "availableFrom": "2025-10-01"}', '{"currentTenants": {"male": 2, "other": 0, "female": 0}, "ownerLivesHere": false}', '{"owner": {"name": "Luca Gmez", "email": "lucia@eixampleliving.es", "phone": "+34678901234"}}', '2024-07-12 00:00:00+00', '2025-09-28 14:46:41.289833+00', '{"age": {"max": 30, "min": 22}, "gender": {"male": true, "other": false, "female": true}, "currentOccupation": {"other": false, "student": true, "employed": true, "unemployed": false}}', '{"cover": "https://images.unsplash.com/photo-1560185007-cde436f6a4d0?w=500&auto=format&fit=crop&q=60", "gallery": ["https://images.unsplash.com/photo-1560185007-cde436f6a4d0?w=500&auto=format&fit=crop&q=60"]}', 'private-room'),
	('3f1c8a91-2e7d-4d5b-b9b4-9a8ff24cdb03', '52dd4a12-ec1c-418c-b1f8-4fa12003df11', 'Habitacin amplia con terraza en Sants', 'Espaciosa habitacin doble con salida a terraza privada, ideal para parejas o trabajadores.', 'booked', '{"lat": 41.3758, "lng": 2.1343, "city": "Barcelona", "address": "Carrer de Sants 202", "country": "Espaa", "postalCode": "08028"}', '{"amount": 700, "currency": "EUR", "isIncluded": false, "localePrice": "700 ", "isNegotiable": false, "additionalCosts": {"deposit": 700, "otherFees": 0, "utilities": 60}, "paymentFrequency": "monthly"}', '{"room": {"area": 18, "bedType": "double", "hasWindow": true, "hasBalcony": false, "isFurnished": true, "hasWorkingDesk": true, "hasPrivateBathroom": false}, "whole": {"area": 70, "extras": {"hasPool": false, "hasGarden": false, "hasParking": false, "hasTerrace": true}, "bedrooms": {"shared": 0, "individual": 3}, "bathrooms": 1, "appliances": {"hasTV": true, "hasOven": true, "hasWifi": true, "hasDryer": false, "hasHeating": false, "hasLaundry": true, "hasElevator": true, "hasMicrowave": true, "hasDishwasher": false, "hasCoffeeMaker": false, "hasRefrigerator": true, "hasAirConditioning": true, "isWheelchairAccessible": false}, "areUtilitiesIncluded": false}}', '{"quietHours": {"to": "07:00", "from": "23:00"}, "petsAllowed": true, "coupleAllowed": true, "guestsAllowed": true, "partiesAllowed": false, "smokingAllowed": true, "childrenAllowed": false}', '{"maximumStay": {"unit": "month", "value": 6}, "minimumStay": {"unit": "month", "value": 2}, "availableFrom": "2025-09-15"}', '{"currentTenants": {"male": 0, "other": 0, "female": 1}, "ownerLivesHere": true}', '{"owner": {"name": "Marc Riera", "email": "marc@pisosants.com", "phone": "+34932123456"}}', '2024-07-15 00:00:00+00', '2025-09-28 14:46:41.289833+00', '{"age": {"max": 40, "min": 25}, "gender": {"male": true, "other": true, "female": true}, "currentOccupation": {"other": false, "student": false, "employed": true, "unemployed": false}}', '{"cover": "https://images.unsplash.com/photo-1522708323590-d24dbb6b0267?w=500&auto=format&fit=crop&q=60", "gallery": ["https://images.unsplash.com/photo-1522708323590-d24dbb6b0267?w=500&auto=format&fit=crop&q=60", "https://images.unsplash.com/photo-1615800002234-05c4d488696c?w=500&auto=format&fit=crop&q=60", "https://images.unsplash.com/photo-1560185007-cde436f6a4d0?w=500&auto=format&fit=crop&q=60"]}', 'private-room'),
	('4a9e7c52-1d3f-4c6a-8d26-5f2b7e1a9d04', '52dd4a12-ec1c-418c-b1f8-4fa12003df11', 'Habitacin econmica en piso familiar en El Clot', 'Ideal para estudiantes con presupuesto ajustado, en zona bien comunicada y tranquila.', 'available', '{"lat": 41.411, "lng": 2.1895, "city": "Barcelona", "address": "Carrer de Rogent 78", "country": "Espaa", "postalCode": "08026"}', '{"amount": 350, "currency": "EUR", "isIncluded": false, "localePrice": "350 ", "isNegotiable": true, "additionalCosts": {"deposit": 300, "otherFees": 0, "utilities": 40}, "paymentFrequency": "monthly"}', '{"room": {"area": 8, "bedType": "single", "hasWindow": true, "hasBalcony": false, "isFurnished": true, "hasWorkingDesk": true, "hasPrivateBathroom": false}, "whole": {"area": 70, "extras": {"hasPool": false, "hasGarden": false, "hasParking": false, "hasTerrace": false}, "bedrooms": {"shared": 0, "individual": 2}, "bathrooms": 1, "appliances": {"hasTV": false, "hasOven": true, "hasWifi": true, "hasDryer": false, "hasHeating": true, "hasLaundry": true, "hasElevator": false, "hasMicrowave": true, "hasDishwasher": false, "hasCoffeeMaker": false, "hasRefrigerator": true, "hasAirConditioning": false, "isWheelchairAccessible": false}, "areUtilitiesIncluded": false}}', '{"quietHours": {"to": "07:30", "from": "22:30"}, "petsAllowed": false, "coupleAllowed": false, "guestsAllowed": false, "partiesAllowed": false, "smokingAllowed": false, "childrenAllowed": false}', '{"maximumStay": {"unit": "month", "value": 6}, "minimumStay": {"unit": "month", "value": 1}, "availableFrom": "2025-08-20"}', '{"currentTenants": {"male": 0, "other": 0, "female": 1}, "ownerLivesHere": true}', '{"owner": {"name": "Teresa Lpez", "email": "teresa@hogarfamiliar.com", "phone": "+34666666667"}}', '2024-06-30 00:00:00+00', '2025-09-28 14:46:41.289833+00', '{"age": {"max": 28, "min": 18}, "gender": {"male": false, "other": false, "female": true}, "currentOccupation": {"other": false, "student": true, "employed": false, "unemployed": false}}', '{"cover": "https://images.unsplash.com/photo-1522708323590-d24dbb6b0267?w=500&auto=format&fit=crop&q=60", "gallery": ["https://images.unsplash.com/photo-1522708323590-d24dbb6b0267?w=500&auto=format&fit=crop&q=60", "https://images.unsplash.com/photo-1615800002234-05c4d488696c?w=500&auto=format&fit=crop&q=60", "https://images.unsplash.com/photo-1560185007-cde436f6a4d0?w=500&auto=format&fit=crop&q=60"]}', 'private-room'),
	('95a8689f-ac7c-44c1-84b7-a40655d4ba4a', 'f8b78fb5-3dc5-41fc-b9df-84815aa0c130', 'Habitacin de prueba creada desde el mvil ', 'Est habitacin la he creado desde el telefono', 'available', '{"lat": 41.3528079, "lng": 2.0663771, "city": "Baix Llobregat", "address": "Plaa de la Figuera, Centre, Cornell de Llobregat, Baix Llobregat, Barcelona, Catalunya, 08940, Espaa", "country": "Espaa", "postalCode": "08940"}', '{"amount": 250, "currency": "EUR", "isIncluded": false, "isNegotiable": false, "additionalCosts": {"deposit": 0, "otherFees": 0, "utilities": 0}, "paymentFrequency": "monthly"}', '{"room": {"area": 20, "bedType": "single", "hasWindow": true, "hasBalcony": true, "isFurnished": false, "hasWorkingDesk": false, "hasPrivateBathroom": false}, "whole": {"area": 89, "extras": {"hasPool": true, "hasGarden": false, "hasParking": true, "hasTerrace": false}, "bedrooms": {"shared": 1, "individual": 2}, "bathrooms": 2, "appliances": {"hasTV": false, "hasOven": false, "hasWifi": true, "hasDryer": true, "hasHeating": true, "hasLaundry": false, "hasElevator": false, "hasMicrowave": false, "hasDishwasher": false, "hasCoffeeMaker": false, "hasRefrigerator": true, "hasAirConditioning": true, "isWheelchairAccessible": false}, "areUtilitiesIncluded": false}}', '{"petsAllowed": true, "coupleAllowed": true, "guestsAllowed": true, "partiesAllowed": false, "smokingAllowed": true, "childrenAllowed": true}', '{"maximumStay": {"unit": "year", "value": 12}, "minimumStay": {"unit": "month", "value": 1}, "availableFrom": "2025-09-29T13:51:30.784Z"}', '{"currentTenants": {"male": 1, "other": 0, "female": 1}, "ownerLivesHere": false}', '{"owner": {"name": "", "email": "", "phone": ""}}', '2025-09-29 13:53:23.673831+00', '2025-09-29 13:53:23.345+00', '{"age": {"max": 100, "min": 18}, "gender": {"male": true, "female": true, "non_binary": true, "prefer_not_to_say": true}, "currentOccupation": {"student": true, "employed": true, "unemployed": true}}', '{"cover": "https://eazucuralkbhkzrztanc.supabase.co/storage/v1/object/public/room-images/f8b78fb5-3dc5-41fc-b9df-84815aa0c130/1759154000727-1000140081.webp", "gallery": ["https://eazucuralkbhkzrztanc.supabase.co/storage/v1/object/public/room-images/f8b78fb5-3dc5-41fc-b9df-84815aa0c130/1759153999753-1000140187.jpg", "https://eazucuralkbhkzrztanc.supabase.co/storage/v1/object/public/room-images/f8b78fb5-3dc5-41fc-b9df-84815aa0c130/1759154000727-1000140081.webp", "https://eazucuralkbhkzrztanc.supabase.co/storage/v1/object/public/room-images/f8b78fb5-3dc5-41fc-b9df-84815aa0c130/1759154001153-1000140012.jpg", "https://eazucuralkbhkzrztanc.supabase.co/storage/v1/object/public/room-images/f8b78fb5-3dc5-41fc-b9df-84815aa0c130/1759154001893-1000139925.jpg", "https://eazucuralkbhkzrztanc.supabase.co/storage/v1/object/public/room-images/f8b78fb5-3dc5-41fc-b9df-84815aa0c130/1759154002568-1000136680.jpg"]}', 'private-room'),
	('8bf059c7-4a5a-4569-98b3-9de2bac7ff57', 'f8b78fb5-3dc5-41fc-b9df-84815aa0c130', 'Habitacin privada en un piso con 3 estudiantes', 'La habitacin tiene ventana y comparte un balcn, tiene una mesa de escritorio y estanteras. ', 'available', '{"lat": 41.5451342, "lng": 2.4547442, "city": "Matar", "address": "Riera de Sant Sim, Matar, Maresme, Barcelona, Catalunya, 08304, Espaa", "country": "Espaa", "postalCode": "08304"}', '{"amount": 350, "currency": "EUR", "isIncluded": false, "isNegotiable": false, "additionalCosts": {"deposit": 0, "otherFees": 0, "utilities": 0}, "paymentFrequency": "monthly"}', '{"room": {"area": 20, "bedType": "single", "hasWindow": false, "hasBalcony": true, "isFurnished": false, "hasWorkingDesk": false, "hasPrivateBathroom": false}, "whole": {"area": 120, "extras": {"hasPool": false, "hasGarden": false, "hasParking": false, "hasTerrace": false}, "bedrooms": {"shared": 1, "individual": 3}, "bathrooms": 2, "appliances": {"hasTV": false, "hasOven": false, "hasWifi": false, "hasDryer": false, "hasHeating": false, "hasLaundry": false, "hasElevator": true, "hasMicrowave": false, "hasDishwasher": true, "hasCoffeeMaker": false, "hasRefrigerator": false, "hasAirConditioning": true, "isWheelchairAccessible": false}, "areUtilitiesIncluded": false}}', '{"petsAllowed": false, "coupleAllowed": true, "guestsAllowed": true, "partiesAllowed": false, "smokingAllowed": false, "childrenAllowed": false}', '{"maximumStay": {"unit": "month", "value": 10}, "minimumStay": {"unit": "month", "value": 1}, "availableFrom": "2025-10-03T13:42:57.002Z"}', '{"currentTenants": {"male": 2, "other": 0, "female": 1}, "ownerLivesHere": false}', '{"owner": {"name": "", "email": "", "phone": ""}}', '2025-10-03 13:46:56.502762+00', '2025-10-03 13:46:56+00', '{"age": {"max": 75, "min": 18}, "gender": {"male": true, "female": false, "non_binary": true, "prefer_not_to_say": true}, "currentOccupation": {"student": true, "employed": true, "unemployed": false}}', '{"cover": "https://eazucuralkbhkzrztanc.supabase.co/storage/v1/object/public/room-images/f8b78fb5-3dc5-41fc-b9df-84815aa0c130/1759499215059-Captura%20de%20pantalla%202025-09-28%20153428.png", "gallery": ["https://eazucuralkbhkzrztanc.supabase.co/storage/v1/object/public/room-images/f8b78fb5-3dc5-41fc-b9df-84815aa0c130/1759499214426-Captura%20de%20pantalla%202025-09-28%20153416.png", "https://eazucuralkbhkzrztanc.supabase.co/storage/v1/object/public/room-images/f8b78fb5-3dc5-41fc-b9df-84815aa0c130/1759499215059-Captura%20de%20pantalla%202025-09-28%20153428.png", "https://eazucuralkbhkzrztanc.supabase.co/storage/v1/object/public/room-images/f8b78fb5-3dc5-41fc-b9df-84815aa0c130/1759499215565-Captura%20de%20pantalla%202025-09-28%20153435.png"]}', 'private-room'),
	('1f7a9fd0-107e-4c7a-bf08-8fce19785f87', 'f8b78fb5-3dc5-41fc-b9df-84815aa0c130', 'Nice Hause in Freiburg', 'Casa muy bonita de najmeh', 'available', '{"lat": 48.0175073, "lng": 7.7997814, "city": "Freiburg im Breisgau", "address": "Am Dreisamgarten, Lehen, Freiburg im Breisgau, Baden-Wrttemberg, 79111, Deutschland", "country": "Deutschland", "postalCode": "79111"}', '{"amount": 1200, "currency": "EUR", "isIncluded": false, "isNegotiable": false, "additionalCosts": {"deposit": 0, "otherFees": 0, "utilities": 0}, "paymentFrequency": "monthly"}', '{"room": {"area": 11, "bedType": "single", "hasWindow": true, "hasBalcony": false, "isFurnished": true, "hasWorkingDesk": false, "hasPrivateBathroom": false}, "whole": {"area": 120, "extras": {"hasPool": false, "hasGarden": false, "hasParking": true, "hasTerrace": false}, "bedrooms": {"shared": 2, "individual": 4}, "bathrooms": 2, "appliances": {"hasTV": false, "hasOven": false, "hasWifi": false, "hasDryer": true, "hasHeating": false, "hasLaundry": false, "hasElevator": false, "hasMicrowave": false, "hasDishwasher": false, "hasCoffeeMaker": false, "hasRefrigerator": true, "hasAirConditioning": true, "isWheelchairAccessible": false}, "areUtilitiesIncluded": false}}', '{"petsAllowed": true, "coupleAllowed": true, "guestsAllowed": true, "partiesAllowed": true, "smokingAllowed": true, "childrenAllowed": true}', '{"maximumStay": {"unit": "month", "value": 2}, "minimumStay": {"unit": "month", "value": 1}, "availableFrom": "2025-10-06T18:42:44.480Z"}', '{"currentTenants": {"male": 0, "other": 0, "female": 1}, "ownerLivesHere": false}', '{"owner": {"name": "", "email": "", "phone": ""}}', '2025-10-06 18:44:24.061329+00', '2025-10-06 18:44:23.425+00', '{"age": {"max": 100, "min": 18}, "gender": {"male": true, "female": true, "non_binary": true, "prefer_not_to_say": true}, "currentOccupation": {"student": true, "employed": true, "unemployed": true}}', '{"cover": "https://eazucuralkbhkzrztanc.supabase.co/storage/v1/object/public/room-images/f8b78fb5-3dc5-41fc-b9df-84815aa0c130/1759776257964-1000141066.jpg", "gallery": ["https://eazucuralkbhkzrztanc.supabase.co/storage/v1/object/public/room-images/f8b78fb5-3dc5-41fc-b9df-84815aa0c130/1759776253209-1000141272.jpg", "https://eazucuralkbhkzrztanc.supabase.co/storage/v1/object/public/room-images/f8b78fb5-3dc5-41fc-b9df-84815aa0c130/1759776257964-1000141066.jpg", "https://eazucuralkbhkzrztanc.supabase.co/storage/v1/object/public/room-images/f8b78fb5-3dc5-41fc-b9df-84815aa0c130/1759776260838-1000141068.jpg"]}', 'private-room'),
	('bf053415-d2b3-459c-80b5-a15f45f5473b', '90c3b1b3-8d9d-48c3-ba2b-de018ecf95d1', 'Spacious room in the best neighbourhood in barcelona', 'ROOM : Q1




Barcelona Grcia Quartier
One of Barcelonas safest and most central neighborhoods, cosmopolitan yet rooted in true Catalan culture, with vibrant plazas, local cafs, and authentic charm.




 Rent a room in Barcelona 




 PRICE? 770 BILLS included




 DEPOSIT? 1 month




AVAILABILITY? From NOW




MINIMUM STAY? 4months




FOR COUPLE? No




HOW MANY PEOPLE LIVE IN THE FLAT? 5 in total. 2 Bathrooms




 It is a very QUIET flat mixed located in the Barcelona. VERDAGUER METRO, Safety area, big terrace




For more information, leave a comment below and we will send the contact of the owner', 'available', '{"lat": 41.4019432, "lng": 2.1620225, "city": "Barcelona", "address": "52, Carrer de Tordera, la Vila de Grcia, Grcia, Barcelona, Barcelons, Barcelona, Catalunya, 08037, Espaa", "country": "Espaa", "postalCode": "08037"}', '{"amount": 770, "currency": "EUR", "isIncluded": false, "isNegotiable": false, "additionalCosts": {"deposit": 0, "otherFees": 0, "utilities": 0}, "paymentFrequency": "monthly"}', '{"room": {"area": 200, "bedType": "double", "hasWindow": true, "hasBalcony": true, "isFurnished": true, "hasWorkingDesk": true, "hasPrivateBathroom": false}, "whole": {"area": 200, "extras": {"hasPool": false, "hasGarden": false, "hasParking": false, "hasTerrace": true}, "bedrooms": {"shared": 0, "individual": 4}, "bathrooms": 2, "appliances": {"hasTV": false, "hasOven": true, "hasWifi": true, "hasDryer": true, "hasHeating": false, "hasLaundry": false, "hasElevator": false, "hasMicrowave": true, "hasDishwasher": true, "hasCoffeeMaker": false, "hasRefrigerator": true, "hasAirConditioning": false, "isWheelchairAccessible": false}, "areUtilitiesIncluded": true}}', '{"petsAllowed": true, "coupleAllowed": true, "guestsAllowed": true, "partiesAllowed": true, "smokingAllowed": true, "childrenAllowed": true}', '{"maximumStay": {"unit": "month", "value": 11}, "minimumStay": {"unit": "month", "value": 1}, "availableFrom": "2025-10-09T02:58:30.432Z"}', '{"currentTenants": {"male": 1, "other": 0, "female": 3}, "ownerLivesHere": false}', '{"owner": {"name": "", "email": "", "phone": ""}}', '2025-10-09 03:04:23.203299+00', '2025-10-09 03:04:22.843+00', '{"age": {"max": 100, "min": 18}, "gender": {"male": true, "female": true, "non_binary": true, "prefer_not_to_say": true}, "currentOccupation": {"student": true, "employed": true, "unemployed": true}}', '{"cover": "https://eazucuralkbhkzrztanc.supabase.co/storage/v1/object/public/room-images/90c3b1b3-8d9d-48c3-ba2b-de018ecf95d1/1759979058549-bca9d53a-c7c9-4c32-af65-7cc7faadfb23.jpeg", "gallery": ["https://eazucuralkbhkzrztanc.supabase.co/storage/v1/object/public/room-images/90c3b1b3-8d9d-48c3-ba2b-de018ecf95d1/1759979058549-bca9d53a-c7c9-4c32-af65-7cc7faadfb23.jpeg", "https://eazucuralkbhkzrztanc.supabase.co/storage/v1/object/public/room-images/90c3b1b3-8d9d-48c3-ba2b-de018ecf95d1/1759979059461-9f1621eb-0132-4cd7-b9d8-da9133e327b6.jpeg", "https://eazucuralkbhkzrztanc.supabase.co/storage/v1/object/public/room-images/90c3b1b3-8d9d-48c3-ba2b-de018ecf95d1/1759979059869-8eee02ee-1a68-48a1-8b8f-bef55912bd93.jpeg", "https://eazucuralkbhkzrztanc.supabase.co/storage/v1/object/public/room-images/90c3b1b3-8d9d-48c3-ba2b-de018ecf95d1/1759979060792-a2da9e9d-624a-452c-aa18-19a20fabe264.jpeg", "https://eazucuralkbhkzrztanc.supabase.co/storage/v1/object/public/room-images/90c3b1b3-8d9d-48c3-ba2b-de018ecf95d1/1759979061204-7ab834ba-3f19-45ad-9c3e-cec8d2608849.jpeg", "https://eazucuralkbhkzrztanc.supabase.co/storage/v1/object/public/room-images/90c3b1b3-8d9d-48c3-ba2b-de018ecf95d1/1759979061609-396cf737-6912-48ef-ba64-ea4dcb909feb.jpeg", "https://eazucuralkbhkzrztanc.supabase.co/storage/v1/object/public/room-images/90c3b1b3-8d9d-48c3-ba2b-de018ecf95d1/1759979062019-362249ad-ebd4-4e18-8301-e7300886fc47.jpeg", "https://eazucuralkbhkzrztanc.supabase.co/storage/v1/object/public/room-images/90c3b1b3-8d9d-48c3-ba2b-de018ecf95d1/1759979062301-a661b542-c6fb-4497-bb9b-8c3e8de5de5f.jpeg", "https://eazucuralkbhkzrztanc.supabase.co/storage/v1/object/public/room-images/90c3b1b3-8d9d-48c3-ba2b-de018ecf95d1/1759979062587-30d3e583-ca87-4519-939f-29c5b06f2423.jpeg"]}', 'private-room'),
	('51b5f931-453d-4cc0-8ded-f0738e9aa63b', 'f8b78fb5-3dc5-41fc-b9df-84815aa0c130', 'test room', 'Hello everyone! 

The flat is really bright with a nice balcony and the location is close to the center with good public transport connection.
The room is exterior  and it has double bed 

 The flat is next to 4 Bicing stops 
 1 min walk from L4 Barceloneta metro station 
 1 min walk to Port Vell Marina 
 2 mins walk to La Barceloneta and Sant Miguel Beach (W Hotel) 
 Lidl, Caprabo, Spar, Dia supermarkets and Mercat de la Barceloneta are nearby 
 5 mins walk to train main stop Estacin de Franca 
 Fiber Internet 
 Deposit 350 
 5 mins walk to 4 Gym Centres. 
', 'available', '{"lat": 43.4787111, "lng": -5.7558608, "city": "Gijn / Xixn", "address": "Riera, L''Abada Cenero, Gijn / Xixn, Asturias / Asturies, 33392, Espaa", "country": "Espaa", "postalCode": "33392"}', '{"amount": 21, "currency": "EUR", "isIncluded": false, "isNegotiable": false, "additionalCosts": {"deposit": 0, "otherFees": 0, "utilities": 0}, "paymentFrequency": "monthly"}', '{"room": {"bedType": "single", "hasWindow": false, "hasBalcony": false, "isFurnished": true, "hasWorkingDesk": false, "hasPrivateBathroom": false}, "whole": {"extras": {"hasPool": true, "hasGarden": false, "hasParking": false, "hasTerrace": false}, "bedrooms": {"shared": 0, "individual": 1}, "bathrooms": 0, "appliances": {"hasTV": false, "hasOven": false, "hasWifi": false, "hasDryer": false, "hasHeating": false, "hasLaundry": true, "hasElevator": false, "hasMicrowave": true, "hasDishwasher": false, "hasCoffeeMaker": false, "hasRefrigerator": false, "hasAirConditioning": false, "isWheelchairAccessible": false}, "areUtilitiesIncluded": false}}', '{"petsAllowed": true, "coupleAllowed": true, "guestsAllowed": true, "partiesAllowed": true, "smokingAllowed": true, "childrenAllowed": true}', '{"maximumStay": {"unit": "year", "value": 2}, "minimumStay": {"unit": "month", "value": 1}, "availableFrom": "2025-10-14T15:35:11.357Z"}', '{"currentTenants": {"male": 1, "other": 0, "female": 0}, "ownerLivesHere": false}', '{"owner": {"name": "", "email": "", "phone": ""}}', '2025-10-14 15:59:03.703103+00', '2025-10-14 15:59:02.932+00', '{"age": {"max": 100, "min": 18}, "gender": {"male": true, "female": true, "non_binary": true, "prefer_not_to_say": true}, "currentOccupation": {"student": true, "employed": true, "unemployed": true}}', '{"cover": "https://eazucuralkbhkzrztanc.supabase.co/storage/v1/object/public/room-images/f8b78fb5-3dc5-41fc-b9df-84815aa0c130/1760457542711-Captura%20de%20pantalla%202025-10-14%20174905.png", "gallery": ["https://eazucuralkbhkzrztanc.supabase.co/storage/v1/object/public/room-images/f8b78fb5-3dc5-41fc-b9df-84815aa0c130/1760457542404-Captura%20de%20pantalla%202025-10-14%20173559.png", "https://eazucuralkbhkzrztanc.supabase.co/storage/v1/object/public/room-images/f8b78fb5-3dc5-41fc-b9df-84815aa0c130/1760457542711-Captura%20de%20pantalla%202025-10-14%20174905.png"]}', 'private-room');


--
-- Data for Name: conversations; Type: TABLE DATA; Schema: public; Owner: postgres
--



--
-- Data for Name: messages; Type: TABLE DATA; Schema: public; Owner: postgres
--



--
-- Data for Name: room_images; Type: TABLE DATA; Schema: public; Owner: postgres
--



--
-- Data for Name: room_user_interactions; Type: TABLE DATA; Schema: public; Owner: postgres
--

INSERT INTO "public"."room_user_interactions" ("user_id", "room_id", "last_action_at", "action") VALUES
	('90c3b1b3-8d9d-48c3-ba2b-de018ecf95d1', '1f7a9fd0-107e-4c7a-bf08-8fce19785f87', '2025-10-16 12:30:45.299+00', 'like'),
	('f8b78fb5-3dc5-41fc-b9df-84815aa0c130', '4a9e7c52-1d3f-4c6a-8d26-5f2b7e1a9d04', '2025-10-18 14:09:53.645+00', 'like'),
	('90c3b1b3-8d9d-48c3-ba2b-de018ecf95d1', '95a8689f-ac7c-44c1-84b7-a40655d4ba4a', '2025-10-20 09:52:34.548+00', 'like'),
	('90c3b1b3-8d9d-48c3-ba2b-de018ecf95d1', '51b5f931-453d-4cc0-8ded-f0738e9aa63b', '2025-10-20 20:24:07.757+00', 'like'),
	('f8b78fb5-3dc5-41fc-b9df-84815aa0c130', 'bf053415-d2b3-459c-80b5-a15f45f5473b', '2025-10-24 15:53:57.117+00', 'like'),
	('90c3b1b3-8d9d-48c3-ba2b-de018ecf95d1', '3f1c8a91-2e7d-4d5b-b9b4-9a8ff24cdb03', '2025-09-29 02:38:05.616+00', 'like'),
	('f8b78fb5-3dc5-41fc-b9df-84815aa0c130', 'f52cfcf3-8184-4bfd-a125-3fd2fbf34e6b', '2025-09-29 06:04:12.939+00', 'like'),
	('90c3b1b3-8d9d-48c3-ba2b-de018ecf95d1', '2b0d6d5e-5c2a-4f4f-9014-4d0c2d9b8c02', '2025-09-29 19:17:08.864+00', 'like'),
	('90c3b1b3-8d9d-48c3-ba2b-de018ecf95d1', '4a9e7c52-1d3f-4c6a-8d26-5f2b7e1a9d04', '2025-09-29 19:17:53.278+00', 'like'),
	('f8b78fb5-3dc5-41fc-b9df-84815aa0c130', '2b0d6d5e-5c2a-4f4f-9014-4d0c2d9b8c02', '2025-10-03 13:42:05.292+00', 'like'),
	('90c3b1b3-8d9d-48c3-ba2b-de018ecf95d1', 'f52cfcf3-8184-4bfd-a125-3fd2fbf34e6b', '2025-10-04 13:53:32.892+00', 'like'),
	('90c3b1b3-8d9d-48c3-ba2b-de018ecf95d1', '8bf059c7-4a5a-4569-98b3-9de2bac7ff57', '2025-10-04 13:53:49.087+00', 'like');


--
-- Data for Name: room_verifications; Type: TABLE DATA; Schema: public; Owner: postgres
--



--
-- Data for Name: buckets; Type: TABLE DATA; Schema: storage; Owner: supabase_storage_admin
--

INSERT INTO "storage"."buckets" ("id", "name", "owner", "created_at", "updated_at", "public", "avif_autodetection", "file_size_limit", "allowed_mime_types", "owner_id", "type") VALUES
	('room-images', 'room-images', NULL, '2025-06-25 21:11:37.493227+00', '2025-06-25 21:11:37.493227+00', true, false, NULL, NULL, NULL, 'STANDARD');


--
-- Data for Name: buckets_analytics; Type: TABLE DATA; Schema: storage; Owner: supabase_storage_admin
--



--
-- Data for Name: objects; Type: TABLE DATA; Schema: storage; Owner: supabase_storage_admin
--

INSERT INTO "storage"."objects" ("id", "bucket_id", "name", "owner", "created_at", "updated_at", "last_accessed_at", "metadata", "version", "owner_id", "user_metadata", "level") VALUES
	('c20c695f-afc7-4b4c-8c03-edaa0195fbeb', 'room-images', 'f8b78fb5-3dc5-41fc-b9df-84815aa0c130/1759153999753-1000140187.jpg', 'f8b78fb5-3dc5-41fc-b9df-84815aa0c130', '2025-09-29 13:53:20.769628+00', '2025-09-29 13:53:20.769628+00', '2025-09-29 13:53:20.769628+00', '{"eTag": "\"7ea390798ca6202b02728206e3bb07e1\"", "size": 2358893, "mimetype": "image/jpeg", "cacheControl": "max-age=3600", "lastModified": "2025-09-29T13:53:21.000Z", "contentLength": 2358893, "httpStatusCode": 200}', '7a73d934-dda0-4f7c-9324-f8ab961f945e', 'f8b78fb5-3dc5-41fc-b9df-84815aa0c130', '{}', 2),
	('fd0e37d0-db86-46a8-a50c-e161a85b39f0', 'room-images', 'f8b78fb5-3dc5-41fc-b9df-84815aa0c130/1759154000727-1000140081.webp', 'f8b78fb5-3dc5-41fc-b9df-84815aa0c130', '2025-09-29 13:53:21.29434+00', '2025-09-29 13:53:21.29434+00', '2025-09-29 13:53:21.29434+00', '{"eTag": "\"9c2526934ebdd9a0e077f12ce4a07557\"", "size": 468028, "mimetype": "image/webp", "cacheControl": "max-age=3600", "lastModified": "2025-09-29T13:53:22.000Z", "contentLength": 468028, "httpStatusCode": 200}', '969ee9c9-6f82-4c6d-943b-de1fa6ca5931', 'f8b78fb5-3dc5-41fc-b9df-84815aa0c130', '{}', 2),
	('5db95c67-ce53-409f-beea-d2cf483d6eae', 'room-images', 'f8b78fb5-3dc5-41fc-b9df-84815aa0c130/1759154001153-1000140012.jpg', 'f8b78fb5-3dc5-41fc-b9df-84815aa0c130', '2025-09-29 13:53:22.033837+00', '2025-09-29 13:53:22.033837+00', '2025-09-29 13:53:22.033837+00', '{"eTag": "\"3a196dfc45829d3b3014a3bc395e9489\"", "size": 2912358, "mimetype": "image/jpeg", "cacheControl": "max-age=3600", "lastModified": "2025-09-29T13:53:22.000Z", "contentLength": 2912358, "httpStatusCode": 200}', '4a6f9c6a-f209-40c3-ba25-425c50ba23ac', 'f8b78fb5-3dc5-41fc-b9df-84815aa0c130', '{}', 2),
	('a879c6a2-3151-451b-88ad-2465d91c82f9', 'room-images', 'f8b78fb5-3dc5-41fc-b9df-84815aa0c130/1759154001893-1000139925.jpg', 'f8b78fb5-3dc5-41fc-b9df-84815aa0c130', '2025-09-29 13:53:22.580044+00', '2025-09-29 13:53:22.580044+00', '2025-09-29 13:53:22.580044+00', '{"eTag": "\"0d966d8a4563b15751f17827fc51082e\"", "size": 1428535, "mimetype": "image/jpeg", "cacheControl": "max-age=3600", "lastModified": "2025-09-29T13:53:23.000Z", "contentLength": 1428535, "httpStatusCode": 200}', '7a5f2dbe-ae1b-4616-9278-e0e818386e15', 'f8b78fb5-3dc5-41fc-b9df-84815aa0c130', '{}', 2),
	('9fe4900b-0b1e-4556-8a23-27e35a9653cf', 'room-images', 'f8b78fb5-3dc5-41fc-b9df-84815aa0c130/1759154002568-1000136680.jpg', 'f8b78fb5-3dc5-41fc-b9df-84815aa0c130', '2025-09-29 13:53:23.397123+00', '2025-09-29 13:53:23.397123+00', '2025-09-29 13:53:23.397123+00', '{"eTag": "\"ab3531657f9583f6f822b5fbb4371bd6\"", "size": 2686503, "mimetype": "image/jpeg", "cacheControl": "max-age=3600", "lastModified": "2025-09-29T13:53:24.000Z", "contentLength": 2686503, "httpStatusCode": 200}', '2b74a29f-8ea3-4e5b-98c9-dc09a0dd6dc9', 'f8b78fb5-3dc5-41fc-b9df-84815aa0c130', '{}', 2),
	('7cb3982b-0bc9-4959-8740-f373636b319a', 'room-images', 'f8b78fb5-3dc5-41fc-b9df-84815aa0c130/1759499214426-Captura de pantalla 2025-09-28 153416.png', 'f8b78fb5-3dc5-41fc-b9df-84815aa0c130', '2025-10-03 13:46:55.369139+00', '2025-10-03 13:46:55.369139+00', '2025-10-03 13:46:55.369139+00', '{"eTag": "\"9355167038027a62633e6f3ce19d0711\"", "size": 1679342, "mimetype": "image/png", "cacheControl": "max-age=3600", "lastModified": "2025-10-03T13:46:56.000Z", "contentLength": 1679342, "httpStatusCode": 200}', '4f8397b1-19f8-45bd-b2b1-3332364bd4e7', 'f8b78fb5-3dc5-41fc-b9df-84815aa0c130', '{}', 2),
	('59c2fd40-fa05-4774-bf6f-29e938b01d7f', 'room-images', 'f8b78fb5-3dc5-41fc-b9df-84815aa0c130/1759499215059-Captura de pantalla 2025-09-28 153428.png', 'f8b78fb5-3dc5-41fc-b9df-84815aa0c130', '2025-10-03 13:46:55.812729+00', '2025-10-03 13:46:55.812729+00', '2025-10-03 13:46:55.812729+00', '{"eTag": "\"209dba13c062ecfe0702e40cd25f3fb6\"", "size": 1233505, "mimetype": "image/png", "cacheControl": "max-age=3600", "lastModified": "2025-10-03T13:46:56.000Z", "contentLength": 1233505, "httpStatusCode": 200}', 'dd16bd11-b1ab-4985-bd5d-fcf7b9217cb6', 'f8b78fb5-3dc5-41fc-b9df-84815aa0c130', '{}', 2),
	('d9e76785-8289-488b-861b-36723a764cff', 'room-images', 'f8b78fb5-3dc5-41fc-b9df-84815aa0c130/1759499215565-Captura de pantalla 2025-09-28 153435.png', 'f8b78fb5-3dc5-41fc-b9df-84815aa0c130', '2025-10-03 13:46:56.33664+00', '2025-10-03 13:46:56.33664+00', '2025-10-03 13:46:56.33664+00', '{"eTag": "\"29897c9c2e49997e3126a24badba6423\"", "size": 1301453, "mimetype": "image/png", "cacheControl": "max-age=3600", "lastModified": "2025-10-03T13:46:57.000Z", "contentLength": 1301453, "httpStatusCode": 200}', '1dda20d0-3595-4b9f-a440-ecfb25c87465', 'f8b78fb5-3dc5-41fc-b9df-84815aa0c130', '{}', 2),
	('0c8acf87-d9d9-4d7a-a103-0b73e906e95f', 'room-images', 'f8b78fb5-3dc5-41fc-b9df-84815aa0c130/1759776253209-1000141272.jpg', 'f8b78fb5-3dc5-41fc-b9df-84815aa0c130', '2025-10-06 18:44:18.127796+00', '2025-10-06 18:44:18.127796+00', '2025-10-06 18:44:18.127796+00', '{"eTag": "\"9327a224eac1a367adfa5e252e41bb11\"", "size": 3736298, "mimetype": "image/jpeg", "cacheControl": "max-age=3600", "lastModified": "2025-10-06T18:44:19.000Z", "contentLength": 3736298, "httpStatusCode": 200}', 'd2a79100-3a48-4da8-a114-d9c41d318ca0', 'f8b78fb5-3dc5-41fc-b9df-84815aa0c130', '{}', 2),
	('5c2e41b7-05af-419b-b7c4-b051d27280c7', 'room-images', 'f8b78fb5-3dc5-41fc-b9df-84815aa0c130/1759776257964-1000141066.jpg', 'f8b78fb5-3dc5-41fc-b9df-84815aa0c130', '2025-10-06 18:44:20.926934+00', '2025-10-06 18:44:20.926934+00', '2025-10-06 18:44:20.926934+00', '{"eTag": "\"97db55a03de26da79fb6341dd1a7b565\"", "size": 2539759, "mimetype": "image/jpeg", "cacheControl": "max-age=3600", "lastModified": "2025-10-06T18:44:21.000Z", "contentLength": 2539759, "httpStatusCode": 200}', '6aacbb26-4bb8-4261-a03d-28c9e513308a', 'f8b78fb5-3dc5-41fc-b9df-84815aa0c130', '{}', 2),
	('77dca2e3-b0f7-482e-8a1b-6ae480d002c8', 'room-images', 'f8b78fb5-3dc5-41fc-b9df-84815aa0c130/1759776260838-1000141068.jpg', 'f8b78fb5-3dc5-41fc-b9df-84815aa0c130', '2025-10-06 18:44:23.675547+00', '2025-10-06 18:44:23.675547+00', '2025-10-06 18:44:23.675547+00', '{"eTag": "\"364c8fc4ef5ffb7b0986b98a3e725dd3\"", "size": 2599883, "mimetype": "image/jpeg", "cacheControl": "max-age=3600", "lastModified": "2025-10-06T18:44:24.000Z", "contentLength": 2599883, "httpStatusCode": 200}', 'ca871c19-55a7-4b8b-a124-e1afa0dabf42', 'f8b78fb5-3dc5-41fc-b9df-84815aa0c130', '{}', 2),
	('e5dcd016-1f1e-477d-83e1-7f343401cf87', 'room-images', '90c3b1b3-8d9d-48c3-ba2b-de018ecf95d1/1759979058549-bca9d53a-c7c9-4c32-af65-7cc7faadfb23.jpeg', '90c3b1b3-8d9d-48c3-ba2b-de018ecf95d1', '2025-10-09 03:04:19.365435+00', '2025-10-09 03:04:19.365435+00', '2025-10-09 03:04:19.365435+00', '{"eTag": "\"d30ed907960febb80c06a9394e50ae3f\"", "size": 508177, "mimetype": "image/jpeg", "cacheControl": "max-age=3600", "lastModified": "2025-10-09T03:04:20.000Z", "contentLength": 508177, "httpStatusCode": 200}', 'd8f527e2-63c4-48f9-a7f5-4987d0c2ae98', '90c3b1b3-8d9d-48c3-ba2b-de018ecf95d1', '{}', 2),
	('e5448054-abad-4b67-8c79-1fbd3f5e19ac', 'room-images', '90c3b1b3-8d9d-48c3-ba2b-de018ecf95d1/1759979059461-9f1621eb-0132-4cd7-b9d8-da9133e327b6.jpeg', '90c3b1b3-8d9d-48c3-ba2b-de018ecf95d1', '2025-10-09 03:04:19.817255+00', '2025-10-09 03:04:19.817255+00', '2025-10-09 03:04:19.817255+00', '{"eTag": "\"45456ed72875b6b8c84a49cc5a3f4cd2\"", "size": 614570, "mimetype": "image/jpeg", "cacheControl": "max-age=3600", "lastModified": "2025-10-09T03:04:20.000Z", "contentLength": 614570, "httpStatusCode": 200}', '0a008d0e-8c78-4e2a-b5f1-68448fe172a7', '90c3b1b3-8d9d-48c3-ba2b-de018ecf95d1', '{}', 2),
	('623bdc0f-9d72-4226-8fa6-244264c3d59d', 'room-images', '90c3b1b3-8d9d-48c3-ba2b-de018ecf95d1/1759979059869-8eee02ee-1a68-48a1-8b8f-bef55912bd93.jpeg', '90c3b1b3-8d9d-48c3-ba2b-de018ecf95d1', '2025-10-09 03:04:20.453469+00', '2025-10-09 03:04:20.453469+00', '2025-10-09 03:04:20.453469+00', '{"eTag": "\"51edaf37702b49d452ae63bc67dc9d89\"", "size": 445231, "mimetype": "image/jpeg", "cacheControl": "max-age=3600", "lastModified": "2025-10-09T03:04:21.000Z", "contentLength": 445231, "httpStatusCode": 200}', '594eb897-023b-4088-a08f-65b23a0d779c', '90c3b1b3-8d9d-48c3-ba2b-de018ecf95d1', '{}', 2),
	('5c14cdbb-aeeb-4eac-a202-13be1a7975d7', 'room-images', '90c3b1b3-8d9d-48c3-ba2b-de018ecf95d1/1759979060792-a2da9e9d-624a-452c-aa18-19a20fabe264.jpeg', '90c3b1b3-8d9d-48c3-ba2b-de018ecf95d1', '2025-10-09 03:04:21.179267+00', '2025-10-09 03:04:21.179267+00', '2025-10-09 03:04:21.179267+00', '{"eTag": "\"3e210372d643b073a4da7e751b56858a\"", "size": 396920, "mimetype": "image/jpeg", "cacheControl": "max-age=3600", "lastModified": "2025-10-09T03:04:22.000Z", "contentLength": 396920, "httpStatusCode": 200}', '163afd38-3d39-4d7e-b36f-dfeeef491df0', '90c3b1b3-8d9d-48c3-ba2b-de018ecf95d1', '{}', 2),
	('14625f5a-a0ad-4150-8cfd-dc1f3ea78034', 'room-images', '90c3b1b3-8d9d-48c3-ba2b-de018ecf95d1/1759979061204-7ab834ba-3f19-45ad-9c3e-cec8d2608849.jpeg', '90c3b1b3-8d9d-48c3-ba2b-de018ecf95d1', '2025-10-09 03:04:21.552946+00', '2025-10-09 03:04:21.552946+00', '2025-10-09 03:04:21.552946+00', '{"eTag": "\"704f3fc3fd3915080e6200c22aa89ed9\"", "size": 616136, "mimetype": "image/jpeg", "cacheControl": "max-age=3600", "lastModified": "2025-10-09T03:04:22.000Z", "contentLength": 616136, "httpStatusCode": 200}', '11638610-288f-4169-97ac-ffaf290c88c3', '90c3b1b3-8d9d-48c3-ba2b-de018ecf95d1', '{}', 2),
	('ac709ebc-25f7-4d4a-a1fb-ddc98dfece50', 'room-images', '90c3b1b3-8d9d-48c3-ba2b-de018ecf95d1/1759979061609-396cf737-6912-48ef-ba64-ea4dcb909feb.jpeg', '90c3b1b3-8d9d-48c3-ba2b-de018ecf95d1', '2025-10-09 03:04:21.985787+00', '2025-10-09 03:04:21.985787+00', '2025-10-09 03:04:21.985787+00', '{"eTag": "\"bdf3bcad27766c116f71f02ac8fdd9c9\"", "size": 348712, "mimetype": "image/jpeg", "cacheControl": "max-age=3600", "lastModified": "2025-10-09T03:04:22.000Z", "contentLength": 348712, "httpStatusCode": 200}', '937ffc62-5b1d-434f-b42a-f9467b785e7c', '90c3b1b3-8d9d-48c3-ba2b-de018ecf95d1', '{}', 2),
	('43371151-3197-4ca5-8399-4f3f843aaf2e', 'room-images', '90c3b1b3-8d9d-48c3-ba2b-de018ecf95d1/1759979062019-362249ad-ebd4-4e18-8301-e7300886fc47.jpeg', '90c3b1b3-8d9d-48c3-ba2b-de018ecf95d1', '2025-10-09 03:04:22.311354+00', '2025-10-09 03:04:22.311354+00', '2025-10-09 03:04:22.311354+00', '{"eTag": "\"4774eb76ec7e1eee6102bf2eb8e27fa5\"", "size": 310135, "mimetype": "image/jpeg", "cacheControl": "max-age=3600", "lastModified": "2025-10-09T03:04:23.000Z", "contentLength": 310135, "httpStatusCode": 200}', '3c4f7a00-a07c-4774-a984-fb316b24dd00', '90c3b1b3-8d9d-48c3-ba2b-de018ecf95d1', '{}', 2),
	('2649c470-0aa7-420a-a355-7f8091e25167', 'room-images', '90c3b1b3-8d9d-48c3-ba2b-de018ecf95d1/1759979062301-a661b542-c6fb-4497-bb9b-8c3e8de5de5f.jpeg', '90c3b1b3-8d9d-48c3-ba2b-de018ecf95d1', '2025-10-09 03:04:22.59976+00', '2025-10-09 03:04:22.59976+00', '2025-10-09 03:04:22.59976+00', '{"eTag": "\"500c467b09cc4c4e1342da6e423555ce\"", "size": 446451, "mimetype": "image/jpeg", "cacheControl": "max-age=3600", "lastModified": "2025-10-09T03:04:23.000Z", "contentLength": 446451, "httpStatusCode": 200}', '43ca33b8-eb3f-4c7a-9a8d-8d92034475d9', '90c3b1b3-8d9d-48c3-ba2b-de018ecf95d1', '{}', 2),
	('87b0f9c6-eef8-4795-9936-7a6c57b30f89', 'room-images', '90c3b1b3-8d9d-48c3-ba2b-de018ecf95d1/1759979062587-30d3e583-ca87-4519-939f-29c5b06f2423.jpeg', '90c3b1b3-8d9d-48c3-ba2b-de018ecf95d1', '2025-10-09 03:04:22.863727+00', '2025-10-09 03:04:22.863727+00', '2025-10-09 03:04:22.863727+00', '{"eTag": "\"8aed8da7c7f5add50d48e09bc0c83199\"", "size": 398247, "mimetype": "image/jpeg", "cacheControl": "max-age=3600", "lastModified": "2025-10-09T03:04:23.000Z", "contentLength": 398247, "httpStatusCode": 200}', '5461df4f-8644-461d-8073-5dc2c8c67765', '90c3b1b3-8d9d-48c3-ba2b-de018ecf95d1', '{}', 2),
	('4765642f-9432-4d3a-8485-e75dd7e540a7', 'room-images', 'f8b78fb5-3dc5-41fc-b9df-84815aa0c130/1760457542404-Captura de pantalla 2025-10-14 173559.png', 'f8b78fb5-3dc5-41fc-b9df-84815aa0c130', '2025-10-14 15:59:03.247849+00', '2025-10-14 15:59:03.247849+00', '2025-10-14 15:59:03.247849+00', '{"eTag": "\"7a1c9a61a89549e86cef36f9be008295\"", "size": 17672, "mimetype": "image/png", "cacheControl": "max-age=3600", "lastModified": "2025-10-14T15:59:04.000Z", "contentLength": 17672, "httpStatusCode": 200}', '28422d33-e197-4507-92d8-da0bfc330f5c', 'f8b78fb5-3dc5-41fc-b9df-84815aa0c130', '{}', 2),
	('6e21a1a8-b9d0-43b7-a2d3-9ec4ec8d4101', 'room-images', 'f8b78fb5-3dc5-41fc-b9df-84815aa0c130/1760457542711-Captura de pantalla 2025-10-14 174905.png', 'f8b78fb5-3dc5-41fc-b9df-84815aa0c130', '2025-10-14 15:59:03.480451+00', '2025-10-14 15:59:03.480451+00', '2025-10-14 15:59:03.480451+00', '{"eTag": "\"9f1a9c8064e72fab79ba3f3846c315f7\"", "size": 43995, "mimetype": "image/png", "cacheControl": "max-age=3600", "lastModified": "2025-10-14T15:59:04.000Z", "contentLength": 43995, "httpStatusCode": 200}', '5d9f83d5-9069-410f-9265-353deff62f74', 'f8b78fb5-3dc5-41fc-b9df-84815aa0c130', '{}', 2);


--
-- Data for Name: prefixes; Type: TABLE DATA; Schema: storage; Owner: supabase_storage_admin
--

INSERT INTO "storage"."prefixes" ("bucket_id", "name", "created_at", "updated_at") VALUES
	('room-images', 'f8b78fb5-3dc5-41fc-b9df-84815aa0c130', '2025-09-29 13:53:20.769628+00', '2025-09-29 13:53:20.769628+00'),
	('room-images', '90c3b1b3-8d9d-48c3-ba2b-de018ecf95d1', '2025-10-09 03:04:19.365435+00', '2025-10-09 03:04:19.365435+00');


--
-- Data for Name: s3_multipart_uploads; Type: TABLE DATA; Schema: storage; Owner: supabase_storage_admin
--



--
-- Data for Name: s3_multipart_uploads_parts; Type: TABLE DATA; Schema: storage; Owner: supabase_storage_admin
--



--
-- Name: refresh_tokens_id_seq; Type: SEQUENCE SET; Schema: auth; Owner: supabase_auth_admin
--

SELECT pg_catalog.setval('"auth"."refresh_tokens_id_seq"', 101, true);


--
-- PostgreSQL database dump complete
--

RESET ALL;
