SET session_replication_role = replica;

--
-- PostgreSQL database dump
--

-- Dumped from database version 17.4
-- Dumped by pg_dump version 17.4

SET statement_timeout = 0;
SET lock_timeout = 0;
SET idle_in_transaction_session_timeout = 0;
SET transaction_timeout = 0;
SET client_encoding = 'UTF8';
SET standard_conforming_strings = on;
SELECT pg_catalog.set_config('search_path', '', false);
SET check_function_bodies = false;
SET xmloption = content;
SET client_min_messages = warning;
SET row_security = off;

--
-- Data for Name: audit_log_entries; Type: TABLE DATA; Schema: auth; Owner: supabase_auth_admin
--

INSERT INTO "auth"."audit_log_entries" ("instance_id", "id", "payload", "created_at", "ip_address") VALUES
	('00000000-0000-0000-0000-000000000000', '89c3e376-0d36-4f7d-b552-5873c9eee25c', '{"action":"user_confirmation_requested","actor_id":"c099e839-74a0-49cc-a34a-d45c74131a76","actor_username":"gubaupol@gmail.com","actor_via_sso":false,"log_type":"user","traits":{"provider":"email"}}', '2025-08-24 12:28:43.049342+00', ''),
	('00000000-0000-0000-0000-000000000000', 'a2d749a1-28ac-417c-9973-1063b91eac30', '{"action":"user_confirmation_requested","actor_id":"c099e839-74a0-49cc-a34a-d45c74131a76","actor_username":"gubaupol@gmail.com","actor_via_sso":false,"log_type":"user","traits":{"provider":"email"}}', '2025-08-24 12:30:28.76579+00', ''),
	('00000000-0000-0000-0000-000000000000', '6f6e71c6-3baf-4359-9023-93022090a751', '{"action":"user_signedup","actor_id":"c099e839-74a0-49cc-a34a-d45c74131a76","actor_name":"Pol Gubau","actor_username":"gubaupol@gmail.com","actor_via_sso":false,"log_type":"team","traits":{"provider":"google"}}', '2025-08-28 13:18:17.982016+00', ''),
	('00000000-0000-0000-0000-000000000000', '9c018e46-795b-4b8f-aa5c-475e1394731a', '{"action":"user_deleted","actor_id":"00000000-0000-0000-0000-000000000000","actor_username":"service_role","actor_via_sso":false,"log_type":"team","traits":{"user_email":"gubaupol@gmail.com","user_id":"c099e839-74a0-49cc-a34a-d45c74131a76","user_phone":""}}', '2025-08-28 13:20:14.031495+00', ''),
	('00000000-0000-0000-0000-000000000000', '015479bb-4e47-4719-bf08-6804f9182bc7', '{"action":"user_signedup","actor_id":"a9763082-88ee-4a49-a7ba-54b3e479c3e9","actor_name":"Pol Gubau","actor_username":"gubaupol@gmail.com","actor_via_sso":false,"log_type":"team","traits":{"provider":"google"}}', '2025-08-28 13:20:53.40576+00', ''),
	('00000000-0000-0000-0000-000000000000', 'a66ea2e5-1263-40dd-8920-ad29df88bb11', '{"action":"user_deleted","actor_id":"00000000-0000-0000-0000-000000000000","actor_username":"service_role","actor_via_sso":false,"log_type":"team","traits":{"user_email":"gubaupol@gmail.com","user_id":"a9763082-88ee-4a49-a7ba-54b3e479c3e9","user_phone":""}}', '2025-08-28 13:53:22.84679+00', ''),
	('00000000-0000-0000-0000-000000000000', 'f7d78513-d92e-49c9-b5fb-214bbc7ce50a', '{"action":"user_signedup","actor_id":"e6809870-7834-4f05-920e-b097e2046ce0","actor_name":"Pol Gubau","actor_username":"gubaupol@gmail.com","actor_via_sso":false,"log_type":"team","traits":{"provider":"google"}}', '2025-08-28 13:54:36.82133+00', ''),
	('00000000-0000-0000-0000-000000000000', '973bb8b6-b135-4dc9-b535-ae30bd0af053', '{"action":"user_deleted","actor_id":"00000000-0000-0000-0000-000000000000","actor_username":"service_role","actor_via_sso":false,"log_type":"team","traits":{"user_email":"gubaupol@gmail.com","user_id":"e6809870-7834-4f05-920e-b097e2046ce0","user_phone":""}}', '2025-08-28 14:21:47.663962+00', ''),
	('00000000-0000-0000-0000-000000000000', 'e310d465-0420-4015-9f7a-99d94915ab8f', '{"action":"user_signedup","actor_id":"90f9f5d0-1270-47ac-adcd-3e9b0054bcc5","actor_name":"Pol Gubau","actor_username":"gubaupol@gmail.com","actor_via_sso":false,"log_type":"team","traits":{"provider":"google"}}', '2025-08-28 14:22:56.35496+00', ''),
	('00000000-0000-0000-0000-000000000000', 'a5bfbe94-6bc2-413c-8b92-c9a8b8cd1491', '{"action":"user_deleted","actor_id":"00000000-0000-0000-0000-000000000000","actor_username":"service_role","actor_via_sso":false,"log_type":"team","traits":{"user_email":"gubaupol@gmail.com","user_id":"90f9f5d0-1270-47ac-adcd-3e9b0054bcc5","user_phone":""}}', '2025-08-28 14:29:54.631585+00', ''),
	('00000000-0000-0000-0000-000000000000', 'bc6ec34c-3a66-44ab-80bb-1bf8107c5e4b', '{"action":"user_signedup","actor_id":"318e218f-3436-4958-82f0-fd841376553a","actor_name":"Pol Gubau","actor_username":"gubaupol@gmail.com","actor_via_sso":false,"log_type":"team","traits":{"provider":"google"}}', '2025-08-28 14:30:13.074239+00', ''),
	('00000000-0000-0000-0000-000000000000', '05f10883-7d00-4f12-83dc-99d932060d38', '{"action":"login","actor_id":"318e218f-3436-4958-82f0-fd841376553a","actor_name":"Pol Gubau","actor_username":"gubaupol@gmail.com","actor_via_sso":false,"log_type":"account","traits":{"provider":"google"}}', '2025-08-28 14:52:29.384484+00', ''),
	('00000000-0000-0000-0000-000000000000', 'dcc21b00-d348-4859-b828-75bbddc7de4e', '{"action":"token_refreshed","actor_id":"318e218f-3436-4958-82f0-fd841376553a","actor_name":"Pol Gubau","actor_username":"gubaupol@gmail.com","actor_via_sso":false,"log_type":"token"}', '2025-08-28 15:50:57.066971+00', ''),
	('00000000-0000-0000-0000-000000000000', '8426cf57-3af4-4c97-83d9-2faac55887e0', '{"action":"token_revoked","actor_id":"318e218f-3436-4958-82f0-fd841376553a","actor_name":"Pol Gubau","actor_username":"gubaupol@gmail.com","actor_via_sso":false,"log_type":"token"}', '2025-08-28 15:50:57.088614+00', ''),
	('00000000-0000-0000-0000-000000000000', 'ea3f5e9c-9819-4720-b773-09cdeb669410', '{"action":"login","actor_id":"318e218f-3436-4958-82f0-fd841376553a","actor_name":"Pol Gubau","actor_username":"gubaupol@gmail.com","actor_via_sso":false,"log_type":"account","traits":{"provider":"google"}}', '2025-08-28 16:31:41.350171+00', ''),
	('00000000-0000-0000-0000-000000000000', '0d65619f-f5f6-487f-b760-ffbd8c14835a', '{"action":"user_deleted","actor_id":"00000000-0000-0000-0000-000000000000","actor_username":"service_role","actor_via_sso":false,"log_type":"team","traits":{"user_email":"gubaupol@gmail.com","user_id":"318e218f-3436-4958-82f0-fd841376553a","user_phone":""}}', '2025-08-28 16:33:54.345014+00', ''),
	('00000000-0000-0000-0000-000000000000', '8d5bc562-0fb5-41bf-990f-33ae0730128b', '{"action":"user_signedup","actor_id":"acdada83-28f4-47f6-b0e8-418792bf1706","actor_name":"Pol Gubau","actor_username":"gubaupol@gmail.com","actor_via_sso":false,"log_type":"team","traits":{"provider":"google"}}', '2025-08-28 16:34:47.81332+00', ''),
	('00000000-0000-0000-0000-000000000000', '7022d88a-6dd7-417f-8e4c-44df5a0f001b', '{"action":"token_refreshed","actor_id":"acdada83-28f4-47f6-b0e8-418792bf1706","actor_name":"Pol Gubau","actor_username":"gubaupol@gmail.com","actor_via_sso":false,"log_type":"token"}', '2025-08-28 17:42:46.108626+00', ''),
	('00000000-0000-0000-0000-000000000000', 'ba94e6bc-755d-4e9e-aacd-5a0dca1ec04d', '{"action":"token_revoked","actor_id":"acdada83-28f4-47f6-b0e8-418792bf1706","actor_name":"Pol Gubau","actor_username":"gubaupol@gmail.com","actor_via_sso":false,"log_type":"token"}', '2025-08-28 17:42:46.131258+00', ''),
	('00000000-0000-0000-0000-000000000000', 'dbc29ea6-2371-447a-9def-d98acdd35aa5', '{"action":"token_refreshed","actor_id":"acdada83-28f4-47f6-b0e8-418792bf1706","actor_name":"Pol Gubau","actor_username":"gubaupol@gmail.com","actor_via_sso":false,"log_type":"token"}', '2025-08-28 18:41:13.372858+00', ''),
	('00000000-0000-0000-0000-000000000000', 'b9caff45-ee35-48aa-b781-242998e89e70', '{"action":"token_revoked","actor_id":"acdada83-28f4-47f6-b0e8-418792bf1706","actor_name":"Pol Gubau","actor_username":"gubaupol@gmail.com","actor_via_sso":false,"log_type":"token"}', '2025-08-28 18:41:13.394382+00', ''),
	('00000000-0000-0000-0000-000000000000', '73255507-01bf-49b4-a81b-df6af472f1d1', '{"action":"token_refreshed","actor_id":"acdada83-28f4-47f6-b0e8-418792bf1706","actor_name":"Pol Gubau","actor_username":"gubaupol@gmail.com","actor_via_sso":false,"log_type":"token"}', '2025-08-28 20:32:16.750906+00', ''),
	('00000000-0000-0000-0000-000000000000', 'd8637b45-c777-4a7b-90f3-14c21d4a669d', '{"action":"token_revoked","actor_id":"acdada83-28f4-47f6-b0e8-418792bf1706","actor_name":"Pol Gubau","actor_username":"gubaupol@gmail.com","actor_via_sso":false,"log_type":"token"}', '2025-08-28 20:32:16.772798+00', ''),
	('00000000-0000-0000-0000-000000000000', 'a3f7c383-8797-4a28-8b41-57d4b57e7d44', '{"action":"token_refreshed","actor_id":"acdada83-28f4-47f6-b0e8-418792bf1706","actor_name":"Pol Gubau","actor_username":"gubaupol@gmail.com","actor_via_sso":false,"log_type":"token"}', '2025-08-28 21:48:55.267834+00', ''),
	('00000000-0000-0000-0000-000000000000', '0a5e4cc6-f563-4422-9a33-88bcd594f80e', '{"action":"token_revoked","actor_id":"acdada83-28f4-47f6-b0e8-418792bf1706","actor_name":"Pol Gubau","actor_username":"gubaupol@gmail.com","actor_via_sso":false,"log_type":"token"}', '2025-08-28 21:48:55.278542+00', ''),
	('00000000-0000-0000-0000-000000000000', '5497f513-028e-45bd-88a7-90b4f5600bdf', '{"action":"token_refreshed","actor_id":"acdada83-28f4-47f6-b0e8-418792bf1706","actor_name":"Pol Gubau","actor_username":"gubaupol@gmail.com","actor_via_sso":false,"log_type":"token"}', '2025-08-29 15:11:25.677777+00', ''),
	('00000000-0000-0000-0000-000000000000', '4250da4e-dc7b-45d9-b073-cfcb135668fb', '{"action":"token_revoked","actor_id":"acdada83-28f4-47f6-b0e8-418792bf1706","actor_name":"Pol Gubau","actor_username":"gubaupol@gmail.com","actor_via_sso":false,"log_type":"token"}', '2025-08-29 15:11:25.685194+00', ''),
	('00000000-0000-0000-0000-000000000000', '5b101ca8-8384-4c49-abdd-c721ddac5555', '{"action":"token_refreshed","actor_id":"acdada83-28f4-47f6-b0e8-418792bf1706","actor_name":"Pol Gubau","actor_username":"gubaupol@gmail.com","actor_via_sso":false,"log_type":"token"}', '2025-08-29 16:09:49.545881+00', ''),
	('00000000-0000-0000-0000-000000000000', '5d244b27-1cc1-41ca-b1e0-6000f1200f7e', '{"action":"token_revoked","actor_id":"acdada83-28f4-47f6-b0e8-418792bf1706","actor_name":"Pol Gubau","actor_username":"gubaupol@gmail.com","actor_via_sso":false,"log_type":"token"}', '2025-08-29 16:09:49.559733+00', ''),
	('00000000-0000-0000-0000-000000000000', '12547444-f1a7-4ec4-bf03-e5995e63ce23', '{"action":"token_refreshed","actor_id":"acdada83-28f4-47f6-b0e8-418792bf1706","actor_name":"Pol Gubau","actor_username":"gubaupol@gmail.com","actor_via_sso":false,"log_type":"token"}', '2025-08-29 17:24:20.424146+00', ''),
	('00000000-0000-0000-0000-000000000000', '57537e6c-2632-459d-b1ce-152c68b26e4c', '{"action":"token_revoked","actor_id":"acdada83-28f4-47f6-b0e8-418792bf1706","actor_name":"Pol Gubau","actor_username":"gubaupol@gmail.com","actor_via_sso":false,"log_type":"token"}', '2025-08-29 17:24:20.433688+00', ''),
	('00000000-0000-0000-0000-000000000000', 'f5a21600-243a-4641-9b93-214346e8088f', '{"action":"token_refreshed","actor_id":"acdada83-28f4-47f6-b0e8-418792bf1706","actor_name":"Pol Gubau","actor_username":"gubaupol@gmail.com","actor_via_sso":false,"log_type":"token"}', '2025-08-30 07:51:37.075892+00', ''),
	('00000000-0000-0000-0000-000000000000', '885f00b1-ffbc-4613-aaf6-9cd42af612a5', '{"action":"token_revoked","actor_id":"acdada83-28f4-47f6-b0e8-418792bf1706","actor_name":"Pol Gubau","actor_username":"gubaupol@gmail.com","actor_via_sso":false,"log_type":"token"}', '2025-08-30 07:51:37.098329+00', ''),
	('00000000-0000-0000-0000-000000000000', '1ba042fb-e2f2-486a-bd37-644102cad084', '{"action":"login","actor_id":"acdada83-28f4-47f6-b0e8-418792bf1706","actor_name":"Pol Gubau","actor_username":"gubaupol@gmail.com","actor_via_sso":false,"log_type":"account","traits":{"provider":"google"}}', '2025-08-30 08:36:29.530963+00', ''),
	('00000000-0000-0000-0000-000000000000', '04173517-b284-4c89-9868-15aec2ccfe53', '{"action":"logout","actor_id":"acdada83-28f4-47f6-b0e8-418792bf1706","actor_name":"Pol Gubau","actor_username":"gubaupol@gmail.com","actor_via_sso":false,"log_type":"account"}', '2025-08-30 09:10:44.979601+00', ''),
	('00000000-0000-0000-0000-000000000000', 'cd0bbeea-c3c9-4d9a-baaa-47ce13ffdbb8', '{"action":"login","actor_id":"acdada83-28f4-47f6-b0e8-418792bf1706","actor_name":"Pol Gubau","actor_username":"gubaupol@gmail.com","actor_via_sso":false,"log_type":"account","traits":{"provider":"google"}}', '2025-08-30 09:31:16.057106+00', ''),
	('00000000-0000-0000-0000-000000000000', 'a6615f60-a655-4d55-a4a6-023952ca6a1b', '{"action":"logout","actor_id":"acdada83-28f4-47f6-b0e8-418792bf1706","actor_name":"Pol Gubau","actor_username":"gubaupol@gmail.com","actor_via_sso":false,"log_type":"account"}', '2025-08-30 10:12:08.649465+00', ''),
	('00000000-0000-0000-0000-000000000000', 'fbb9e67c-1a69-4b57-88fe-97e850df2fdc', '{"action":"user_deleted","actor_id":"00000000-0000-0000-0000-000000000000","actor_username":"service_role","actor_via_sso":false,"log_type":"team","traits":{"user_email":"gubaupol@gmail.com","user_id":"acdada83-28f4-47f6-b0e8-418792bf1706","user_phone":""}}', '2025-08-30 10:13:56.700979+00', ''),
	('00000000-0000-0000-0000-000000000000', '98d473ef-c0f6-4bb9-a358-2a50e7b12551', '{"action":"user_signedup","actor_id":"3a8440c5-d8c7-47e1-822f-fa18cf16e8fc","actor_name":"Pol Gubau","actor_username":"gubaupol@gmail.com","actor_via_sso":false,"log_type":"team","traits":{"provider":"google"}}', '2025-08-30 10:14:05.030831+00', ''),
	('00000000-0000-0000-0000-000000000000', '5a4f3108-5eb4-4a08-9f03-4cb90d9da0f2', '{"action":"user_deleted","actor_id":"00000000-0000-0000-0000-000000000000","actor_username":"service_role","actor_via_sso":false,"log_type":"team","traits":{"user_email":"gubaupol@gmail.com","user_id":"3a8440c5-d8c7-47e1-822f-fa18cf16e8fc","user_phone":""}}', '2025-08-30 10:54:02.863253+00', ''),
	('00000000-0000-0000-0000-000000000000', 'bf2ca047-1244-48cf-92f6-3f4469f3d64c', '{"action":"user_signedup","actor_id":"b04e6317-968a-45a9-aa22-24fdd40f2dd1","actor_name":"Pol Gubau","actor_username":"gubaupol@gmail.com","actor_via_sso":false,"log_type":"team","traits":{"provider":"google"}}', '2025-08-30 10:54:33.761202+00', ''),
	('00000000-0000-0000-0000-000000000000', '55e4c020-6687-418a-8f59-1cc2eb376027', '{"action":"logout","actor_id":"b04e6317-968a-45a9-aa22-24fdd40f2dd1","actor_name":"Pol Gubau","actor_username":"gubaupol@gmail.com","actor_via_sso":false,"log_type":"account"}', '2025-08-30 10:56:16.411534+00', ''),
	('00000000-0000-0000-0000-000000000000', 'a967c399-be47-499d-8605-db2c856d1e2d', '{"action":"login","actor_id":"b04e6317-968a-45a9-aa22-24fdd40f2dd1","actor_name":"Pol Gubau","actor_username":"gubaupol@gmail.com","actor_via_sso":false,"log_type":"account","traits":{"provider":"google"}}', '2025-08-30 10:56:20.939138+00', ''),
	('00000000-0000-0000-0000-000000000000', 'd44f3b42-d8fe-49d9-bfbe-6618188eeffc', '{"action":"logout","actor_id":"b04e6317-968a-45a9-aa22-24fdd40f2dd1","actor_name":"Pol Gubau","actor_username":"gubaupol@gmail.com","actor_via_sso":false,"log_type":"account"}', '2025-08-30 10:56:37.919768+00', ''),
	('00000000-0000-0000-0000-000000000000', '74119fca-1646-4ffa-bcd5-c5a653ed76bb', '{"action":"user_deleted","actor_id":"00000000-0000-0000-0000-000000000000","actor_username":"service_role","actor_via_sso":false,"log_type":"team","traits":{"user_email":"gubaupol@gmail.com","user_id":"b04e6317-968a-45a9-aa22-24fdd40f2dd1","user_phone":""}}', '2025-08-30 10:57:01.352681+00', ''),
	('00000000-0000-0000-0000-000000000000', '30ff5daf-b4a2-4b49-9c99-c3f0320ef9e7', '{"action":"user_signedup","actor_id":"8b534c9a-1ac8-4f3d-acde-f7b3f2c61802","actor_name":"Pol Gubau","actor_username":"gubaupol@gmail.com","actor_via_sso":false,"log_type":"team","traits":{"provider":"google"}}', '2025-08-30 10:57:13.55842+00', ''),
	('00000000-0000-0000-0000-000000000000', 'f9a1c67f-0d87-4cae-98c4-3888fc441b97', '{"action":"user_deleted","actor_id":"00000000-0000-0000-0000-000000000000","actor_username":"service_role","actor_via_sso":false,"log_type":"team","traits":{"user_email":"gubaupol@gmail.com","user_id":"8b534c9a-1ac8-4f3d-acde-f7b3f2c61802","user_phone":""}}', '2025-08-30 11:06:27.865717+00', ''),
	('00000000-0000-0000-0000-000000000000', '5316805d-f3c3-47ce-b7e0-3a8cf485a2bd', '{"action":"user_signedup","actor_id":"f8b78fb5-3dc5-41fc-b9df-84815aa0c130","actor_name":"Pol Gubau","actor_username":"gubaupol@gmail.com","actor_via_sso":false,"log_type":"team","traits":{"provider":"google"}}', '2025-08-30 11:06:48.892078+00', ''),
	('00000000-0000-0000-0000-000000000000', '41c88f53-6f28-4107-b0bb-6345e7f19606', '{"action":"login","actor_id":"f8b78fb5-3dc5-41fc-b9df-84815aa0c130","actor_name":"Pol Gubau","actor_username":"gubaupol@gmail.com","actor_via_sso":false,"log_type":"account","traits":{"provider":"google"}}', '2025-08-30 11:59:38.304475+00', ''),
	('00000000-0000-0000-0000-000000000000', 'a53e7ea1-73b9-4fc8-8339-af11fa43f22d', '{"action":"token_refreshed","actor_id":"f8b78fb5-3dc5-41fc-b9df-84815aa0c130","actor_name":"Pol Gubau","actor_username":"gubaupol@gmail.com","actor_via_sso":false,"log_type":"token"}', '2025-08-30 12:06:01.831897+00', ''),
	('00000000-0000-0000-0000-000000000000', 'b37c970d-dc36-4b39-aa93-56811de1325e', '{"action":"token_revoked","actor_id":"f8b78fb5-3dc5-41fc-b9df-84815aa0c130","actor_name":"Pol Gubau","actor_username":"gubaupol@gmail.com","actor_via_sso":false,"log_type":"token"}', '2025-08-30 12:06:01.842055+00', ''),
	('00000000-0000-0000-0000-000000000000', '440f3f7f-fd05-4a9f-bd55-3b5d40ee01f6', '{"action":"token_refreshed","actor_id":"f8b78fb5-3dc5-41fc-b9df-84815aa0c130","actor_name":"Pol Gubau","actor_username":"gubaupol@gmail.com","actor_via_sso":false,"log_type":"token"}', '2025-08-30 13:44:20.116873+00', ''),
	('00000000-0000-0000-0000-000000000000', '92e82214-5c07-47d3-b943-e6b457061a39', '{"action":"token_revoked","actor_id":"f8b78fb5-3dc5-41fc-b9df-84815aa0c130","actor_name":"Pol Gubau","actor_username":"gubaupol@gmail.com","actor_via_sso":false,"log_type":"token"}', '2025-08-30 13:44:20.137097+00', ''),
	('00000000-0000-0000-0000-000000000000', '32f6fb38-da98-4cc7-b95d-185812554195', '{"action":"logout","actor_id":"f8b78fb5-3dc5-41fc-b9df-84815aa0c130","actor_name":"Pol Gubau","actor_username":"gubaupol@gmail.com","actor_via_sso":false,"log_type":"account"}', '2025-08-30 13:49:23.968702+00', ''),
	('00000000-0000-0000-0000-000000000000', '81403a96-b37c-4d66-965c-25173407d0e9', '{"action":"login","actor_id":"f8b78fb5-3dc5-41fc-b9df-84815aa0c130","actor_name":"Pol Gubau","actor_username":"gubaupol@gmail.com","actor_via_sso":false,"log_type":"account","traits":{"provider":"google"}}', '2025-08-30 13:49:30.839042+00', ''),
	('00000000-0000-0000-0000-000000000000', 'c6825059-2899-4b38-a983-e610f81ae191', '{"action":"token_refreshed","actor_id":"f8b78fb5-3dc5-41fc-b9df-84815aa0c130","actor_name":"Pol Gubau","actor_username":"gubaupol@gmail.com","actor_via_sso":false,"log_type":"token"}', '2025-08-30 15:02:07.283291+00', ''),
	('00000000-0000-0000-0000-000000000000', '6b6df096-3152-458e-95cc-45945dfdac73', '{"action":"token_revoked","actor_id":"f8b78fb5-3dc5-41fc-b9df-84815aa0c130","actor_name":"Pol Gubau","actor_username":"gubaupol@gmail.com","actor_via_sso":false,"log_type":"token"}', '2025-08-30 15:02:07.303862+00', ''),
	('00000000-0000-0000-0000-000000000000', 'd63f000a-ed7e-42d9-a075-330d7e328012', '{"action":"login","actor_id":"f8b78fb5-3dc5-41fc-b9df-84815aa0c130","actor_name":"Pol Gubau","actor_username":"gubaupol@gmail.com","actor_via_sso":false,"log_type":"account","traits":{"provider":"google"}}', '2025-09-01 09:30:07.38805+00', ''),
	('00000000-0000-0000-0000-000000000000', '161f282f-51d9-403d-b168-3910666ec1f9', '{"action":"user_confirmation_requested","actor_id":"52dd4a12-ec1c-418c-b1f8-4fa12003df11","actor_username":"mariaroges6@gmail.com","actor_via_sso":false,"log_type":"user","traits":{"provider":"email"}}', '2025-09-01 09:31:23.604871+00', ''),
	('00000000-0000-0000-0000-000000000000', '4040e25a-84f0-4bd0-8d37-e8ead6836faf', '{"action":"user_signedup","actor_id":"52dd4a12-ec1c-418c-b1f8-4fa12003df11","actor_username":"mariaroges6@gmail.com","actor_via_sso":false,"log_type":"team","traits":{"provider":"email"}}', '2025-09-01 09:33:46.668091+00', ''),
	('00000000-0000-0000-0000-000000000000', '020fc185-30ae-4822-b2b3-335a89fa2a1c', '{"action":"login","actor_id":"f8b78fb5-3dc5-41fc-b9df-84815aa0c130","actor_name":"Pol Gubau","actor_username":"gubaupol@gmail.com","actor_via_sso":false,"log_type":"account","traits":{"provider":"google"}}', '2025-09-01 11:12:26.282191+00', ''),
	('00000000-0000-0000-0000-000000000000', 'b2f09549-01ff-40c0-8fd2-94127b9278cd', '{"action":"login","actor_id":"f8b78fb5-3dc5-41fc-b9df-84815aa0c130","actor_name":"Pol Gubau","actor_username":"gubaupol@gmail.com","actor_via_sso":false,"log_type":"account","traits":{"provider":"google"}}', '2025-09-01 11:19:11.020526+00', ''),
	('00000000-0000-0000-0000-000000000000', 'dd5afba8-be94-419a-b903-d362cdf67f51', '{"action":"token_refreshed","actor_id":"f8b78fb5-3dc5-41fc-b9df-84815aa0c130","actor_name":"Pol Gubau","actor_username":"gubaupol@gmail.com","actor_via_sso":false,"log_type":"token"}', '2025-09-01 14:33:54.048026+00', ''),
	('00000000-0000-0000-0000-000000000000', '5a632072-e2d8-4b3f-a27f-35a92a91b830', '{"action":"token_revoked","actor_id":"f8b78fb5-3dc5-41fc-b9df-84815aa0c130","actor_name":"Pol Gubau","actor_username":"gubaupol@gmail.com","actor_via_sso":false,"log_type":"token"}', '2025-09-01 14:33:54.060031+00', ''),
	('00000000-0000-0000-0000-000000000000', 'f40761a3-ffbe-4c84-a8e5-5530a291c305', '{"action":"logout","actor_id":"f8b78fb5-3dc5-41fc-b9df-84815aa0c130","actor_name":"Pol Gubau","actor_username":"gubaupol@gmail.com","actor_via_sso":false,"log_type":"account"}', '2025-09-01 14:33:57.34359+00', ''),
	('00000000-0000-0000-0000-000000000000', '61f17397-24e8-45cb-9980-efe10a9a3179', '{"action":"login","actor_id":"f8b78fb5-3dc5-41fc-b9df-84815aa0c130","actor_name":"Pol Gubau","actor_username":"gubaupol@gmail.com","actor_via_sso":false,"log_type":"account","traits":{"provider":"google"}}', '2025-09-01 14:34:08.533517+00', ''),
	('00000000-0000-0000-0000-000000000000', '9776d897-aaba-479f-92d6-a13442549a00', '{"action":"login","actor_id":"f8b78fb5-3dc5-41fc-b9df-84815aa0c130","actor_name":"Pol Gubau","actor_username":"gubaupol@gmail.com","actor_via_sso":false,"log_type":"account","traits":{"provider":"google"}}', '2025-09-01 15:25:46.060373+00', ''),
	('00000000-0000-0000-0000-000000000000', '4e13329a-c0b5-4e4e-b787-c823c26b758a', '{"action":"user_signedup","actor_id":"90c3b1b3-8d9d-48c3-ba2b-de018ecf95d1","actor_name":"Lorenzo Federici","actor_username":"lorenzofederici98@gmail.com","actor_via_sso":false,"log_type":"team","traits":{"provider":"google"}}', '2025-09-04 02:49:54.104238+00', ''),
	('00000000-0000-0000-0000-000000000000', 'd7214718-5d67-4d66-b21e-a43faefb74b7', '{"action":"token_refreshed","actor_id":"90c3b1b3-8d9d-48c3-ba2b-de018ecf95d1","actor_name":"Lorenzo Federici","actor_username":"lorenzofederici98@gmail.com","actor_via_sso":false,"log_type":"token"}', '2025-09-04 10:02:20.997908+00', ''),
	('00000000-0000-0000-0000-000000000000', 'f2e8ae24-fd36-4324-aca0-2a9587676eea', '{"action":"token_revoked","actor_id":"90c3b1b3-8d9d-48c3-ba2b-de018ecf95d1","actor_name":"Lorenzo Federici","actor_username":"lorenzofederici98@gmail.com","actor_via_sso":false,"log_type":"token"}', '2025-09-04 10:02:21.020311+00', ''),
	('00000000-0000-0000-0000-000000000000', '8145f2a3-3231-45b2-9d7e-70fecddcfc3d', '{"action":"token_refreshed","actor_id":"90c3b1b3-8d9d-48c3-ba2b-de018ecf95d1","actor_name":"Lorenzo Federici","actor_username":"lorenzofederici98@gmail.com","actor_via_sso":false,"log_type":"token"}', '2025-09-04 13:23:23.830119+00', ''),
	('00000000-0000-0000-0000-000000000000', 'b0b55554-505e-42f7-a22b-1bf080358aeb', '{"action":"token_revoked","actor_id":"90c3b1b3-8d9d-48c3-ba2b-de018ecf95d1","actor_name":"Lorenzo Federici","actor_username":"lorenzofederici98@gmail.com","actor_via_sso":false,"log_type":"token"}', '2025-09-04 13:23:23.842639+00', ''),
	('00000000-0000-0000-0000-000000000000', '59df53f9-f6de-4159-9e1b-020abb85301c', '{"action":"token_refreshed","actor_id":"90c3b1b3-8d9d-48c3-ba2b-de018ecf95d1","actor_name":"Lorenzo Federici","actor_username":"lorenzofederici98@gmail.com","actor_via_sso":false,"log_type":"token"}', '2025-09-04 23:47:10.998432+00', ''),
	('00000000-0000-0000-0000-000000000000', '517a09e8-28a7-406b-b063-ccf2179e7afa', '{"action":"token_revoked","actor_id":"90c3b1b3-8d9d-48c3-ba2b-de018ecf95d1","actor_name":"Lorenzo Federici","actor_username":"lorenzofederici98@gmail.com","actor_via_sso":false,"log_type":"token"}', '2025-09-04 23:47:11.015526+00', ''),
	('00000000-0000-0000-0000-000000000000', '6c82dac2-67f7-4797-a063-5d0523f04d24', '{"action":"token_refreshed","actor_id":"90c3b1b3-8d9d-48c3-ba2b-de018ecf95d1","actor_name":"Lorenzo Federici","actor_username":"lorenzofederici98@gmail.com","actor_via_sso":false,"log_type":"token"}', '2025-09-06 17:53:28.609952+00', ''),
	('00000000-0000-0000-0000-000000000000', '527bc427-2230-41c3-aa9e-3278ee5f31c5', '{"action":"token_revoked","actor_id":"90c3b1b3-8d9d-48c3-ba2b-de018ecf95d1","actor_name":"Lorenzo Federici","actor_username":"lorenzofederici98@gmail.com","actor_via_sso":false,"log_type":"token"}', '2025-09-06 17:53:28.634765+00', ''),
	('00000000-0000-0000-0000-000000000000', '273f14b6-63a3-448e-a33d-77af50ddd218', '{"action":"token_refreshed","actor_id":"f8b78fb5-3dc5-41fc-b9df-84815aa0c130","actor_name":"Pol Gubau","actor_username":"gubaupol@gmail.com","actor_via_sso":false,"log_type":"token"}', '2025-09-21 08:40:25.810689+00', ''),
	('00000000-0000-0000-0000-000000000000', '4340a53c-25d1-46f1-8f1a-fc9fd05a92c1', '{"action":"token_revoked","actor_id":"f8b78fb5-3dc5-41fc-b9df-84815aa0c130","actor_name":"Pol Gubau","actor_username":"gubaupol@gmail.com","actor_via_sso":false,"log_type":"token"}', '2025-09-21 08:40:25.835275+00', ''),
	('00000000-0000-0000-0000-000000000000', '95e3ac20-cb80-457c-b55a-ef154240413d', '{"action":"token_refreshed","actor_id":"f8b78fb5-3dc5-41fc-b9df-84815aa0c130","actor_name":"Pol Gubau","actor_username":"gubaupol@gmail.com","actor_via_sso":false,"log_type":"token"}', '2025-09-22 07:21:51.370902+00', ''),
	('00000000-0000-0000-0000-000000000000', '61588e21-80e7-498a-ac1c-0c10d2e0cdd6', '{"action":"token_revoked","actor_id":"f8b78fb5-3dc5-41fc-b9df-84815aa0c130","actor_name":"Pol Gubau","actor_username":"gubaupol@gmail.com","actor_via_sso":false,"log_type":"token"}', '2025-09-22 07:21:51.394949+00', ''),
	('00000000-0000-0000-0000-000000000000', 'f5b1675d-d11a-4062-8765-47b0a2c83767', '{"action":"token_refreshed","actor_id":"90c3b1b3-8d9d-48c3-ba2b-de018ecf95d1","actor_name":"Lorenzo Federici","actor_username":"lorenzofederici98@gmail.com","actor_via_sso":false,"log_type":"token"}', '2025-09-22 15:48:35.465893+00', ''),
	('00000000-0000-0000-0000-000000000000', 'bcba3023-b636-4798-b661-a697ce4bc58a', '{"action":"token_revoked","actor_id":"90c3b1b3-8d9d-48c3-ba2b-de018ecf95d1","actor_name":"Lorenzo Federici","actor_username":"lorenzofederici98@gmail.com","actor_via_sso":false,"log_type":"token"}', '2025-09-22 15:48:35.483521+00', ''),
	('00000000-0000-0000-0000-000000000000', 'e4f42337-19b7-48e7-ba66-de740d744542', '{"action":"token_refreshed","actor_id":"90c3b1b3-8d9d-48c3-ba2b-de018ecf95d1","actor_name":"Lorenzo Federici","actor_username":"lorenzofederici98@gmail.com","actor_via_sso":false,"log_type":"token"}', '2025-09-22 18:42:47.815635+00', ''),
	('00000000-0000-0000-0000-000000000000', '24dce526-5dbf-4ac9-8b65-f4c9e684609d', '{"action":"token_revoked","actor_id":"90c3b1b3-8d9d-48c3-ba2b-de018ecf95d1","actor_name":"Lorenzo Federici","actor_username":"lorenzofederici98@gmail.com","actor_via_sso":false,"log_type":"token"}', '2025-09-22 18:42:47.838089+00', ''),
	('00000000-0000-0000-0000-000000000000', '3191a1cb-1f27-4613-95c7-ae520a68bac7', '{"action":"login","actor_id":"f8b78fb5-3dc5-41fc-b9df-84815aa0c130","actor_name":"Pol Gubau","actor_username":"gubaupol@gmail.com","actor_via_sso":false,"log_type":"account","traits":{"provider":"google"}}', '2025-09-25 13:30:31.385256+00', ''),
	('00000000-0000-0000-0000-000000000000', 'bb942481-fb5f-472e-9cc9-92c5542a40a4', '{"action":"login","actor_id":"f8b78fb5-3dc5-41fc-b9df-84815aa0c130","actor_name":"Pol Gubau","actor_username":"gubaupol@gmail.com","actor_via_sso":false,"log_type":"account","traits":{"provider":"google"}}', '2025-09-25 14:12:23.554761+00', ''),
	('00000000-0000-0000-0000-000000000000', '7a878e90-cff2-4120-ab81-57eb07f198b8', '{"action":"token_refreshed","actor_id":"90c3b1b3-8d9d-48c3-ba2b-de018ecf95d1","actor_name":"Lorenzo Federici","actor_username":"lorenzofederici98@gmail.com","actor_via_sso":false,"log_type":"token"}', '2025-09-29 02:34:32.576141+00', ''),
	('00000000-0000-0000-0000-000000000000', 'cc4fc2dc-ec4a-4e25-998d-e9b3feb2b38c', '{"action":"token_revoked","actor_id":"90c3b1b3-8d9d-48c3-ba2b-de018ecf95d1","actor_name":"Lorenzo Federici","actor_username":"lorenzofederici98@gmail.com","actor_via_sso":false,"log_type":"token"}', '2025-09-29 02:34:32.604651+00', ''),
	('00000000-0000-0000-0000-000000000000', '553d94dd-f3f3-493f-a095-9654882a39dd', '{"action":"login","actor_id":"f8b78fb5-3dc5-41fc-b9df-84815aa0c130","actor_name":"Pol Gubau","actor_username":"gubaupol@gmail.com","actor_via_sso":false,"log_type":"account","traits":{"provider":"google"}}', '2025-09-29 06:04:01.42955+00', ''),
	('00000000-0000-0000-0000-000000000000', '4f898d52-fb8c-47ae-925b-a5b48331a388', '{"action":"token_refreshed","actor_id":"f8b78fb5-3dc5-41fc-b9df-84815aa0c130","actor_name":"Pol Gubau","actor_username":"gubaupol@gmail.com","actor_via_sso":false,"log_type":"token"}', '2025-09-29 13:51:11.233886+00', ''),
	('00000000-0000-0000-0000-000000000000', 'dc4bf779-9a3d-4927-9183-cbce2ed3031c', '{"action":"token_revoked","actor_id":"f8b78fb5-3dc5-41fc-b9df-84815aa0c130","actor_name":"Pol Gubau","actor_username":"gubaupol@gmail.com","actor_via_sso":false,"log_type":"token"}', '2025-09-29 13:51:11.260059+00', ''),
	('00000000-0000-0000-0000-000000000000', '6d28791f-6229-4c69-87b3-b3c089de8223', '{"action":"token_refreshed","actor_id":"90c3b1b3-8d9d-48c3-ba2b-de018ecf95d1","actor_name":"Lorenzo Federici","actor_username":"lorenzofederici98@gmail.com","actor_via_sso":false,"log_type":"token"}', '2025-09-29 19:16:57.890717+00', ''),
	('00000000-0000-0000-0000-000000000000', 'c6a20f6a-e1a3-466f-8f9a-ead237262818', '{"action":"token_revoked","actor_id":"90c3b1b3-8d9d-48c3-ba2b-de018ecf95d1","actor_name":"Lorenzo Federici","actor_username":"lorenzofederici98@gmail.com","actor_via_sso":false,"log_type":"token"}', '2025-09-29 19:16:57.908997+00', ''),
	('00000000-0000-0000-0000-000000000000', '7118bce2-63d2-4333-a2c4-0c9174fb3897', '{"action":"token_refreshed","actor_id":"90c3b1b3-8d9d-48c3-ba2b-de018ecf95d1","actor_name":"Lorenzo Federici","actor_username":"lorenzofederici98@gmail.com","actor_via_sso":false,"log_type":"token"}', '2025-09-30 04:15:57.611142+00', ''),
	('00000000-0000-0000-0000-000000000000', '08edbc83-b79e-4d1d-a8db-285c71239524', '{"action":"token_revoked","actor_id":"90c3b1b3-8d9d-48c3-ba2b-de018ecf95d1","actor_name":"Lorenzo Federici","actor_username":"lorenzofederici98@gmail.com","actor_via_sso":false,"log_type":"token"}', '2025-09-30 04:15:57.639284+00', ''),
	('00000000-0000-0000-0000-000000000000', '0f36dcae-a5cf-4029-b354-83d9811b3220', '{"action":"token_refreshed","actor_id":"f8b78fb5-3dc5-41fc-b9df-84815aa0c130","actor_name":"Pol Gubau","actor_username":"gubaupol@gmail.com","actor_via_sso":false,"log_type":"token"}', '2025-09-30 12:39:50.951904+00', ''),
	('00000000-0000-0000-0000-000000000000', '7b5b8469-67a1-4aed-adcd-ca17f0b6d9d3', '{"action":"token_revoked","actor_id":"f8b78fb5-3dc5-41fc-b9df-84815aa0c130","actor_name":"Pol Gubau","actor_username":"gubaupol@gmail.com","actor_via_sso":false,"log_type":"token"}', '2025-09-30 12:39:50.962568+00', ''),
	('00000000-0000-0000-0000-000000000000', 'a0a7c15a-46ac-4417-a604-eb6166fe03cb', '{"action":"token_refreshed","actor_id":"f8b78fb5-3dc5-41fc-b9df-84815aa0c130","actor_name":"Pol Gubau","actor_username":"gubaupol@gmail.com","actor_via_sso":false,"log_type":"token"}', '2025-10-02 10:19:56.416629+00', ''),
	('00000000-0000-0000-0000-000000000000', '0d98cb9a-f9f0-4a47-a7c8-bee4881df968', '{"action":"token_revoked","actor_id":"f8b78fb5-3dc5-41fc-b9df-84815aa0c130","actor_name":"Pol Gubau","actor_username":"gubaupol@gmail.com","actor_via_sso":false,"log_type":"token"}', '2025-10-02 10:19:56.444022+00', ''),
	('00000000-0000-0000-0000-000000000000', 'fdc1aca7-9a5e-4e04-9e97-3428b6482ec1', '{"action":"token_refreshed","actor_id":"f8b78fb5-3dc5-41fc-b9df-84815aa0c130","actor_name":"Pol Gubau","actor_username":"gubaupol@gmail.com","actor_via_sso":false,"log_type":"token"}', '2025-10-03 10:41:43.827023+00', ''),
	('00000000-0000-0000-0000-000000000000', 'b5f532f6-427d-4988-80eb-b459da5f2cfb', '{"action":"token_revoked","actor_id":"f8b78fb5-3dc5-41fc-b9df-84815aa0c130","actor_name":"Pol Gubau","actor_username":"gubaupol@gmail.com","actor_via_sso":false,"log_type":"token"}', '2025-10-03 10:41:43.852475+00', ''),
	('00000000-0000-0000-0000-000000000000', '0325a575-63e3-43de-8811-1d0e6c2afdb0', '{"action":"token_refreshed","actor_id":"f8b78fb5-3dc5-41fc-b9df-84815aa0c130","actor_name":"Pol Gubau","actor_username":"gubaupol@gmail.com","actor_via_sso":false,"log_type":"token"}', '2025-10-03 11:12:36.785395+00', ''),
	('00000000-0000-0000-0000-000000000000', '5f92b389-7070-45b2-b403-c1395e968950', '{"action":"token_revoked","actor_id":"f8b78fb5-3dc5-41fc-b9df-84815aa0c130","actor_name":"Pol Gubau","actor_username":"gubaupol@gmail.com","actor_via_sso":false,"log_type":"token"}', '2025-10-03 11:12:36.796126+00', ''),
	('00000000-0000-0000-0000-000000000000', '0738e0f9-e36c-4572-9d4f-f9f87ecb80a1', '{"action":"logout","actor_id":"f8b78fb5-3dc5-41fc-b9df-84815aa0c130","actor_name":"Pol Gubau","actor_username":"gubaupol@gmail.com","actor_via_sso":false,"log_type":"account"}', '2025-10-03 11:12:40.49105+00', ''),
	('00000000-0000-0000-0000-000000000000', '9a019a1f-8e6e-40e7-88ab-7d94d804ec48', '{"action":"login","actor_id":"f8b78fb5-3dc5-41fc-b9df-84815aa0c130","actor_name":"Pol Gubau","actor_username":"gubaupol@gmail.com","actor_via_sso":false,"log_type":"account","traits":{"provider":"google"}}', '2025-10-03 11:12:45.634612+00', ''),
	('00000000-0000-0000-0000-000000000000', 'd2eb91eb-6cc7-4749-8714-330b17f5272a', '{"action":"login","actor_id":"f8b78fb5-3dc5-41fc-b9df-84815aa0c130","actor_name":"Pol Gubau","actor_username":"gubaupol@gmail.com","actor_via_sso":false,"log_type":"account","traits":{"provider":"google"}}', '2025-10-03 11:17:03.14097+00', ''),
	('00000000-0000-0000-0000-000000000000', 'bc3fa382-c8c5-43ce-8c02-b3f50cd42a23', '{"action":"login","actor_id":"f8b78fb5-3dc5-41fc-b9df-84815aa0c130","actor_name":"Pol Gubau","actor_username":"gubaupol@gmail.com","actor_via_sso":false,"log_type":"account","traits":{"provider":"google"}}', '2025-10-03 13:40:56.616877+00', ''),
	('00000000-0000-0000-0000-000000000000', 'de124b25-8351-4cee-b58f-955f77dff8fe', '{"action":"token_refreshed","actor_id":"f8b78fb5-3dc5-41fc-b9df-84815aa0c130","actor_name":"Pol Gubau","actor_username":"gubaupol@gmail.com","actor_via_sso":false,"log_type":"token"}', '2025-10-03 14:51:16.459637+00', ''),
	('00000000-0000-0000-0000-000000000000', 'e73ef7e8-9da5-46a2-b9d4-337aa27d87f8', '{"action":"token_revoked","actor_id":"f8b78fb5-3dc5-41fc-b9df-84815aa0c130","actor_name":"Pol Gubau","actor_username":"gubaupol@gmail.com","actor_via_sso":false,"log_type":"token"}', '2025-10-03 14:51:16.483896+00', ''),
	('00000000-0000-0000-0000-000000000000', 'd2d301d9-f76b-4559-8a4f-d941449adce5', '{"action":"login","actor_id":"f8b78fb5-3dc5-41fc-b9df-84815aa0c130","actor_name":"Pol Gubau","actor_username":"gubaupol@gmail.com","actor_via_sso":false,"log_type":"account","traits":{"provider":"google"}}', '2025-10-04 07:05:50.525305+00', ''),
	('00000000-0000-0000-0000-000000000000', '22cf3912-e302-4123-8413-a85f971aa2af', '{"action":"logout","actor_id":"f8b78fb5-3dc5-41fc-b9df-84815aa0c130","actor_name":"Pol Gubau","actor_username":"gubaupol@gmail.com","actor_via_sso":false,"log_type":"account"}', '2025-10-04 07:10:01.184435+00', ''),
	('00000000-0000-0000-0000-000000000000', 'dd03bb0c-9b20-40cd-a05c-4cc743b9bc7e', '{"action":"token_refreshed","actor_id":"90c3b1b3-8d9d-48c3-ba2b-de018ecf95d1","actor_name":"Lorenzo Federici","actor_username":"lorenzofederici98@gmail.com","actor_via_sso":false,"log_type":"token"}', '2025-10-04 13:53:25.418183+00', ''),
	('00000000-0000-0000-0000-000000000000', '6af8b31f-0ecd-4bfb-8d17-fecc79069698', '{"action":"token_revoked","actor_id":"90c3b1b3-8d9d-48c3-ba2b-de018ecf95d1","actor_name":"Lorenzo Federici","actor_username":"lorenzofederici98@gmail.com","actor_via_sso":false,"log_type":"token"}', '2025-10-04 13:53:25.440318+00', ''),
	('00000000-0000-0000-0000-000000000000', '3483342c-3897-4e40-b666-047c5408cfc0', '{"action":"token_refreshed","actor_id":"90c3b1b3-8d9d-48c3-ba2b-de018ecf95d1","actor_name":"Lorenzo Federici","actor_username":"lorenzofederici98@gmail.com","actor_via_sso":false,"log_type":"token"}', '2025-10-04 19:49:20.412817+00', ''),
	('00000000-0000-0000-0000-000000000000', '043077dd-63a3-4e1a-a29c-3ac8cc5aca6d', '{"action":"token_revoked","actor_id":"90c3b1b3-8d9d-48c3-ba2b-de018ecf95d1","actor_name":"Lorenzo Federici","actor_username":"lorenzofederici98@gmail.com","actor_via_sso":false,"log_type":"token"}', '2025-10-04 19:49:20.444988+00', ''),
	('00000000-0000-0000-0000-000000000000', '20b4313c-6a25-472c-bfc2-942b9731ff86', '{"action":"login","actor_id":"f8b78fb5-3dc5-41fc-b9df-84815aa0c130","actor_name":"Pol Gubau","actor_username":"gubaupol@gmail.com","actor_via_sso":false,"log_type":"account","traits":{"provider":"google"}}', '2025-10-06 18:42:15.847312+00', ''),
	('00000000-0000-0000-0000-000000000000', '1127f89f-e5b3-43bf-9bd0-1aa082d26430', '{"action":"login","actor_id":"90c3b1b3-8d9d-48c3-ba2b-de018ecf95d1","actor_name":"Lorenzo Federici","actor_username":"lorenzofederici98@gmail.com","actor_via_sso":false,"log_type":"account","traits":{"provider":"google"}}', '2025-10-09 02:57:17.94905+00', ''),
	('00000000-0000-0000-0000-000000000000', 'f7b7c1c1-a5fa-4b25-8153-c5d0747e127f', '{"action":"token_refreshed","actor_id":"90c3b1b3-8d9d-48c3-ba2b-de018ecf95d1","actor_name":"Lorenzo Federici","actor_username":"lorenzofederici98@gmail.com","actor_via_sso":false,"log_type":"token"}', '2025-10-09 13:56:48.362205+00', ''),
	('00000000-0000-0000-0000-000000000000', '615edd62-604b-4107-bc40-9f6ed8b29e13', '{"action":"token_revoked","actor_id":"90c3b1b3-8d9d-48c3-ba2b-de018ecf95d1","actor_name":"Lorenzo Federici","actor_username":"lorenzofederici98@gmail.com","actor_via_sso":false,"log_type":"token"}', '2025-10-09 13:56:48.38963+00', ''),
	('00000000-0000-0000-0000-000000000000', 'e0a5fbfe-cdfb-4aa2-8788-a6e6c9453d18', '{"action":"token_refreshed","actor_id":"90c3b1b3-8d9d-48c3-ba2b-de018ecf95d1","actor_name":"Lorenzo Federici","actor_username":"lorenzofederici98@gmail.com","actor_via_sso":false,"log_type":"token"}', '2025-10-11 03:33:59.974707+00', ''),
	('00000000-0000-0000-0000-000000000000', 'c3d9d5f2-951d-43a5-93c5-838509a1e53b', '{"action":"token_revoked","actor_id":"90c3b1b3-8d9d-48c3-ba2b-de018ecf95d1","actor_name":"Lorenzo Federici","actor_username":"lorenzofederici98@gmail.com","actor_via_sso":false,"log_type":"token"}', '2025-10-11 03:33:59.989547+00', ''),
	('00000000-0000-0000-0000-000000000000', 'd30ebb72-ef6c-4194-b2a5-c9183ac49467', '{"action":"token_refreshed","actor_id":"90c3b1b3-8d9d-48c3-ba2b-de018ecf95d1","actor_name":"Lorenzo Federici","actor_username":"lorenzofederici98@gmail.com","actor_via_sso":false,"log_type":"token"}', '2025-10-11 14:18:27.735344+00', ''),
	('00000000-0000-0000-0000-000000000000', 'e066a406-b35d-4788-b95b-8416f7a297c4', '{"action":"token_revoked","actor_id":"90c3b1b3-8d9d-48c3-ba2b-de018ecf95d1","actor_name":"Lorenzo Federici","actor_username":"lorenzofederici98@gmail.com","actor_via_sso":false,"log_type":"token"}', '2025-10-11 14:18:27.757866+00', ''),
	('00000000-0000-0000-0000-000000000000', '42b9595d-d7e5-4bfb-9a37-cf260312bc58', '{"action":"token_refreshed","actor_id":"90c3b1b3-8d9d-48c3-ba2b-de018ecf95d1","actor_name":"Lorenzo Federici","actor_username":"lorenzofederici98@gmail.com","actor_via_sso":false,"log_type":"token"}', '2025-10-12 02:09:10.260371+00', ''),
	('00000000-0000-0000-0000-000000000000', '58a4175e-b822-4f04-bd4e-a60be33e1389', '{"action":"token_revoked","actor_id":"90c3b1b3-8d9d-48c3-ba2b-de018ecf95d1","actor_name":"Lorenzo Federici","actor_username":"lorenzofederici98@gmail.com","actor_via_sso":false,"log_type":"token"}', '2025-10-12 02:09:10.287449+00', ''),
	('00000000-0000-0000-0000-000000000000', 'd7ceb785-d779-42b1-aa91-b08f2f4fc0f1', '{"action":"token_refreshed","actor_id":"90c3b1b3-8d9d-48c3-ba2b-de018ecf95d1","actor_name":"Lorenzo Federici","actor_username":"lorenzofederici98@gmail.com","actor_via_sso":false,"log_type":"token"}', '2025-10-12 11:04:52.093569+00', ''),
	('00000000-0000-0000-0000-000000000000', '812e9c02-8abc-4c55-a18f-eff2e7bb683a', '{"action":"token_revoked","actor_id":"90c3b1b3-8d9d-48c3-ba2b-de018ecf95d1","actor_name":"Lorenzo Federici","actor_username":"lorenzofederici98@gmail.com","actor_via_sso":false,"log_type":"token"}', '2025-10-12 11:04:52.11825+00', ''),
	('00000000-0000-0000-0000-000000000000', 'f574b45d-f82f-4208-8716-cd831cabad35', '{"action":"login","actor_id":"f8b78fb5-3dc5-41fc-b9df-84815aa0c130","actor_name":"Pol Gubau","actor_username":"gubaupol@gmail.com","actor_via_sso":false,"log_type":"account","traits":{"provider":"google"}}', '2025-10-12 14:17:46.043954+00', ''),
	('00000000-0000-0000-0000-000000000000', 'acc59df4-2294-4e27-98c0-6dd6766d31a2', '{"action":"token_refreshed","actor_id":"f8b78fb5-3dc5-41fc-b9df-84815aa0c130","actor_name":"Pol Gubau","actor_username":"gubaupol@gmail.com","actor_via_sso":false,"log_type":"token"}', '2025-10-13 00:09:36.208304+00', ''),
	('00000000-0000-0000-0000-000000000000', '58c5e91f-bcb9-4928-a851-47aad3e13490', '{"action":"token_revoked","actor_id":"f8b78fb5-3dc5-41fc-b9df-84815aa0c130","actor_name":"Pol Gubau","actor_username":"gubaupol@gmail.com","actor_via_sso":false,"log_type":"token"}', '2025-10-13 00:09:36.231727+00', ''),
	('00000000-0000-0000-0000-000000000000', '8f8969ab-768f-4415-bb70-aa03c7470d09', '{"action":"token_refreshed","actor_id":"f8b78fb5-3dc5-41fc-b9df-84815aa0c130","actor_name":"Pol Gubau","actor_username":"gubaupol@gmail.com","actor_via_sso":false,"log_type":"token"}', '2025-10-14 15:17:12.738764+00', ''),
	('00000000-0000-0000-0000-000000000000', '1cff6c46-a048-4866-a400-e45a9fcf14f3', '{"action":"token_revoked","actor_id":"f8b78fb5-3dc5-41fc-b9df-84815aa0c130","actor_name":"Pol Gubau","actor_username":"gubaupol@gmail.com","actor_via_sso":false,"log_type":"token"}', '2025-10-14 15:17:12.76057+00', ''),
	('00000000-0000-0000-0000-000000000000', '9d900e96-9ce8-48a9-995f-61c3b0fa6008', '{"action":"token_refreshed","actor_id":"f8b78fb5-3dc5-41fc-b9df-84815aa0c130","actor_name":"Pol Gubau","actor_username":"gubaupol@gmail.com","actor_via_sso":false,"log_type":"token"}', '2025-10-14 15:18:27.924008+00', ''),
	('00000000-0000-0000-0000-000000000000', 'fb358a57-ad5a-4efe-b4d5-af854b598663', '{"action":"token_revoked","actor_id":"f8b78fb5-3dc5-41fc-b9df-84815aa0c130","actor_name":"Pol Gubau","actor_username":"gubaupol@gmail.com","actor_via_sso":false,"log_type":"token"}', '2025-10-14 15:18:27.925057+00', ''),
	('00000000-0000-0000-0000-000000000000', '237a16b0-dd36-4ec7-a73b-d223b4103bc9', '{"action":"token_refreshed","actor_id":"90c3b1b3-8d9d-48c3-ba2b-de018ecf95d1","actor_name":"Lorenzo Federici","actor_username":"lorenzofederici98@gmail.com","actor_via_sso":false,"log_type":"token"}', '2025-10-14 15:18:34.009619+00', ''),
	('00000000-0000-0000-0000-000000000000', 'e11089fd-b75f-4a0c-8764-84928fde286b', '{"action":"token_revoked","actor_id":"90c3b1b3-8d9d-48c3-ba2b-de018ecf95d1","actor_name":"Lorenzo Federici","actor_username":"lorenzofederici98@gmail.com","actor_via_sso":false,"log_type":"token"}', '2025-10-14 15:18:34.010335+00', ''),
	('00000000-0000-0000-0000-000000000000', '5e38b183-b1f2-482d-a70d-6496eb552cd4', '{"action":"token_refreshed","actor_id":"90c3b1b3-8d9d-48c3-ba2b-de018ecf95d1","actor_name":"Lorenzo Federici","actor_username":"lorenzofederici98@gmail.com","actor_via_sso":false,"log_type":"token"}', '2025-10-14 15:19:53.850023+00', ''),
	('00000000-0000-0000-0000-000000000000', '800d59e2-3b55-4948-9fd2-3cff81e0fb51', '{"action":"token_revoked","actor_id":"90c3b1b3-8d9d-48c3-ba2b-de018ecf95d1","actor_name":"Lorenzo Federici","actor_username":"lorenzofederici98@gmail.com","actor_via_sso":false,"log_type":"token"}', '2025-10-14 15:19:53.850745+00', ''),
	('00000000-0000-0000-0000-000000000000', '2c9be808-6c35-48ae-8679-e1d37ae904b9', '{"action":"logout","actor_id":"f8b78fb5-3dc5-41fc-b9df-84815aa0c130","actor_name":"Pol Gubau","actor_username":"gubaupol@gmail.com","actor_via_sso":false,"log_type":"account"}', '2025-10-14 15:30:39.469404+00', ''),
	('00000000-0000-0000-0000-000000000000', '4710c72c-c671-477b-a405-f9fc363e399f', '{"action":"user_signedup","actor_id":"ba148caa-056f-44f4-9061-5cdd75232206","actor_name":"bakup pol","actor_username":"polbakup@gmail.com","actor_via_sso":false,"log_type":"team","traits":{"provider":"google"}}', '2025-10-14 15:30:54.666021+00', ''),
	('00000000-0000-0000-0000-000000000000', '50cf8fac-2d44-4dbf-a3b3-a5546a5bf471', '{"action":"logout","actor_id":"ba148caa-056f-44f4-9061-5cdd75232206","actor_name":"bakup pol","actor_username":"polbakup@gmail.com","actor_via_sso":false,"log_type":"account"}', '2025-10-14 15:32:21.144615+00', ''),
	('00000000-0000-0000-0000-000000000000', '7fe733e9-dd77-4a16-b4e1-95d8443b99f5', '{"action":"login","actor_id":"f8b78fb5-3dc5-41fc-b9df-84815aa0c130","actor_name":"Pol Gubau","actor_username":"gubaupol@gmail.com","actor_via_sso":false,"log_type":"account","traits":{"provider":"google"}}', '2025-10-14 15:32:45.911581+00', ''),
	('00000000-0000-0000-0000-000000000000', '4c4fd43c-f735-4f10-bbba-0e6394a5d303', '{"action":"logout","actor_id":"f8b78fb5-3dc5-41fc-b9df-84815aa0c130","actor_name":"Pol Gubau","actor_username":"gubaupol@gmail.com","actor_via_sso":false,"log_type":"account"}', '2025-10-14 15:33:08.368371+00', ''),
	('00000000-0000-0000-0000-000000000000', 'aba9caf0-ed03-4b48-932f-e113ef3f3f5f', '{"action":"login","actor_id":"f8b78fb5-3dc5-41fc-b9df-84815aa0c130","actor_name":"Pol Gubau","actor_username":"gubaupol@gmail.com","actor_via_sso":false,"log_type":"account","traits":{"provider":"google"}}', '2025-10-14 15:34:24.798664+00', ''),
	('00000000-0000-0000-0000-000000000000', '51e6af2a-f6c7-46a5-8484-3cb47376eb2c', '{"action":"login","actor_id":"f8b78fb5-3dc5-41fc-b9df-84815aa0c130","actor_name":"Pol Gubau","actor_username":"gubaupol@gmail.com","actor_via_sso":false,"log_type":"account","traits":{"provider":"google"}}', '2025-10-14 16:00:04.61781+00', ''),
	('00000000-0000-0000-0000-000000000000', '21047f2f-a2f6-4149-827d-cbd66c1224d3', '{"action":"token_refreshed","actor_id":"90c3b1b3-8d9d-48c3-ba2b-de018ecf95d1","actor_name":"Lorenzo Federici","actor_username":"lorenzofederici98@gmail.com","actor_via_sso":false,"log_type":"token"}', '2025-10-14 16:26:28.514472+00', ''),
	('00000000-0000-0000-0000-000000000000', '65ff94be-1543-41cb-aee9-d42a4cf70a53', '{"action":"token_revoked","actor_id":"90c3b1b3-8d9d-48c3-ba2b-de018ecf95d1","actor_name":"Lorenzo Federici","actor_username":"lorenzofederici98@gmail.com","actor_via_sso":false,"log_type":"token"}', '2025-10-14 16:26:28.529758+00', ''),
	('00000000-0000-0000-0000-000000000000', 'a0ae6963-e487-415d-9f4a-854e3ff8304c', '{"action":"token_refreshed","actor_id":"90c3b1b3-8d9d-48c3-ba2b-de018ecf95d1","actor_name":"Lorenzo Federici","actor_username":"lorenzofederici98@gmail.com","actor_via_sso":false,"log_type":"token"}', '2025-10-15 03:23:31.59486+00', ''),
	('00000000-0000-0000-0000-000000000000', '62179252-b4c8-4380-bb96-4b053dc853e9', '{"action":"token_revoked","actor_id":"90c3b1b3-8d9d-48c3-ba2b-de018ecf95d1","actor_name":"Lorenzo Federici","actor_username":"lorenzofederici98@gmail.com","actor_via_sso":false,"log_type":"token"}', '2025-10-15 03:23:31.621035+00', ''),
	('00000000-0000-0000-0000-000000000000', '81d696c6-9907-450e-b742-b3c16afa1c1f', '{"action":"login","actor_id":"f8b78fb5-3dc5-41fc-b9df-84815aa0c130","actor_name":"Pol Gubau","actor_username":"gubaupol@gmail.com","actor_via_sso":false,"log_type":"account","traits":{"provider":"google"}}', '2025-10-15 09:16:53.08359+00', ''),
	('00000000-0000-0000-0000-000000000000', 'e53a37e2-f2ad-43f2-8416-1bd5875162d1', '{"action":"token_refreshed","actor_id":"90c3b1b3-8d9d-48c3-ba2b-de018ecf95d1","actor_name":"Lorenzo Federici","actor_username":"lorenzofederici98@gmail.com","actor_via_sso":false,"log_type":"token"}', '2025-10-16 12:30:25.279295+00', ''),
	('00000000-0000-0000-0000-000000000000', '212eb11a-ae1b-4feb-b217-e2d5c430f48c', '{"action":"token_revoked","actor_id":"90c3b1b3-8d9d-48c3-ba2b-de018ecf95d1","actor_name":"Lorenzo Federici","actor_username":"lorenzofederici98@gmail.com","actor_via_sso":false,"log_type":"token"}', '2025-10-16 12:30:25.30737+00', ''),
	('00000000-0000-0000-0000-000000000000', '3df1b04f-aaf1-4be9-9c8e-6f972303de88', '{"action":"token_refreshed","actor_id":"90c3b1b3-8d9d-48c3-ba2b-de018ecf95d1","actor_name":"Lorenzo Federici","actor_username":"lorenzofederici98@gmail.com","actor_via_sso":false,"log_type":"token"}', '2025-10-16 14:44:56.552067+00', ''),
	('00000000-0000-0000-0000-000000000000', '09b0d3e0-18e8-4371-b7bc-f41a79d3b134', '{"action":"token_revoked","actor_id":"90c3b1b3-8d9d-48c3-ba2b-de018ecf95d1","actor_name":"Lorenzo Federici","actor_username":"lorenzofederici98@gmail.com","actor_via_sso":false,"log_type":"token"}', '2025-10-16 14:44:56.567098+00', ''),
	('00000000-0000-0000-0000-000000000000', 'e105513b-2dc8-462c-88f1-200251856f65', '{"action":"login","actor_id":"f8b78fb5-3dc5-41fc-b9df-84815aa0c130","actor_name":"Pol Gubau","actor_username":"gubaupol@gmail.com","actor_via_sso":false,"log_type":"account","traits":{"provider":"google"}}', '2025-10-18 14:09:21.81257+00', ''),
	('00000000-0000-0000-0000-000000000000', 'f1574f06-6845-445f-ae16-4c10f3ff6eda', '{"action":"login","actor_id":"f8b78fb5-3dc5-41fc-b9df-84815aa0c130","actor_name":"Pol Gubau","actor_username":"gubaupol@gmail.com","actor_via_sso":false,"log_type":"account","traits":{"provider":"google"}}', '2025-10-18 14:53:33.049161+00', ''),
	('00000000-0000-0000-0000-000000000000', '74560905-4d57-4738-b3f6-ef7dc13f7efc', '{"action":"token_refreshed","actor_id":"90c3b1b3-8d9d-48c3-ba2b-de018ecf95d1","actor_name":"Lorenzo Federici","actor_username":"lorenzofederici98@gmail.com","actor_via_sso":false,"log_type":"token"}', '2025-10-18 15:12:46.638505+00', ''),
	('00000000-0000-0000-0000-000000000000', '6537f8bb-59b8-4dfa-a565-357658a7eb7a', '{"action":"token_revoked","actor_id":"90c3b1b3-8d9d-48c3-ba2b-de018ecf95d1","actor_name":"Lorenzo Federici","actor_username":"lorenzofederici98@gmail.com","actor_via_sso":false,"log_type":"token"}', '2025-10-18 15:12:46.649374+00', ''),
	('00000000-0000-0000-0000-000000000000', '14bdd25f-cf0b-4977-b4a3-3fcb4ec38cad', '{"action":"token_refreshed","actor_id":"f8b78fb5-3dc5-41fc-b9df-84815aa0c130","actor_name":"Pol Gubau","actor_username":"gubaupol@gmail.com","actor_via_sso":false,"log_type":"token"}', '2025-10-18 16:18:27.266832+00', ''),
	('00000000-0000-0000-0000-000000000000', '75dede20-e1c5-4a39-8eea-3cd79903b610', '{"action":"token_revoked","actor_id":"f8b78fb5-3dc5-41fc-b9df-84815aa0c130","actor_name":"Pol Gubau","actor_username":"gubaupol@gmail.com","actor_via_sso":false,"log_type":"token"}', '2025-10-18 16:18:27.278784+00', ''),
	('00000000-0000-0000-0000-000000000000', '8f5502c8-a2e3-466d-a1fa-5f318ad2623f', '{"action":"token_refreshed","actor_id":"f8b78fb5-3dc5-41fc-b9df-84815aa0c130","actor_name":"Pol Gubau","actor_username":"gubaupol@gmail.com","actor_via_sso":false,"log_type":"token"}', '2025-10-18 17:45:15.728664+00', ''),
	('00000000-0000-0000-0000-000000000000', '71499b5c-ebff-4284-8051-518542000c6c', '{"action":"token_revoked","actor_id":"f8b78fb5-3dc5-41fc-b9df-84815aa0c130","actor_name":"Pol Gubau","actor_username":"gubaupol@gmail.com","actor_via_sso":false,"log_type":"token"}', '2025-10-18 17:45:15.752267+00', ''),
	('00000000-0000-0000-0000-000000000000', '17bb8dda-400e-4047-b4aa-1477a1a703d0', '{"action":"token_refreshed","actor_id":"90c3b1b3-8d9d-48c3-ba2b-de018ecf95d1","actor_name":"Lorenzo Federici","actor_username":"lorenzofederici98@gmail.com","actor_via_sso":false,"log_type":"token"}', '2025-10-20 09:52:21.22214+00', ''),
	('00000000-0000-0000-0000-000000000000', '267faa15-dee4-4e9b-8e86-c3f0a6da299c', '{"action":"token_revoked","actor_id":"90c3b1b3-8d9d-48c3-ba2b-de018ecf95d1","actor_name":"Lorenzo Federici","actor_username":"lorenzofederici98@gmail.com","actor_via_sso":false,"log_type":"token"}', '2025-10-20 09:52:21.25032+00', ''),
	('00000000-0000-0000-0000-000000000000', '91cbcdc2-06a2-4965-9002-9925607c7c76', '{"action":"user_signedup","actor_id":"64e1a945-5f0a-4200-b067-202540ea75a5","actor_name":"James Archidona","actor_username":"jamesarchibal@gmail.com","actor_via_sso":false,"log_type":"team","traits":{"provider":"google"}}', '2025-10-20 09:54:53.810499+00', ''),
	('00000000-0000-0000-0000-000000000000', 'e1a858c6-af97-4ef7-a7ca-9f14e4318310', '{"action":"token_refreshed","actor_id":"64e1a945-5f0a-4200-b067-202540ea75a5","actor_name":"James Archidona","actor_username":"jamesarchibal@gmail.com","actor_via_sso":false,"log_type":"token"}', '2025-10-20 12:21:55.707735+00', ''),
	('00000000-0000-0000-0000-000000000000', 'e15c6e62-6eaa-494d-a24a-50dc94ea6a92', '{"action":"token_revoked","actor_id":"64e1a945-5f0a-4200-b067-202540ea75a5","actor_name":"James Archidona","actor_username":"jamesarchibal@gmail.com","actor_via_sso":false,"log_type":"token"}', '2025-10-20 12:21:55.72133+00', ''),
	('00000000-0000-0000-0000-000000000000', '87fb7663-b67f-4f79-b593-8a24bfc77fed', '{"action":"token_refreshed","actor_id":"f8b78fb5-3dc5-41fc-b9df-84815aa0c130","actor_name":"Pol Gubau","actor_username":"gubaupol@gmail.com","actor_via_sso":false,"log_type":"token"}', '2025-10-20 15:48:15.696745+00', ''),
	('00000000-0000-0000-0000-000000000000', '73a118aa-811d-470a-a81b-7d5940d643c8', '{"action":"token_revoked","actor_id":"f8b78fb5-3dc5-41fc-b9df-84815aa0c130","actor_name":"Pol Gubau","actor_username":"gubaupol@gmail.com","actor_via_sso":false,"log_type":"token"}', '2025-10-20 15:48:15.711269+00', ''),
	('00000000-0000-0000-0000-000000000000', '2b1b1bb5-5f5d-4d05-b9f3-284ee13b8aa8', '{"action":"token_refreshed","actor_id":"90c3b1b3-8d9d-48c3-ba2b-de018ecf95d1","actor_name":"Lorenzo Federici","actor_username":"lorenzofederici98@gmail.com","actor_via_sso":false,"log_type":"token"}', '2025-10-20 20:23:54.641944+00', ''),
	('00000000-0000-0000-0000-000000000000', 'f8b09867-f5d3-4ffa-ad88-80d233aadbbb', '{"action":"token_revoked","actor_id":"90c3b1b3-8d9d-48c3-ba2b-de018ecf95d1","actor_name":"Lorenzo Federici","actor_username":"lorenzofederici98@gmail.com","actor_via_sso":false,"log_type":"token"}', '2025-10-20 20:23:54.661616+00', ''),
	('00000000-0000-0000-0000-000000000000', '87f5b7fd-173d-44ce-a785-fed10fdbfae5', '{"action":"token_refreshed","actor_id":"90c3b1b3-8d9d-48c3-ba2b-de018ecf95d1","actor_name":"Lorenzo Federici","actor_username":"lorenzofederici98@gmail.com","actor_via_sso":false,"log_type":"token"}', '2025-10-22 06:40:20.127168+00', ''),
	('00000000-0000-0000-0000-000000000000', '3419e7ff-3923-40d5-8748-da803361c02d', '{"action":"token_revoked","actor_id":"90c3b1b3-8d9d-48c3-ba2b-de018ecf95d1","actor_name":"Lorenzo Federici","actor_username":"lorenzofederici98@gmail.com","actor_via_sso":false,"log_type":"token"}', '2025-10-22 06:40:20.155214+00', ''),
	('00000000-0000-0000-0000-000000000000', '08aec4ab-cb05-4714-8389-8690c50c1a04', '{"action":"token_refreshed","actor_id":"90c3b1b3-8d9d-48c3-ba2b-de018ecf95d1","actor_name":"Lorenzo Federici","actor_username":"lorenzofederici98@gmail.com","actor_via_sso":false,"log_type":"token"}', '2025-10-23 01:15:32.131371+00', ''),
	('00000000-0000-0000-0000-000000000000', '08d55334-ea1c-42bb-8a49-c44e7450a35a', '{"action":"token_revoked","actor_id":"90c3b1b3-8d9d-48c3-ba2b-de018ecf95d1","actor_name":"Lorenzo Federici","actor_username":"lorenzofederici98@gmail.com","actor_via_sso":false,"log_type":"token"}', '2025-10-23 01:15:32.155347+00', ''),
	('00000000-0000-0000-0000-000000000000', '7254f182-fbdd-4c1b-90d9-e85d4d672e8e', '{"action":"token_refreshed","actor_id":"90c3b1b3-8d9d-48c3-ba2b-de018ecf95d1","actor_name":"Lorenzo Federici","actor_username":"lorenzofederici98@gmail.com","actor_via_sso":false,"log_type":"token"}', '2025-10-23 02:27:20.171767+00', ''),
	('00000000-0000-0000-0000-000000000000', 'a52bdf27-8465-4625-bc5e-48ce438f93d2', '{"action":"token_revoked","actor_id":"90c3b1b3-8d9d-48c3-ba2b-de018ecf95d1","actor_name":"Lorenzo Federici","actor_username":"lorenzofederici98@gmail.com","actor_via_sso":false,"log_type":"token"}', '2025-10-23 02:27:20.185303+00', ''),
	('00000000-0000-0000-0000-000000000000', '3937542b-6dfc-42f2-9d82-51efbdb3c12d', '{"action":"token_refreshed","actor_id":"90c3b1b3-8d9d-48c3-ba2b-de018ecf95d1","actor_name":"Lorenzo Federici","actor_username":"lorenzofederici98@gmail.com","actor_via_sso":false,"log_type":"token"}', '2025-10-23 08:58:28.559859+00', ''),
	('00000000-0000-0000-0000-000000000000', '9c36586b-f754-43e7-82c0-89ccad790c7e', '{"action":"token_revoked","actor_id":"90c3b1b3-8d9d-48c3-ba2b-de018ecf95d1","actor_name":"Lorenzo Federici","actor_username":"lorenzofederici98@gmail.com","actor_via_sso":false,"log_type":"token"}', '2025-10-23 08:58:28.57696+00', ''),
	('00000000-0000-0000-0000-000000000000', '045bda87-b2a8-4f4e-9b6f-32d17676c0cb', '{"action":"token_refreshed","actor_id":"f8b78fb5-3dc5-41fc-b9df-84815aa0c130","actor_name":"Pol Gubau","actor_username":"gubaupol@gmail.com","actor_via_sso":false,"log_type":"token"}', '2025-10-24 15:53:20.083069+00', ''),
	('00000000-0000-0000-0000-000000000000', '8e172c8c-fe35-43e5-9359-1077c291d3bc', '{"action":"token_revoked","actor_id":"f8b78fb5-3dc5-41fc-b9df-84815aa0c130","actor_name":"Pol Gubau","actor_username":"gubaupol@gmail.com","actor_via_sso":false,"log_type":"token"}', '2025-10-24 15:53:20.112842+00', ''),
	('00000000-0000-0000-0000-000000000000', '90980624-9ca3-447c-b86a-09c2788eb327', '{"action":"token_refreshed","actor_id":"f8b78fb5-3dc5-41fc-b9df-84815aa0c130","actor_name":"Pol Gubau","actor_username":"gubaupol@gmail.com","actor_via_sso":false,"log_type":"token"}', '2025-10-25 11:18:47.941255+00', ''),
	('00000000-0000-0000-0000-000000000000', '1e49e48e-c979-4a8f-a4d1-a1ed38eca24c', '{"action":"token_revoked","actor_id":"f8b78fb5-3dc5-41fc-b9df-84815aa0c130","actor_name":"Pol Gubau","actor_username":"gubaupol@gmail.com","actor_via_sso":false,"log_type":"token"}', '2025-10-25 11:18:47.967184+00', ''),
	('00000000-0000-0000-0000-000000000000', '3a4cc207-1bea-4df4-958a-03faab4d9dbc', '{"action":"token_refreshed","actor_id":"f8b78fb5-3dc5-41fc-b9df-84815aa0c130","actor_name":"Pol Gubau","actor_username":"gubaupol@gmail.com","actor_via_sso":false,"log_type":"token"}', '2025-11-06 16:37:10.077235+00', ''),
	('00000000-0000-0000-0000-000000000000', '81e147ac-c1f8-4e09-9cb6-ea2af9d96e72', '{"action":"token_revoked","actor_id":"f8b78fb5-3dc5-41fc-b9df-84815aa0c130","actor_name":"Pol Gubau","actor_username":"gubaupol@gmail.com","actor_via_sso":false,"log_type":"token"}', '2025-11-06 16:37:10.10082+00', ''),
	('00000000-0000-0000-0000-000000000000', 'bd972f49-43c8-4e23-abba-5937999667ec', '{"action":"token_refreshed","actor_id":"f8b78fb5-3dc5-41fc-b9df-84815aa0c130","actor_name":"Pol Gubau","actor_username":"gubaupol@gmail.com","actor_via_sso":false,"log_type":"token"}', '2025-11-07 07:55:44.200327+00', ''),
	('00000000-0000-0000-0000-000000000000', '3ff26316-bec0-4d6e-afdc-f1caed5a1c8c', '{"action":"token_revoked","actor_id":"f8b78fb5-3dc5-41fc-b9df-84815aa0c130","actor_name":"Pol Gubau","actor_username":"gubaupol@gmail.com","actor_via_sso":false,"log_type":"token"}', '2025-11-07 07:55:44.210292+00', ''),
	('00000000-0000-0000-0000-000000000000', '953c055b-e63e-4303-a364-d4014c4ff3f1', '{"action":"token_refreshed","actor_id":"90c3b1b3-8d9d-48c3-ba2b-de018ecf95d1","actor_name":"Lorenzo Federici","actor_username":"lorenzofederici98@gmail.com","actor_via_sso":false,"log_type":"token"}', '2025-11-07 17:16:53.3922+00', ''),
	('00000000-0000-0000-0000-000000000000', 'd63a4130-7634-49bf-954a-0b1976818823', '{"action":"token_revoked","actor_id":"90c3b1b3-8d9d-48c3-ba2b-de018ecf95d1","actor_name":"Lorenzo Federici","actor_username":"lorenzofederici98@gmail.com","actor_via_sso":false,"log_type":"token"}', '2025-11-07 17:16:53.400484+00', ''),
	('00000000-0000-0000-0000-000000000000', '21d45ce8-66bf-4805-af3c-e6667445c895', '{"action":"token_refreshed","actor_id":"90c3b1b3-8d9d-48c3-ba2b-de018ecf95d1","actor_name":"Lorenzo Federici","actor_username":"lorenzofederici98@gmail.com","actor_via_sso":false,"log_type":"token"}', '2025-11-07 23:17:29.481093+00', ''),
	('00000000-0000-0000-0000-000000000000', '9ac77cc8-4dea-4335-8104-5842f0da40ab', '{"action":"token_revoked","actor_id":"90c3b1b3-8d9d-48c3-ba2b-de018ecf95d1","actor_name":"Lorenzo Federici","actor_username":"lorenzofederici98@gmail.com","actor_via_sso":false,"log_type":"token"}', '2025-11-07 23:17:29.492508+00', ''),
	('00000000-0000-0000-0000-000000000000', 'f3c448b1-af1c-475a-b284-6ec7f6fe5270', '{"action":"token_refreshed","actor_id":"90c3b1b3-8d9d-48c3-ba2b-de018ecf95d1","actor_name":"Lorenzo Federici","actor_username":"lorenzofederici98@gmail.com","actor_via_sso":false,"log_type":"token"}', '2025-11-10 11:34:02.444943+00', ''),
	('00000000-0000-0000-0000-000000000000', '0520952c-2f01-46f9-81eb-d9bd868abde9', '{"action":"token_revoked","actor_id":"90c3b1b3-8d9d-48c3-ba2b-de018ecf95d1","actor_name":"Lorenzo Federici","actor_username":"lorenzofederici98@gmail.com","actor_via_sso":false,"log_type":"token"}', '2025-11-10 11:34:02.468381+00', ''),
	('00000000-0000-0000-0000-000000000000', '520605ff-3fc3-4d35-8219-91d08f2a7e8d', '{"action":"token_refreshed","actor_id":"90c3b1b3-8d9d-48c3-ba2b-de018ecf95d1","actor_name":"Lorenzo Federici","actor_username":"lorenzofederici98@gmail.com","actor_via_sso":false,"log_type":"token"}', '2025-11-10 14:17:00.582313+00', ''),
	('00000000-0000-0000-0000-000000000000', '702f7806-eda1-48ec-8e6b-8e166d3bff8c', '{"action":"token_revoked","actor_id":"90c3b1b3-8d9d-48c3-ba2b-de018ecf95d1","actor_name":"Lorenzo Federici","actor_username":"lorenzofederici98@gmail.com","actor_via_sso":false,"log_type":"token"}', '2025-11-10 14:17:00.591087+00', ''),
	('00000000-0000-0000-0000-000000000000', '879620b3-c1b1-4874-bc79-357318cc3473', '{"action":"login","actor_id":"f8b78fb5-3dc5-41fc-b9df-84815aa0c130","actor_name":"Pol Gubau","actor_username":"gubaupol@gmail.com","actor_via_sso":false,"log_type":"account","traits":{"provider":"google"}}', '2025-11-26 15:02:35.925872+00', ''),
	('00000000-0000-0000-0000-000000000000', '455643d7-f84a-461e-9746-24eebb3f42d1', '{"action":"login","actor_id":"f8b78fb5-3dc5-41fc-b9df-84815aa0c130","actor_name":"Pol Gubau","actor_username":"gubaupol@gmail.com","actor_via_sso":false,"log_type":"account","traits":{"provider":"google"}}', '2025-11-26 15:02:41.765836+00', ''),
	('00000000-0000-0000-0000-000000000000', 'dc22c268-7010-4df5-aa21-50731aa47682', '{"action":"login","actor_id":"f8b78fb5-3dc5-41fc-b9df-84815aa0c130","actor_name":"Pol Gubau","actor_username":"gubaupol@gmail.com","actor_via_sso":false,"log_type":"account","traits":{"provider":"google"}}', '2025-11-26 15:03:54.169093+00', ''),
	('00000000-0000-0000-0000-000000000000', '1f86ce9f-58b5-4a9f-979a-e78352b56584', '{"action":"token_refreshed","actor_id":"90c3b1b3-8d9d-48c3-ba2b-de018ecf95d1","actor_name":"Lorenzo Federici","actor_username":"lorenzofederici98@gmail.com","actor_via_sso":false,"log_type":"token"}', '2025-12-01 16:42:58.16871+00', ''),
	('00000000-0000-0000-0000-000000000000', '7337cb14-0f89-437e-87fc-f11f3427ca00', '{"action":"token_revoked","actor_id":"90c3b1b3-8d9d-48c3-ba2b-de018ecf95d1","actor_name":"Lorenzo Federici","actor_username":"lorenzofederici98@gmail.com","actor_via_sso":false,"log_type":"token"}', '2025-12-01 16:42:58.200025+00', ''),
	('00000000-0000-0000-0000-000000000000', '015bf4d3-7a16-4078-b0b1-857d7eebbd07', '{"action":"token_refreshed","actor_id":"90c3b1b3-8d9d-48c3-ba2b-de018ecf95d1","actor_name":"Lorenzo Federici","actor_username":"lorenzofederici98@gmail.com","actor_via_sso":false,"log_type":"token"}', '2025-12-01 17:57:56.787841+00', ''),
	('00000000-0000-0000-0000-000000000000', '8be4ee4f-0d89-4278-83b8-69cfb47a51d7', '{"action":"token_revoked","actor_id":"90c3b1b3-8d9d-48c3-ba2b-de018ecf95d1","actor_name":"Lorenzo Federici","actor_username":"lorenzofederici98@gmail.com","actor_via_sso":false,"log_type":"token"}', '2025-12-01 17:57:56.805333+00', ''),
	('00000000-0000-0000-0000-000000000000', '9e8922ff-ea94-4d8c-a60c-8f4ce685e94e', '{"action":"token_refreshed","actor_id":"90c3b1b3-8d9d-48c3-ba2b-de018ecf95d1","actor_name":"Lorenzo Federici","actor_username":"lorenzofederici98@gmail.com","actor_via_sso":false,"log_type":"token"}', '2025-12-04 17:20:10.040796+00', ''),
	('00000000-0000-0000-0000-000000000000', 'a3299a1a-ab80-4b9e-843c-1366ca850339', '{"action":"token_revoked","actor_id":"90c3b1b3-8d9d-48c3-ba2b-de018ecf95d1","actor_name":"Lorenzo Federici","actor_username":"lorenzofederici98@gmail.com","actor_via_sso":false,"log_type":"token"}', '2025-12-04 17:20:10.063835+00', ''),
	('00000000-0000-0000-0000-000000000000', 'c1348f40-124b-4091-be99-d9741abc679d', '{"action":"token_refreshed","actor_id":"f8b78fb5-3dc5-41fc-b9df-84815aa0c130","actor_name":"Pol Gubau","actor_username":"gubaupol@gmail.com","actor_via_sso":false,"log_type":"token"}', '2025-12-04 17:26:15.787038+00', ''),
	('00000000-0000-0000-0000-000000000000', '638c8f7b-2f0d-4b0c-a817-221bb21ed9b2', '{"action":"token_revoked","actor_id":"f8b78fb5-3dc5-41fc-b9df-84815aa0c130","actor_name":"Pol Gubau","actor_username":"gubaupol@gmail.com","actor_via_sso":false,"log_type":"token"}', '2025-12-04 17:26:15.79267+00', ''),
	('00000000-0000-0000-0000-000000000000', '02c0a8f6-8f84-49c3-ab9d-9abebbb74afa', '{"action":"login","actor_id":"90c3b1b3-8d9d-48c3-ba2b-de018ecf95d1","actor_name":"Lorenzo Federici","actor_username":"lorenzofederici98@gmail.com","actor_via_sso":false,"log_type":"account","traits":{"provider":"google"}}', '2025-12-04 17:32:26.109021+00', ''),
	('00000000-0000-0000-0000-000000000000', '18452dcb-4b93-41bc-ba6b-f1352516f327', '{"action":"token_refreshed","actor_id":"90c3b1b3-8d9d-48c3-ba2b-de018ecf95d1","actor_name":"Lorenzo Federici","actor_username":"lorenzofederici98@gmail.com","actor_via_sso":false,"log_type":"token"}', '2025-12-04 17:36:03.946985+00', ''),
	('00000000-0000-0000-0000-000000000000', '28c0e5b8-abf2-43b6-9dc4-0371e64e4f0c', '{"action":"token_revoked","actor_id":"90c3b1b3-8d9d-48c3-ba2b-de018ecf95d1","actor_name":"Lorenzo Federici","actor_username":"lorenzofederici98@gmail.com","actor_via_sso":false,"log_type":"token"}', '2025-12-04 17:36:03.956269+00', ''),
	('00000000-0000-0000-0000-000000000000', '1815216b-8c06-408c-9ba5-02394a83356c', '{"action":"token_refreshed","actor_id":"90c3b1b3-8d9d-48c3-ba2b-de018ecf95d1","actor_name":"Lorenzo Federici","actor_username":"lorenzofederici98@gmail.com","actor_via_sso":false,"log_type":"token"}', '2025-12-05 11:47:22.424137+00', ''),
	('00000000-0000-0000-0000-000000000000', 'ef03fee9-7148-45e0-8374-48af2c9c4b45', '{"action":"token_revoked","actor_id":"90c3b1b3-8d9d-48c3-ba2b-de018ecf95d1","actor_name":"Lorenzo Federici","actor_username":"lorenzofederici98@gmail.com","actor_via_sso":false,"log_type":"token"}', '2025-12-05 11:47:22.445091+00', ''),
	('00000000-0000-0000-0000-000000000000', 'ab0914d8-9fa8-47b8-b551-eebaebf1b651', '{"action":"token_refreshed","actor_id":"f8b78fb5-3dc5-41fc-b9df-84815aa0c130","actor_name":"Pol Gubau","actor_username":"gubaupol@gmail.com","actor_via_sso":false,"log_type":"token"}', '2025-12-07 18:55:24.971976+00', ''),
	('00000000-0000-0000-0000-000000000000', '6e1be6aa-5f2d-4a58-ae05-c07ae949d61a', '{"action":"token_revoked","actor_id":"f8b78fb5-3dc5-41fc-b9df-84815aa0c130","actor_name":"Pol Gubau","actor_username":"gubaupol@gmail.com","actor_via_sso":false,"log_type":"token"}', '2025-12-07 18:55:24.993075+00', ''),
	('00000000-0000-0000-0000-000000000000', 'c393fb46-eda5-402c-b958-5d9fbc853a6a', '{"action":"token_refreshed","actor_id":"f8b78fb5-3dc5-41fc-b9df-84815aa0c130","actor_name":"Pol Gubau","actor_username":"gubaupol@gmail.com","actor_via_sso":false,"log_type":"token"}', '2025-12-18 20:50:17.396389+00', ''),
	('00000000-0000-0000-0000-000000000000', '4704bf9a-ddec-4ad2-98d7-707490f83703', '{"action":"token_revoked","actor_id":"f8b78fb5-3dc5-41fc-b9df-84815aa0c130","actor_name":"Pol Gubau","actor_username":"gubaupol@gmail.com","actor_via_sso":false,"log_type":"token"}', '2025-12-18 20:50:17.42569+00', ''),
	('00000000-0000-0000-0000-000000000000', '8e375bf0-5d1a-42c5-b579-cca4da7b5e13', '{"action":"token_refreshed","actor_id":"90c3b1b3-8d9d-48c3-ba2b-de018ecf95d1","actor_name":"Lorenzo Federici","actor_username":"lorenzofederici98@gmail.com","actor_via_sso":false,"log_type":"token"}', '2025-12-19 00:04:36.269478+00', ''),
	('00000000-0000-0000-0000-000000000000', '950e05c6-d427-4c8a-8d47-59872fdfe994', '{"action":"token_revoked","actor_id":"90c3b1b3-8d9d-48c3-ba2b-de018ecf95d1","actor_name":"Lorenzo Federici","actor_username":"lorenzofederici98@gmail.com","actor_via_sso":false,"log_type":"token"}', '2025-12-19 00:04:36.304436+00', ''),
	('00000000-0000-0000-0000-000000000000', '3828c324-bfeb-4954-a2d8-bd2e22d513fa', '{"action":"login","actor_id":"f8b78fb5-3dc5-41fc-b9df-84815aa0c130","actor_name":"Pol Gubau","actor_username":"gubaupol@gmail.com","actor_via_sso":false,"log_type":"account","traits":{"provider":"google"}}', '2025-12-22 13:08:28.79736+00', ''),
	('00000000-0000-0000-0000-000000000000', 'ff53330d-e78d-46cc-b5ff-66f1e91352b9', '{"action":"token_refreshed","actor_id":"f8b78fb5-3dc5-41fc-b9df-84815aa0c130","actor_name":"Pol Gubau","actor_username":"gubaupol@gmail.com","actor_via_sso":false,"log_type":"token"}', '2025-12-25 12:41:26.813794+00', ''),
	('00000000-0000-0000-0000-000000000000', '7af0affc-a6ce-4599-96a3-7c42dc31d38b', '{"action":"token_revoked","actor_id":"f8b78fb5-3dc5-41fc-b9df-84815aa0c130","actor_name":"Pol Gubau","actor_username":"gubaupol@gmail.com","actor_via_sso":false,"log_type":"token"}', '2025-12-25 12:41:26.847164+00', ''),
	('00000000-0000-0000-0000-000000000000', 'a322ca9f-b6ac-4000-b19c-485a82b820b9', '{"action":"token_refreshed","actor_id":"f8b78fb5-3dc5-41fc-b9df-84815aa0c130","actor_name":"Pol Gubau","actor_username":"gubaupol@gmail.com","actor_via_sso":false,"log_type":"token"}', '2025-12-25 16:20:32.033243+00', ''),
	('00000000-0000-0000-0000-000000000000', 'e3acf654-7673-42c2-a059-d173c7d46a18', '{"action":"token_revoked","actor_id":"f8b78fb5-3dc5-41fc-b9df-84815aa0c130","actor_name":"Pol Gubau","actor_username":"gubaupol@gmail.com","actor_via_sso":false,"log_type":"token"}', '2025-12-25 16:20:32.06165+00', ''),
	('00000000-0000-0000-0000-000000000000', '0c404b98-2261-4c03-9fc3-c51f2a44ff80', '{"action":"token_refreshed","actor_id":"f8b78fb5-3dc5-41fc-b9df-84815aa0c130","actor_name":"Pol Gubau","actor_username":"gubaupol@gmail.com","actor_via_sso":false,"log_type":"token"}', '2025-12-25 16:20:32.153754+00', ''),
	('00000000-0000-0000-0000-000000000000', '2aed334d-485b-4782-b3ff-16fe618f27fd', '{"action":"token_refreshed","actor_id":"f8b78fb5-3dc5-41fc-b9df-84815aa0c130","actor_name":"Pol Gubau","actor_username":"gubaupol@gmail.com","actor_via_sso":false,"log_type":"token"}', '2025-12-25 18:38:08.621125+00', ''),
	('00000000-0000-0000-0000-000000000000', '318282ca-051d-4e75-bd8c-44c27e0a53c9', '{"action":"token_revoked","actor_id":"f8b78fb5-3dc5-41fc-b9df-84815aa0c130","actor_name":"Pol Gubau","actor_username":"gubaupol@gmail.com","actor_via_sso":false,"log_type":"token"}', '2025-12-25 18:38:08.652378+00', ''),
	('00000000-0000-0000-0000-000000000000', '239e939a-ddcf-4d71-89b7-45c8086bac33', '{"action":"token_refreshed","actor_id":"f8b78fb5-3dc5-41fc-b9df-84815aa0c130","actor_name":"Pol Gubau","actor_username":"gubaupol@gmail.com","actor_via_sso":false,"log_type":"token"}', '2025-12-26 09:41:01.474814+00', ''),
	('00000000-0000-0000-0000-000000000000', 'd6d74bb3-b1f6-4339-937b-2f4b6dea719a', '{"action":"token_revoked","actor_id":"f8b78fb5-3dc5-41fc-b9df-84815aa0c130","actor_name":"Pol Gubau","actor_username":"gubaupol@gmail.com","actor_via_sso":false,"log_type":"token"}', '2025-12-26 09:41:01.499463+00', ''),
	('00000000-0000-0000-0000-000000000000', '48f2503f-b143-4ecb-801a-baf863cbda34', '{"action":"token_refreshed","actor_id":"f8b78fb5-3dc5-41fc-b9df-84815aa0c130","actor_name":"Pol Gubau","actor_username":"gubaupol@gmail.com","actor_via_sso":false,"log_type":"token"}', '2025-12-26 16:52:30.784935+00', ''),
	('00000000-0000-0000-0000-000000000000', '3c84b5cf-2bfe-4a09-ad77-bb6d49945a4c', '{"action":"token_revoked","actor_id":"f8b78fb5-3dc5-41fc-b9df-84815aa0c130","actor_name":"Pol Gubau","actor_username":"gubaupol@gmail.com","actor_via_sso":false,"log_type":"token"}', '2025-12-26 16:52:30.807984+00', ''),
	('00000000-0000-0000-0000-000000000000', 'be6b1945-0bd6-42d4-b01a-330713869c18', '{"action":"token_refreshed","actor_id":"90c3b1b3-8d9d-48c3-ba2b-de018ecf95d1","actor_name":"Lorenzo Federici","actor_username":"lorenzofederici98@gmail.com","actor_via_sso":false,"log_type":"token"}', '2025-12-26 17:19:35.345339+00', ''),
	('00000000-0000-0000-0000-000000000000', '3bf60b22-1b5f-491b-9fe0-44f9edb04fe8', '{"action":"token_revoked","actor_id":"90c3b1b3-8d9d-48c3-ba2b-de018ecf95d1","actor_name":"Lorenzo Federici","actor_username":"lorenzofederici98@gmail.com","actor_via_sso":false,"log_type":"token"}', '2025-12-26 17:19:35.363988+00', ''),
	('00000000-0000-0000-0000-000000000000', 'a05e14a9-fb10-4a12-a959-a98b0caae1c3', '{"action":"token_refreshed","actor_id":"f8b78fb5-3dc5-41fc-b9df-84815aa0c130","actor_name":"Pol Gubau","actor_username":"gubaupol@gmail.com","actor_via_sso":false,"log_type":"token"}', '2025-12-26 19:04:44.003137+00', ''),
	('00000000-0000-0000-0000-000000000000', '6b23fb18-1a7c-4227-9ea0-5c2281f1b215', '{"action":"token_revoked","actor_id":"f8b78fb5-3dc5-41fc-b9df-84815aa0c130","actor_name":"Pol Gubau","actor_username":"gubaupol@gmail.com","actor_via_sso":false,"log_type":"token"}', '2025-12-26 19:04:44.024243+00', ''),
	('00000000-0000-0000-0000-000000000000', 'df79771f-3348-4486-ae29-033207eccc39', '{"action":"token_refreshed","actor_id":"90c3b1b3-8d9d-48c3-ba2b-de018ecf95d1","actor_name":"Lorenzo Federici","actor_username":"lorenzofederici98@gmail.com","actor_via_sso":false,"log_type":"token"}', '2025-12-26 21:22:14.470509+00', ''),
	('00000000-0000-0000-0000-000000000000', 'e8a57a26-11fc-4c94-9d83-7199a2ceaa87', '{"action":"token_revoked","actor_id":"90c3b1b3-8d9d-48c3-ba2b-de018ecf95d1","actor_name":"Lorenzo Federici","actor_username":"lorenzofederici98@gmail.com","actor_via_sso":false,"log_type":"token"}', '2025-12-26 21:22:14.497866+00', ''),
	('00000000-0000-0000-0000-000000000000', '13a166b9-0039-49fc-bc34-3d3ce0f7b065', '{"action":"user_signedup","actor_id":"a4a30310-f241-4218-b857-62015ee98c61","actor_name":"Gerard Martinez Alcocer","actor_username":"gerardmartinezalcocer@gmail.com","actor_via_sso":false,"log_type":"team","traits":{"provider":"google"}}', '2025-12-27 17:15:49.212877+00', ''),
	('00000000-0000-0000-0000-000000000000', '55cbe0c2-6050-48bc-93d4-b3cb03620b85', '{"action":"token_refreshed","actor_id":"90c3b1b3-8d9d-48c3-ba2b-de018ecf95d1","actor_name":"Lorenzo Federici","actor_username":"lorenzofederici98@gmail.com","actor_via_sso":false,"log_type":"token"}', '2025-12-28 08:56:22.794105+00', ''),
	('00000000-0000-0000-0000-000000000000', '721e3df6-41b5-46d5-813f-06f4c13a5aac', '{"action":"token_revoked","actor_id":"90c3b1b3-8d9d-48c3-ba2b-de018ecf95d1","actor_name":"Lorenzo Federici","actor_username":"lorenzofederici98@gmail.com","actor_via_sso":false,"log_type":"token"}', '2025-12-28 08:56:22.827134+00', ''),
	('00000000-0000-0000-0000-000000000000', 'd682a4b1-f141-423a-922a-044832e7c99b', '{"action":"token_refreshed","actor_id":"90c3b1b3-8d9d-48c3-ba2b-de018ecf95d1","actor_name":"Lorenzo Federici","actor_username":"lorenzofederici98@gmail.com","actor_via_sso":false,"log_type":"token"}', '2025-12-28 09:06:07.816087+00', ''),
	('00000000-0000-0000-0000-000000000000', '1471c208-d84d-498a-a263-dd769dc4614f', '{"action":"token_revoked","actor_id":"90c3b1b3-8d9d-48c3-ba2b-de018ecf95d1","actor_name":"Lorenzo Federici","actor_username":"lorenzofederici98@gmail.com","actor_via_sso":false,"log_type":"token"}', '2025-12-28 09:06:07.835101+00', ''),
	('00000000-0000-0000-0000-000000000000', '6949e3d1-1b1a-4f5e-a918-baa33692a3dc', '{"action":"token_refreshed","actor_id":"90c3b1b3-8d9d-48c3-ba2b-de018ecf95d1","actor_name":"Lorenzo Federici","actor_username":"lorenzofederici98@gmail.com","actor_via_sso":false,"log_type":"token"}', '2025-12-28 10:26:28.928492+00', ''),
	('00000000-0000-0000-0000-000000000000', 'c29e46b3-f5be-4583-8724-97c37aff1528', '{"action":"token_revoked","actor_id":"90c3b1b3-8d9d-48c3-ba2b-de018ecf95d1","actor_name":"Lorenzo Federici","actor_username":"lorenzofederici98@gmail.com","actor_via_sso":false,"log_type":"token"}', '2025-12-28 10:26:28.952556+00', ''),
	('00000000-0000-0000-0000-000000000000', '7ceca850-8411-44bd-af3e-4fae0b3138c3', '{"action":"token_refreshed","actor_id":"f8b78fb5-3dc5-41fc-b9df-84815aa0c130","actor_name":"Pol Gubau","actor_username":"gubaupol@gmail.com","actor_via_sso":false,"log_type":"token"}', '2025-12-28 11:04:32.842462+00', ''),
	('00000000-0000-0000-0000-000000000000', '7574f114-8cb2-44d9-9d9c-6d62826c1da0', '{"action":"token_revoked","actor_id":"f8b78fb5-3dc5-41fc-b9df-84815aa0c130","actor_name":"Pol Gubau","actor_username":"gubaupol@gmail.com","actor_via_sso":false,"log_type":"token"}', '2025-12-28 11:04:32.866686+00', ''),
	('00000000-0000-0000-0000-000000000000', '03810c0e-1000-4ea6-9fdc-43175d5ba3d7', '{"action":"token_refreshed","actor_id":"90c3b1b3-8d9d-48c3-ba2b-de018ecf95d1","actor_name":"Lorenzo Federici","actor_username":"lorenzofederici98@gmail.com","actor_via_sso":false,"log_type":"token"}', '2025-12-28 12:30:43.608198+00', ''),
	('00000000-0000-0000-0000-000000000000', '88ad3af5-b611-4243-b0ab-f1cbf623817b', '{"action":"token_revoked","actor_id":"90c3b1b3-8d9d-48c3-ba2b-de018ecf95d1","actor_name":"Lorenzo Federici","actor_username":"lorenzofederici98@gmail.com","actor_via_sso":false,"log_type":"token"}', '2025-12-28 12:30:43.639716+00', ''),
	('00000000-0000-0000-0000-000000000000', '6ef9e3ee-973d-4a34-8318-04610b82f7d5', '{"action":"token_refreshed","actor_id":"f8b78fb5-3dc5-41fc-b9df-84815aa0c130","actor_name":"Pol Gubau","actor_username":"gubaupol@gmail.com","actor_via_sso":false,"log_type":"token"}', '2025-12-28 14:53:56.268535+00', ''),
	('00000000-0000-0000-0000-000000000000', '48da34d1-38cd-46f9-a310-6f9a5041308c', '{"action":"token_revoked","actor_id":"f8b78fb5-3dc5-41fc-b9df-84815aa0c130","actor_name":"Pol Gubau","actor_username":"gubaupol@gmail.com","actor_via_sso":false,"log_type":"token"}', '2025-12-28 14:53:56.289485+00', ''),
	('00000000-0000-0000-0000-000000000000', 'e4bf1bdb-06d5-4e8f-b630-5c4ede2c06c8', '{"action":"token_refreshed","actor_id":"f8b78fb5-3dc5-41fc-b9df-84815aa0c130","actor_name":"Pol Gubau","actor_username":"gubaupol@gmail.com","actor_via_sso":false,"log_type":"token"}', '2025-12-28 16:38:19.273918+00', ''),
	('00000000-0000-0000-0000-000000000000', '8e90ddd0-fa4b-4b15-8d3c-b791b26438c4', '{"action":"token_revoked","actor_id":"f8b78fb5-3dc5-41fc-b9df-84815aa0c130","actor_name":"Pol Gubau","actor_username":"gubaupol@gmail.com","actor_via_sso":false,"log_type":"token"}', '2025-12-28 16:38:19.295089+00', ''),
	('00000000-0000-0000-0000-000000000000', '82ae79d6-636b-4349-ad42-8ef8d115044f', '{"action":"token_refreshed","actor_id":"f8b78fb5-3dc5-41fc-b9df-84815aa0c130","actor_name":"Pol Gubau","actor_username":"gubaupol@gmail.com","actor_via_sso":false,"log_type":"token"}', '2025-12-29 18:18:56.005737+00', ''),
	('00000000-0000-0000-0000-000000000000', '5a073d67-4cfd-49f9-b5ca-2fc34e121745', '{"action":"token_revoked","actor_id":"f8b78fb5-3dc5-41fc-b9df-84815aa0c130","actor_name":"Pol Gubau","actor_username":"gubaupol@gmail.com","actor_via_sso":false,"log_type":"token"}', '2025-12-29 18:18:56.041199+00', ''),
	('00000000-0000-0000-0000-000000000000', 'ee150edf-c22f-4dc5-85ae-4b07884521ae', '{"action":"token_refreshed","actor_id":"90c3b1b3-8d9d-48c3-ba2b-de018ecf95d1","actor_name":"Lorenzo Federici","actor_username":"lorenzofederici98@gmail.com","actor_via_sso":false,"log_type":"token"}', '2026-01-04 23:10:13.373884+00', ''),
	('00000000-0000-0000-0000-000000000000', 'e30665b9-a512-406f-90e5-bcb763177c35', '{"action":"token_revoked","actor_id":"90c3b1b3-8d9d-48c3-ba2b-de018ecf95d1","actor_name":"Lorenzo Federici","actor_username":"lorenzofederici98@gmail.com","actor_via_sso":false,"log_type":"token"}', '2026-01-04 23:10:13.393679+00', ''),
	('00000000-0000-0000-0000-000000000000', '906715e4-ab1f-4c85-b720-36bd592521a8', '{"action":"login","actor_id":"f8b78fb5-3dc5-41fc-b9df-84815aa0c130","actor_name":"Pol Gubau","actor_username":"gubaupol@gmail.com","actor_via_sso":false,"log_type":"account","traits":{"provider":"google"}}', '2026-01-06 08:03:58.659922+00', ''),
	('00000000-0000-0000-0000-000000000000', '1ec23633-c148-4bd9-b4c5-264bb27f2702', '{"action":"login","actor_id":"f8b78fb5-3dc5-41fc-b9df-84815aa0c130","actor_name":"Pol Gubau","actor_username":"gubaupol@gmail.com","actor_via_sso":false,"log_type":"account","traits":{"provider":"google"}}', '2026-01-06 19:25:23.796641+00', ''),
	('00000000-0000-0000-0000-000000000000', '19428604-311f-42f7-81c8-cc68baf71d32', '{"action":"token_refreshed","actor_id":"90c3b1b3-8d9d-48c3-ba2b-de018ecf95d1","actor_name":"Lorenzo Federici","actor_username":"lorenzofederici98@gmail.com","actor_via_sso":false,"log_type":"token"}', '2026-01-07 20:18:45.354163+00', ''),
	('00000000-0000-0000-0000-000000000000', '6b7e5590-2e0d-4170-b0e5-06b960a8c6db', '{"action":"token_revoked","actor_id":"90c3b1b3-8d9d-48c3-ba2b-de018ecf95d1","actor_name":"Lorenzo Federici","actor_username":"lorenzofederici98@gmail.com","actor_via_sso":false,"log_type":"token"}', '2026-01-07 20:18:45.398085+00', ''),
	('00000000-0000-0000-0000-000000000000', '5c2c843d-d32b-43d2-a2fd-4c07817c6927', '{"action":"token_refreshed","actor_id":"90c3b1b3-8d9d-48c3-ba2b-de018ecf95d1","actor_name":"Lorenzo Federici","actor_username":"lorenzofederici98@gmail.com","actor_via_sso":false,"log_type":"token"}', '2026-01-07 20:19:07.331525+00', ''),
	('00000000-0000-0000-0000-000000000000', '8c83e69b-3f12-411e-b32f-3ea4a317240b', '{"action":"token_revoked","actor_id":"90c3b1b3-8d9d-48c3-ba2b-de018ecf95d1","actor_name":"Lorenzo Federici","actor_username":"lorenzofederici98@gmail.com","actor_via_sso":false,"log_type":"token"}', '2026-01-07 20:19:07.332703+00', ''),
	('00000000-0000-0000-0000-000000000000', '43a1fe19-8418-45ec-a600-148bd6907c02', '{"action":"token_refreshed","actor_id":"f8b78fb5-3dc5-41fc-b9df-84815aa0c130","actor_name":"Pol Gubau","actor_username":"gubaupol@gmail.com","actor_via_sso":false,"log_type":"token"}', '2026-01-08 07:12:46.397572+00', ''),
	('00000000-0000-0000-0000-000000000000', 'baae183a-b8b3-4946-8277-092c94fa61a0', '{"action":"token_revoked","actor_id":"f8b78fb5-3dc5-41fc-b9df-84815aa0c130","actor_name":"Pol Gubau","actor_username":"gubaupol@gmail.com","actor_via_sso":false,"log_type":"token"}', '2026-01-08 07:12:46.421698+00', ''),
	('00000000-0000-0000-0000-000000000000', '2a5c97b4-6505-445c-bbf8-3e727a30c72e', '{"action":"token_refreshed","actor_id":"90c3b1b3-8d9d-48c3-ba2b-de018ecf95d1","actor_name":"Lorenzo Federici","actor_username":"lorenzofederici98@gmail.com","actor_via_sso":false,"log_type":"token"}', '2026-01-10 16:29:57.258504+00', ''),
	('00000000-0000-0000-0000-000000000000', 'dc276ff5-bea1-4742-868b-80cfb5394044', '{"action":"token_revoked","actor_id":"90c3b1b3-8d9d-48c3-ba2b-de018ecf95d1","actor_name":"Lorenzo Federici","actor_username":"lorenzofederici98@gmail.com","actor_via_sso":false,"log_type":"token"}', '2026-01-10 16:29:57.290683+00', ''),
	('00000000-0000-0000-0000-000000000000', '7607ec1d-314b-4d76-903f-63503de4086f', '{"action":"token_refreshed","actor_id":"f8b78fb5-3dc5-41fc-b9df-84815aa0c130","actor_name":"Pol Gubau","actor_username":"gubaupol@gmail.com","actor_via_sso":false,"log_type":"token"}', '2026-01-11 08:27:41.900092+00', ''),
	('00000000-0000-0000-0000-000000000000', 'c8ef801f-b7b5-4c19-b5ce-c4a60d7f46e6', '{"action":"token_revoked","actor_id":"f8b78fb5-3dc5-41fc-b9df-84815aa0c130","actor_name":"Pol Gubau","actor_username":"gubaupol@gmail.com","actor_via_sso":false,"log_type":"token"}', '2026-01-11 08:27:41.920913+00', ''),
	('00000000-0000-0000-0000-000000000000', '411cfec4-fc68-46f6-a106-d0667e071164', '{"action":"token_refreshed","actor_id":"90c3b1b3-8d9d-48c3-ba2b-de018ecf95d1","actor_name":"Lorenzo Federici","actor_username":"lorenzofederici98@gmail.com","actor_via_sso":false,"log_type":"token"}', '2026-01-12 20:35:10.475874+00', ''),
	('00000000-0000-0000-0000-000000000000', 'b8f833e6-c3f2-4932-bdd0-e46704ec545e', '{"action":"token_revoked","actor_id":"90c3b1b3-8d9d-48c3-ba2b-de018ecf95d1","actor_name":"Lorenzo Federici","actor_username":"lorenzofederici98@gmail.com","actor_via_sso":false,"log_type":"token"}', '2026-01-12 20:35:10.49851+00', ''),
	('00000000-0000-0000-0000-000000000000', '1fc679c7-6675-4121-8e8b-a546f61f957a', '{"action":"token_refreshed","actor_id":"90c3b1b3-8d9d-48c3-ba2b-de018ecf95d1","actor_name":"Lorenzo Federici","actor_username":"lorenzofederici98@gmail.com","actor_via_sso":false,"log_type":"token"}', '2026-01-12 20:35:28.643563+00', ''),
	('00000000-0000-0000-0000-000000000000', '69b2c94d-14f6-44c3-a00a-ca0089074605', '{"action":"token_revoked","actor_id":"90c3b1b3-8d9d-48c3-ba2b-de018ecf95d1","actor_name":"Lorenzo Federici","actor_username":"lorenzofederici98@gmail.com","actor_via_sso":false,"log_type":"token"}', '2026-01-12 20:35:28.645196+00', ''),
	('00000000-0000-0000-0000-000000000000', 'b0dde62c-a344-41a3-9a41-9fb4eb444138', '{"action":"token_refreshed","actor_id":"90c3b1b3-8d9d-48c3-ba2b-de018ecf95d1","actor_name":"Lorenzo Federici","actor_username":"lorenzofederici98@gmail.com","actor_via_sso":false,"log_type":"token"}', '2026-01-17 21:37:23.735116+00', ''),
	('00000000-0000-0000-0000-000000000000', 'ceb2b4b6-2206-4b2b-a8bc-d3e48ccec46d', '{"action":"token_revoked","actor_id":"90c3b1b3-8d9d-48c3-ba2b-de018ecf95d1","actor_name":"Lorenzo Federici","actor_username":"lorenzofederici98@gmail.com","actor_via_sso":false,"log_type":"token"}', '2026-01-17 21:37:23.764292+00', ''),
	('00000000-0000-0000-0000-000000000000', '1437bce2-b483-4761-bce2-ae42cdd8fa0b', '{"action":"token_refreshed","actor_id":"f8b78fb5-3dc5-41fc-b9df-84815aa0c130","actor_name":"Pol Gubau","actor_username":"gubaupol@gmail.com","actor_via_sso":false,"log_type":"token"}', '2026-01-22 13:14:39.412613+00', ''),
	('00000000-0000-0000-0000-000000000000', 'e9d87930-3802-40dd-841c-0fa7caa85cb8', '{"action":"token_revoked","actor_id":"f8b78fb5-3dc5-41fc-b9df-84815aa0c130","actor_name":"Pol Gubau","actor_username":"gubaupol@gmail.com","actor_via_sso":false,"log_type":"token"}', '2026-01-22 13:14:39.443945+00', ''),
	('00000000-0000-0000-0000-000000000000', 'c13348b4-84da-4aed-b4c9-4ea94450d70a', '{"action":"token_refreshed","actor_id":"f8b78fb5-3dc5-41fc-b9df-84815aa0c130","actor_name":"Pol Gubau","actor_username":"gubaupol@gmail.com","actor_via_sso":false,"log_type":"token"}', '2026-01-22 15:51:28.898381+00', ''),
	('00000000-0000-0000-0000-000000000000', '22f6cecb-350e-4c6a-a59b-ce0987df4987', '{"action":"token_revoked","actor_id":"f8b78fb5-3dc5-41fc-b9df-84815aa0c130","actor_name":"Pol Gubau","actor_username":"gubaupol@gmail.com","actor_via_sso":false,"log_type":"token"}', '2026-01-22 15:51:28.921352+00', ''),
	('00000000-0000-0000-0000-000000000000', 'b9431a74-b688-4df5-bae0-c1f31c17c7e4', '{"action":"token_refreshed","actor_id":"f8b78fb5-3dc5-41fc-b9df-84815aa0c130","actor_name":"Pol Gubau","actor_username":"gubaupol@gmail.com","actor_via_sso":false,"log_type":"token"}', '2026-01-22 19:10:57.116206+00', ''),
	('00000000-0000-0000-0000-000000000000', 'acef6fdb-7b42-4fd0-88c9-ada6a3ba66ba', '{"action":"token_revoked","actor_id":"f8b78fb5-3dc5-41fc-b9df-84815aa0c130","actor_name":"Pol Gubau","actor_username":"gubaupol@gmail.com","actor_via_sso":false,"log_type":"token"}', '2026-01-22 19:10:57.149913+00', ''),
	('00000000-0000-0000-0000-000000000000', 'b88569b6-e2b3-41f9-87d7-eb0cc6f63b27', '{"action":"token_refreshed","actor_id":"90c3b1b3-8d9d-48c3-ba2b-de018ecf95d1","actor_name":"Lorenzo Federici","actor_username":"lorenzofederici98@gmail.com","actor_via_sso":false,"log_type":"token"}', '2026-01-24 09:12:03.030858+00', ''),
	('00000000-0000-0000-0000-000000000000', 'f764ec3a-4a8a-489a-8928-ff9413cd4e6e', '{"action":"token_revoked","actor_id":"90c3b1b3-8d9d-48c3-ba2b-de018ecf95d1","actor_name":"Lorenzo Federici","actor_username":"lorenzofederici98@gmail.com","actor_via_sso":false,"log_type":"token"}', '2026-01-24 09:12:03.062707+00', ''),
	('00000000-0000-0000-0000-000000000000', '7d2d2291-73ca-4065-adcd-ec8ca52140ff', '{"action":"token_refreshed","actor_id":"90c3b1b3-8d9d-48c3-ba2b-de018ecf95d1","actor_name":"Lorenzo Federici","actor_username":"lorenzofederici98@gmail.com","actor_via_sso":false,"log_type":"token"}', '2026-01-27 14:35:34.805701+00', ''),
	('00000000-0000-0000-0000-000000000000', '1f2327ce-2b82-40a0-8192-8261fb4d8308', '{"action":"token_revoked","actor_id":"90c3b1b3-8d9d-48c3-ba2b-de018ecf95d1","actor_name":"Lorenzo Federici","actor_username":"lorenzofederici98@gmail.com","actor_via_sso":false,"log_type":"token"}', '2026-01-27 14:35:34.835275+00', ''),
	('00000000-0000-0000-0000-000000000000', '2abfe8de-878c-4570-8672-c7bcf0cd1dd1', '{"action":"token_refreshed","actor_id":"90c3b1b3-8d9d-48c3-ba2b-de018ecf95d1","actor_name":"Lorenzo Federici","actor_username":"lorenzofederici98@gmail.com","actor_via_sso":false,"log_type":"token"}', '2026-02-03 18:20:19.002646+00', ''),
	('00000000-0000-0000-0000-000000000000', '7c61203c-a79a-4b9e-83a2-58f5965bf0a9', '{"action":"token_revoked","actor_id":"90c3b1b3-8d9d-48c3-ba2b-de018ecf95d1","actor_name":"Lorenzo Federici","actor_username":"lorenzofederici98@gmail.com","actor_via_sso":false,"log_type":"token"}', '2026-02-03 18:20:19.033339+00', ''),
	('00000000-0000-0000-0000-000000000000', '5832eaa6-ca6b-4cf9-b7ed-7f5097ab83ec', '{"action":"token_refreshed","actor_id":"f8b78fb5-3dc5-41fc-b9df-84815aa0c130","actor_name":"Pol Gubau","actor_username":"gubaupol@gmail.com","actor_via_sso":false,"log_type":"token"}', '2026-02-06 12:13:11.901988+00', ''),
	('00000000-0000-0000-0000-000000000000', 'eea23265-f5b8-493b-9685-86c993b2e8ba', '{"action":"token_revoked","actor_id":"f8b78fb5-3dc5-41fc-b9df-84815aa0c130","actor_name":"Pol Gubau","actor_username":"gubaupol@gmail.com","actor_via_sso":false,"log_type":"token"}', '2026-02-06 12:13:11.933014+00', ''),
	('00000000-0000-0000-0000-000000000000', '9d6247af-88e3-49f7-a4f4-f475b5ccb73d', '{"action":"token_refreshed","actor_id":"90c3b1b3-8d9d-48c3-ba2b-de018ecf95d1","actor_name":"Lorenzo Federici","actor_username":"lorenzofederici98@gmail.com","actor_via_sso":false,"log_type":"token"}', '2026-02-06 19:32:47.793873+00', ''),
	('00000000-0000-0000-0000-000000000000', '5d3cafc5-0be8-4a3a-aabc-9a3486102dad', '{"action":"token_revoked","actor_id":"90c3b1b3-8d9d-48c3-ba2b-de018ecf95d1","actor_name":"Lorenzo Federici","actor_username":"lorenzofederici98@gmail.com","actor_via_sso":false,"log_type":"token"}', '2026-02-06 19:32:47.825557+00', ''),
	('00000000-0000-0000-0000-000000000000', '012bcc59-1a13-4392-860b-1af8cb70ff0c', '{"action":"token_refreshed","actor_id":"90c3b1b3-8d9d-48c3-ba2b-de018ecf95d1","actor_name":"Lorenzo Federici","actor_username":"lorenzofederici98@gmail.com","actor_via_sso":false,"log_type":"token"}', '2026-02-12 17:14:46.734723+00', ''),
	('00000000-0000-0000-0000-000000000000', '52015860-28f8-4c11-abb6-a4bf49c50f33', '{"action":"token_revoked","actor_id":"90c3b1b3-8d9d-48c3-ba2b-de018ecf95d1","actor_name":"Lorenzo Federici","actor_username":"lorenzofederici98@gmail.com","actor_via_sso":false,"log_type":"token"}', '2026-02-12 17:14:46.773997+00', ''),
	('00000000-0000-0000-0000-000000000000', '75d3cf38-64b3-4a07-8b94-bf61bfe96add', '{"action":"token_refreshed","actor_id":"f8b78fb5-3dc5-41fc-b9df-84815aa0c130","actor_name":"Pol Gubau","actor_username":"gubaupol@gmail.com","actor_via_sso":false,"log_type":"token"}', '2026-03-01 19:49:45.442932+00', ''),
	('00000000-0000-0000-0000-000000000000', '99ac9aa0-0812-4888-9ccf-1bd8330e3979', '{"action":"token_revoked","actor_id":"f8b78fb5-3dc5-41fc-b9df-84815aa0c130","actor_name":"Pol Gubau","actor_username":"gubaupol@gmail.com","actor_via_sso":false,"log_type":"token"}', '2026-03-01 19:49:45.4628+00', ''),
	('00000000-0000-0000-0000-000000000000', '6aa22d14-dd5d-40fc-9cf6-82ed388961d9', '{"action":"token_refreshed","actor_id":"f8b78fb5-3dc5-41fc-b9df-84815aa0c130","actor_name":"Pol Gubau","actor_username":"gubaupol@gmail.com","actor_via_sso":false,"log_type":"token"}', '2026-03-02 22:22:45.393691+00', ''),
	('00000000-0000-0000-0000-000000000000', '9543b6a0-a3fb-466c-8160-44bd7029068c', '{"action":"token_revoked","actor_id":"f8b78fb5-3dc5-41fc-b9df-84815aa0c130","actor_name":"Pol Gubau","actor_username":"gubaupol@gmail.com","actor_via_sso":false,"log_type":"token"}', '2026-03-02 22:22:45.404554+00', ''),
	('00000000-0000-0000-0000-000000000000', 'dc4fb05d-7704-45a4-b943-65685dccc240', '{"action":"token_refreshed","actor_id":"f8b78fb5-3dc5-41fc-b9df-84815aa0c130","actor_name":"Pol Gubau","actor_username":"gubaupol@gmail.com","actor_via_sso":false,"log_type":"token"}', '2026-03-02 23:38:31.548479+00', ''),
	('00000000-0000-0000-0000-000000000000', 'cdd6f8be-b8cc-4b68-ae5e-69d853fa69a0', '{"action":"token_revoked","actor_id":"f8b78fb5-3dc5-41fc-b9df-84815aa0c130","actor_name":"Pol Gubau","actor_username":"gubaupol@gmail.com","actor_via_sso":false,"log_type":"token"}', '2026-03-02 23:38:31.571904+00', ''),
	('00000000-0000-0000-0000-000000000000', '980bb828-ad5a-467f-b501-f448486944fc', '{"action":"token_refreshed","actor_id":"f8b78fb5-3dc5-41fc-b9df-84815aa0c130","actor_name":"Pol Gubau","actor_username":"gubaupol@gmail.com","actor_via_sso":false,"log_type":"token"}', '2026-03-03 10:12:52.252105+00', ''),
	('00000000-0000-0000-0000-000000000000', 'a0b609c3-0405-4e98-acfc-422ea1d01ede', '{"action":"token_revoked","actor_id":"f8b78fb5-3dc5-41fc-b9df-84815aa0c130","actor_name":"Pol Gubau","actor_username":"gubaupol@gmail.com","actor_via_sso":false,"log_type":"token"}', '2026-03-03 10:12:52.271334+00', ''),
	('00000000-0000-0000-0000-000000000000', '02d8bf26-622d-42e7-8061-f1c68d34e602', '{"action":"token_refreshed","actor_id":"f8b78fb5-3dc5-41fc-b9df-84815aa0c130","actor_name":"Pol Gubau","actor_username":"gubaupol@gmail.com","actor_via_sso":false,"log_type":"token"}', '2026-03-03 17:22:00.105389+00', ''),
	('00000000-0000-0000-0000-000000000000', '2bff764e-4c9e-4c3e-87bf-a746f5e479cd', '{"action":"token_revoked","actor_id":"f8b78fb5-3dc5-41fc-b9df-84815aa0c130","actor_name":"Pol Gubau","actor_username":"gubaupol@gmail.com","actor_via_sso":false,"log_type":"token"}', '2026-03-03 17:22:00.128655+00', ''),
	('00000000-0000-0000-0000-000000000000', 'd75b0b65-fbd1-40f7-a742-edc1437ed343', '{"action":"login","actor_id":"90c3b1b3-8d9d-48c3-ba2b-de018ecf95d1","actor_name":"Lorenzo Federici","actor_username":"lorenzofederici98@gmail.com","actor_via_sso":false,"log_type":"account","traits":{"provider":"google"}}', '2026-03-03 17:22:52.454837+00', ''),
	('00000000-0000-0000-0000-000000000000', 'c7f2a6d6-52f2-490f-90cd-09093fa828fa', '{"action":"token_refreshed","actor_id":"90c3b1b3-8d9d-48c3-ba2b-de018ecf95d1","actor_name":"Lorenzo Federici","actor_username":"lorenzofederici98@gmail.com","actor_via_sso":false,"log_type":"token"}', '2026-03-04 12:28:41.958581+00', ''),
	('00000000-0000-0000-0000-000000000000', 'b21d21e9-20b2-4c2e-9f44-b4da2a14a994', '{"action":"token_revoked","actor_id":"90c3b1b3-8d9d-48c3-ba2b-de018ecf95d1","actor_name":"Lorenzo Federici","actor_username":"lorenzofederici98@gmail.com","actor_via_sso":false,"log_type":"token"}', '2026-03-04 12:28:41.976208+00', ''),
	('00000000-0000-0000-0000-000000000000', '6cb92208-36e4-482f-addc-025bd430a40d', '{"action":"token_refreshed","actor_id":"f8b78fb5-3dc5-41fc-b9df-84815aa0c130","actor_name":"Pol Gubau","actor_username":"gubaupol@gmail.com","actor_via_sso":false,"log_type":"token"}', '2026-03-07 18:36:37.823733+00', ''),
	('00000000-0000-0000-0000-000000000000', 'da4453d4-c3b7-47c5-955e-19c4200361d8', '{"action":"token_revoked","actor_id":"f8b78fb5-3dc5-41fc-b9df-84815aa0c130","actor_name":"Pol Gubau","actor_username":"gubaupol@gmail.com","actor_via_sso":false,"log_type":"token"}', '2026-03-07 18:36:37.836544+00', ''),
	('00000000-0000-0000-0000-000000000000', 'a2eac6f8-2580-434d-8d11-a7275710f49c', '{"action":"token_refreshed","actor_id":"f8b78fb5-3dc5-41fc-b9df-84815aa0c130","actor_name":"Pol Gubau","actor_username":"gubaupol@gmail.com","actor_via_sso":false,"log_type":"token"}', '2026-03-08 17:07:05.842668+00', ''),
	('00000000-0000-0000-0000-000000000000', '36ae43e3-15fe-4a00-907b-2c73fe3e8d8b', '{"action":"token_revoked","actor_id":"f8b78fb5-3dc5-41fc-b9df-84815aa0c130","actor_name":"Pol Gubau","actor_username":"gubaupol@gmail.com","actor_via_sso":false,"log_type":"token"}', '2026-03-08 17:07:05.862632+00', ''),
	('00000000-0000-0000-0000-000000000000', 'a7548755-f0a2-4fae-8851-3685c059d439', '{"action":"token_refreshed","actor_id":"f8b78fb5-3dc5-41fc-b9df-84815aa0c130","actor_name":"Pol Gubau","actor_username":"gubaupol@gmail.com","actor_via_sso":false,"log_type":"token"}', '2026-03-08 17:37:38.59835+00', ''),
	('00000000-0000-0000-0000-000000000000', '64d1370f-f02b-4942-9da8-85303d4b54d6', '{"action":"token_revoked","actor_id":"f8b78fb5-3dc5-41fc-b9df-84815aa0c130","actor_name":"Pol Gubau","actor_username":"gubaupol@gmail.com","actor_via_sso":false,"log_type":"token"}', '2026-03-08 17:37:38.612867+00', ''),
	('00000000-0000-0000-0000-000000000000', '08fb81ac-5ef1-4da1-8a73-715c82280a31', '{"action":"login","actor_id":"90c3b1b3-8d9d-48c3-ba2b-de018ecf95d1","actor_name":"Lorenzo Federici","actor_username":"lorenzofederici98@gmail.com","actor_via_sso":false,"log_type":"account","traits":{"provider":"google"}}', '2026-03-10 13:22:28.888638+00', ''),
	('00000000-0000-0000-0000-000000000000', '36794f02-3c5a-4540-a6b8-767be3b075c1', '{"action":"login","actor_id":"90c3b1b3-8d9d-48c3-ba2b-de018ecf95d1","actor_name":"Lorenzo Federici","actor_username":"lorenzofederici98@gmail.com","actor_via_sso":false,"log_type":"account","traits":{"provider":"google"}}', '2026-03-10 13:24:54.68744+00', '');


--
-- Data for Name: custom_oauth_providers; Type: TABLE DATA; Schema: auth; Owner: supabase_auth_admin
--



--
-- Data for Name: flow_state; Type: TABLE DATA; Schema: auth; Owner: supabase_auth_admin
--



--
-- Data for Name: users; Type: TABLE DATA; Schema: auth; Owner: supabase_auth_admin
--

INSERT INTO "auth"."users" ("instance_id", "id", "aud", "role", "email", "encrypted_password", "email_confirmed_at", "invited_at", "confirmation_token", "confirmation_sent_at", "recovery_token", "recovery_sent_at", "email_change_token_new", "email_change", "email_change_sent_at", "last_sign_in_at", "raw_app_meta_data", "raw_user_meta_data", "is_super_admin", "created_at", "updated_at", "phone", "phone_confirmed_at", "phone_change", "phone_change_token", "phone_change_sent_at", "email_change_token_current", "email_change_confirm_status", "banned_until", "reauthentication_token", "reauthentication_sent_at", "is_sso_user", "deleted_at", "is_anonymous") VALUES
	('00000000-0000-0000-0000-000000000000', '52dd4a12-ec1c-418c-b1f8-4fa12003df11', 'authenticated', 'authenticated', 'mariaroges6@gmail.com', '$2a$10$lPU6LAL95704Cfz8tKqBx.MOPcH4VHEh8VvAlrpmsxs/aCFRS6ffS', '2025-09-01 09:33:46.671757+00', NULL, '', '2025-09-01 09:31:23.607413+00', '', NULL, '', '', NULL, '2025-09-01 09:33:46.678337+00', '{"provider": "email", "providers": ["email"]}', '{"sub": "52dd4a12-ec1c-418c-b1f8-4fa12003df11", "email": "mariaroges6@gmail.com", "email_verified": true, "phone_verified": false}', NULL, '2025-09-01 09:31:23.588167+00', '2025-09-01 09:33:46.694345+00', NULL, NULL, '', '', NULL, '', 0, NULL, '', NULL, false, NULL, false),
	('00000000-0000-0000-0000-000000000000', '90c3b1b3-8d9d-48c3-ba2b-de018ecf95d1', 'authenticated', 'authenticated', 'lorenzofederici98@gmail.com', NULL, '2025-09-04 02:49:54.112888+00', NULL, '', NULL, '', NULL, '', '', NULL, '2026-03-10 13:24:54.695487+00', '{"provider": "google", "providers": ["google"]}', '{"iss": "https://accounts.google.com", "sub": "108570553548005733637", "name": "Lorenzo Federici", "email": "lorenzofederici98@gmail.com", "picture": "https://lh3.googleusercontent.com/a/ACg8ocLMs3YE_Sm1MfrgRdD-R3q3oDYL2dOT_phb_6qLLU9nWiD0-u9i=s96-c", "full_name": "Lorenzo Federici", "avatar_url": "https://lh3.googleusercontent.com/a/ACg8ocLMs3YE_Sm1MfrgRdD-R3q3oDYL2dOT_phb_6qLLU9nWiD0-u9i=s96-c", "provider_id": "108570553548005733637", "email_verified": true, "phone_verified": false}', NULL, '2025-09-04 02:49:54.024307+00', '2026-03-10 13:24:54.731878+00', NULL, NULL, '', '', NULL, '', 0, NULL, '', NULL, false, NULL, false),
	('00000000-0000-0000-0000-000000000000', 'ba148caa-056f-44f4-9061-5cdd75232206', 'authenticated', 'authenticated', 'polbakup@gmail.com', NULL, '2025-10-14 15:30:54.666922+00', NULL, '', NULL, '', NULL, '', '', NULL, '2025-10-14 15:30:54.676452+00', '{"provider": "google", "providers": ["google"]}', '{"iss": "https://accounts.google.com", "sub": "114729118868863315395", "name": "bakup pol", "email": "polbakup@gmail.com", "picture": "https://lh3.googleusercontent.com/a/ACg8ocJDzr3Z9wprxur0aAzehWtLMgIvVJrqeivfFvIe1_PXG9khvQ=s96-c", "full_name": "bakup pol", "avatar_url": "https://lh3.googleusercontent.com/a/ACg8ocJDzr3Z9wprxur0aAzehWtLMgIvVJrqeivfFvIe1_PXG9khvQ=s96-c", "provider_id": "114729118868863315395", "email_verified": true, "phone_verified": false}', NULL, '2025-10-14 15:30:54.627+00', '2025-10-14 15:30:54.692384+00', NULL, NULL, '', '', NULL, '', 0, NULL, '', NULL, false, NULL, false),
	('00000000-0000-0000-0000-000000000000', 'f8b78fb5-3dc5-41fc-b9df-84815aa0c130', 'authenticated', 'authenticated', 'gubaupol@gmail.com', NULL, '2025-08-30 11:06:48.892615+00', NULL, '', NULL, '', NULL, '', '', NULL, '2026-01-06 19:25:23.816516+00', '{"provider": "google", "providers": ["google"]}', '{"iss": "https://accounts.google.com", "sub": "107819430557670836156", "name": "Pol Gubau", "email": "gubaupol@gmail.com", "picture": "https://lh3.googleusercontent.com/a/ACg8ocLS0Na8NuuV-0TP3juNhRoQzIx8RuIIn-bwJqYdzjcnLk6HtpWcbg=s96-c", "full_name": "Pol Gubau", "avatar_url": "https://lh3.googleusercontent.com/a/ACg8ocLS0Na8NuuV-0TP3juNhRoQzIx8RuIIn-bwJqYdzjcnLk6HtpWcbg=s96-c", "provider_id": "107819430557670836156", "email_verified": true, "phone_verified": false}', NULL, '2025-08-30 11:06:48.874527+00', '2026-03-08 17:37:38.639258+00', NULL, NULL, '', '', NULL, '', 0, NULL, '', NULL, false, NULL, false),
	('00000000-0000-0000-0000-000000000000', '64e1a945-5f0a-4200-b067-202540ea75a5', 'authenticated', 'authenticated', 'jamesarchibal@gmail.com', NULL, '2025-10-20 09:54:53.813695+00', NULL, '', NULL, '', NULL, '', '', NULL, '2025-10-20 09:54:53.822907+00', '{"provider": "google", "providers": ["google"]}', '{"iss": "https://accounts.google.com", "sub": "106070369482407675401", "name": "James Archidona", "email": "jamesarchibal@gmail.com", "picture": "https://lh3.googleusercontent.com/a/ACg8ocIgaJEuFKCq5HiSwGqRVd77T6SlNrPEeuOzRXjvFcR1e3ooFOpN=s96-c", "full_name": "James Archidona", "avatar_url": "https://lh3.googleusercontent.com/a/ACg8ocIgaJEuFKCq5HiSwGqRVd77T6SlNrPEeuOzRXjvFcR1e3ooFOpN=s96-c", "provider_id": "106070369482407675401", "email_verified": true, "phone_verified": false}', NULL, '2025-10-20 09:54:53.768653+00', '2025-10-20 12:21:55.750845+00', NULL, NULL, '', '', NULL, '', 0, NULL, '', NULL, false, NULL, false),
	('00000000-0000-0000-0000-000000000000', 'a4a30310-f241-4218-b857-62015ee98c61', 'authenticated', 'authenticated', 'gerardmartinezalcocer@gmail.com', NULL, '2025-12-27 17:15:49.220311+00', NULL, '', NULL, '', NULL, '', '', NULL, '2025-12-27 17:15:49.233862+00', '{"provider": "google", "providers": ["google"]}', '{"iss": "https://accounts.google.com", "sub": "103491447992716533392", "name": "Gerard Martinez Alcocer", "email": "gerardmartinezalcocer@gmail.com", "picture": "https://lh3.googleusercontent.com/a/ACg8ocJGc5_t8ivH6mPr0ime5JMudr9KXyeeht6M81lAJtXCcTWS5w=s96-c", "full_name": "Gerard Martinez Alcocer", "avatar_url": "https://lh3.googleusercontent.com/a/ACg8ocJGc5_t8ivH6mPr0ime5JMudr9KXyeeht6M81lAJtXCcTWS5w=s96-c", "provider_id": "103491447992716533392", "email_verified": true, "phone_verified": false}', NULL, '2025-12-27 17:15:49.04986+00', '2025-12-27 17:15:49.312931+00', NULL, NULL, '', '', NULL, '', 0, NULL, '', NULL, false, NULL, false);


--
-- Data for Name: identities; Type: TABLE DATA; Schema: auth; Owner: supabase_auth_admin
--

INSERT INTO "auth"."identities" ("provider_id", "user_id", "identity_data", "provider", "last_sign_in_at", "created_at", "updated_at", "id") VALUES
	('114729118868863315395', 'ba148caa-056f-44f4-9061-5cdd75232206', '{"iss": "https://accounts.google.com", "sub": "114729118868863315395", "name": "bakup pol", "email": "polbakup@gmail.com", "picture": "https://lh3.googleusercontent.com/a/ACg8ocJDzr3Z9wprxur0aAzehWtLMgIvVJrqeivfFvIe1_PXG9khvQ=s96-c", "full_name": "bakup pol", "avatar_url": "https://lh3.googleusercontent.com/a/ACg8ocJDzr3Z9wprxur0aAzehWtLMgIvVJrqeivfFvIe1_PXG9khvQ=s96-c", "provider_id": "114729118868863315395", "email_verified": true, "phone_verified": false}', 'google', '2025-10-14 15:30:54.661108+00', '2025-10-14 15:30:54.661163+00', '2025-10-14 15:30:54.661163+00', '479df438-0b43-460f-bde8-32f02bd0b03b'),
	('52dd4a12-ec1c-418c-b1f8-4fa12003df11', '52dd4a12-ec1c-418c-b1f8-4fa12003df11', '{"sub": "52dd4a12-ec1c-418c-b1f8-4fa12003df11", "email": "mariaroges6@gmail.com", "email_verified": true, "phone_verified": false}', 'email', '2025-09-01 09:31:23.597389+00', '2025-09-01 09:31:23.59744+00', '2025-09-01 09:31:23.59744+00', '23ae091d-7aa9-4327-bee6-e5f1a9b22a31'),
	('108570553548005733637', '90c3b1b3-8d9d-48c3-ba2b-de018ecf95d1', '{"iss": "https://accounts.google.com", "sub": "108570553548005733637", "name": "Lorenzo Federici", "email": "lorenzofederici98@gmail.com", "picture": "https://lh3.googleusercontent.com/a/ACg8ocLMs3YE_Sm1MfrgRdD-R3q3oDYL2dOT_phb_6qLLU9nWiD0-u9i=s96-c", "full_name": "Lorenzo Federici", "avatar_url": "https://lh3.googleusercontent.com/a/ACg8ocLMs3YE_Sm1MfrgRdD-R3q3oDYL2dOT_phb_6qLLU9nWiD0-u9i=s96-c", "provider_id": "108570553548005733637", "email_verified": true, "phone_verified": false}', 'google', '2025-09-04 02:49:54.096839+00', '2025-09-04 02:49:54.096896+00', '2026-03-10 13:24:54.673129+00', '5284e9e7-1ddb-407c-8af6-29721802683d'),
	('103491447992716533392', 'a4a30310-f241-4218-b857-62015ee98c61', '{"iss": "https://accounts.google.com", "sub": "103491447992716533392", "name": "Gerard Martinez Alcocer", "email": "gerardmartinezalcocer@gmail.com", "picture": "https://lh3.googleusercontent.com/a/ACg8ocJGc5_t8ivH6mPr0ime5JMudr9KXyeeht6M81lAJtXCcTWS5w=s96-c", "full_name": "Gerard Martinez Alcocer", "avatar_url": "https://lh3.googleusercontent.com/a/ACg8ocJGc5_t8ivH6mPr0ime5JMudr9KXyeeht6M81lAJtXCcTWS5w=s96-c", "provider_id": "103491447992716533392", "email_verified": true, "phone_verified": false}', 'google', '2025-12-27 17:15:49.199101+00', '2025-12-27 17:15:49.199169+00', '2025-12-27 17:15:49.199169+00', 'b307c7db-efa5-44aa-b491-d920340b947c'),
	('106070369482407675401', '64e1a945-5f0a-4200-b067-202540ea75a5', '{"iss": "https://accounts.google.com", "sub": "106070369482407675401", "name": "James Archidona", "email": "jamesarchibal@gmail.com", "picture": "https://lh3.googleusercontent.com/a/ACg8ocIgaJEuFKCq5HiSwGqRVd77T6SlNrPEeuOzRXjvFcR1e3ooFOpN=s96-c", "full_name": "James Archidona", "avatar_url": "https://lh3.googleusercontent.com/a/ACg8ocIgaJEuFKCq5HiSwGqRVd77T6SlNrPEeuOzRXjvFcR1e3ooFOpN=s96-c", "provider_id": "106070369482407675401", "email_verified": true, "phone_verified": false}', 'google', '2025-10-20 09:54:53.802957+00', '2025-10-20 09:54:53.80301+00', '2025-10-20 09:54:53.80301+00', '09f28a3c-8bca-478c-8752-a8f74bc5cb38'),
	('107819430557670836156', 'f8b78fb5-3dc5-41fc-b9df-84815aa0c130', '{"iss": "https://accounts.google.com", "sub": "107819430557670836156", "name": "Pol Gubau", "email": "gubaupol@gmail.com", "picture": "https://lh3.googleusercontent.com/a/ACg8ocLS0Na8NuuV-0TP3juNhRoQzIx8RuIIn-bwJqYdzjcnLk6HtpWcbg=s96-c", "full_name": "Pol Gubau", "avatar_url": "https://lh3.googleusercontent.com/a/ACg8ocLS0Na8NuuV-0TP3juNhRoQzIx8RuIIn-bwJqYdzjcnLk6HtpWcbg=s96-c", "provider_id": "107819430557670836156", "email_verified": true, "phone_verified": false}', 'google', '2025-08-30 11:06:48.886236+00', '2025-08-30 11:06:48.886875+00', '2026-01-06 19:25:23.772821+00', '92d8e524-665c-4496-be3a-d1f80f4a8421');


--
-- Data for Name: instances; Type: TABLE DATA; Schema: auth; Owner: supabase_auth_admin
--



--
-- Data for Name: oauth_clients; Type: TABLE DATA; Schema: auth; Owner: supabase_auth_admin
--



--
-- Data for Name: sessions; Type: TABLE DATA; Schema: auth; Owner: supabase_auth_admin
--

INSERT INTO "auth"."sessions" ("id", "user_id", "created_at", "updated_at", "factor_id", "aal", "not_after", "refreshed_at", "user_agent", "ip", "tag", "oauth_client_id", "refresh_token_hmac_key", "refresh_token_counter", "scopes") VALUES
	('928bab81-e070-46ca-9aec-890b5581a4ad', '90c3b1b3-8d9d-48c3-ba2b-de018ecf95d1', '2025-10-09 02:57:17.968581+00', '2025-12-05 11:47:22.490698+00', NULL, 'aal1', NULL, '2025-12-05 11:47:22.490591', 'Mozilla/5.0 (iPhone; CPU iPhone OS 18_6_2 like Mac OS X) AppleWebKit/605.1.15 (KHTML, like Gecko) CriOS/142.0.7444.148 Mobile/15E148 Safari/604.1', '84.79.66.76', NULL, NULL, NULL, NULL, NULL),
	('0cbfc4cc-8391-484b-89db-29e56cd900f9', 'f8b78fb5-3dc5-41fc-b9df-84815aa0c130', '2026-01-06 19:25:23.816638+00', '2026-03-08 17:07:05.904344+00', NULL, 'aal1', NULL, '2026-03-08 17:07:05.903748', 'Mozilla/5.0 (Windows NT 10.0; Win64; x64) AppleWebKit/537.36 (KHTML, like Gecko) Chrome/145.0.0.0 Safari/537.36', '46.6.43.215', NULL, NULL, NULL, NULL, NULL),
	('e4ca4c18-4e12-4c78-870a-71816e1cfcce', 'f8b78fb5-3dc5-41fc-b9df-84815aa0c130', '2025-11-26 15:02:41.766477+00', '2025-12-18 20:50:17.473438+00', NULL, 'aal1', NULL, '2025-12-18 20:50:17.473321', 'Mozilla/5.0 (Linux; Android 10; K) AppleWebKit/537.36 (KHTML, like Gecko) Chrome/143.0.0.0 Mobile Safari/537.36', '139.47.120.170', NULL, NULL, NULL, NULL, NULL),
	('a0dfb6b5-62d4-4801-a50a-7a02077a72d9', 'f8b78fb5-3dc5-41fc-b9df-84815aa0c130', '2025-12-22 13:08:28.818064+00', '2026-03-08 17:37:38.651938+00', NULL, 'aal1', NULL, '2026-03-08 17:37:38.651824', 'Mozilla/5.0 (Linux; Android 10; K) AppleWebKit/537.36 (KHTML, like Gecko) Chrome/145.0.0.0 Mobile Safari/537.36', '46.6.43.215', NULL, NULL, NULL, NULL, NULL),
	('ade1b4f6-fd06-4c06-b11d-dae03905574e', '90c3b1b3-8d9d-48c3-ba2b-de018ecf95d1', '2026-03-10 13:22:28.899495+00', '2026-03-10 13:22:28.899495+00', NULL, 'aal1', NULL, NULL, 'Mozilla/5.0 (iPhone; CPU iPhone OS 26_3_0 like Mac OS X) AppleWebKit/605.1.15 (KHTML, like Gecko) GSA/410.0.875971614 Mobile/15E148 Safari/604.1', '37.14.183.49', NULL, NULL, NULL, NULL, NULL),
	('a9557558-c41c-4a9d-828a-e2c585899af1', '52dd4a12-ec1c-418c-b1f8-4fa12003df11', '2025-09-01 09:33:46.678409+00', '2025-09-01 09:33:46.678409+00', NULL, 'aal1', NULL, NULL, 'Mozilla/5.0 (Linux; Android 10; K) AppleWebKit/537.36 (KHTML, like Gecko) SamsungBrowser/28.0 Chrome/130.0.0.0 Mobile Safari/537.36', '77.209.27.212', NULL, NULL, NULL, NULL, NULL),
	('679ccf1e-60b4-454f-9e15-ec0623222541', '90c3b1b3-8d9d-48c3-ba2b-de018ecf95d1', '2026-03-10 13:24:54.696524+00', '2026-03-10 13:24:54.696524+00', NULL, 'aal1', NULL, NULL, 'Mozilla/5.0 (iPhone; CPU iPhone OS 26_3_0 like Mac OS X) AppleWebKit/605.1.15 (KHTML, like Gecko) CriOS/145.0.7632.108 Mobile/15E148 Safari/604.1', '37.14.183.49', NULL, NULL, NULL, NULL, NULL),
	('58989bb0-efd1-4292-89b4-5993affcc6eb', 'f8b78fb5-3dc5-41fc-b9df-84815aa0c130', '2025-10-14 15:34:24.800854+00', '2025-10-14 15:34:24.800854+00', NULL, 'aal1', NULL, NULL, 'Mozilla/5.0 (Windows NT 10.0; Win64; x64) AppleWebKit/537.36 (KHTML, like Gecko) Chrome/141.0.0.0 Safari/537.36', '79.228.128.60', NULL, NULL, NULL, NULL, NULL),
	('be1b4a0c-c956-4521-8b78-563cd366dea3', 'f8b78fb5-3dc5-41fc-b9df-84815aa0c130', '2025-10-14 16:00:04.621953+00', '2025-11-07 07:55:44.245407+00', NULL, 'aal1', NULL, '2025-11-07 07:55:44.245309', 'Mozilla/5.0 (Linux; Android 10; K) AppleWebKit/537.36 (KHTML, like Gecko) Chrome/142.0.0.0 Mobile Safari/537.36', '139.47.124.137', NULL, NULL, NULL, NULL, NULL),
	('a52feef2-adf7-4848-8c99-3569ad0aa86f', 'f8b78fb5-3dc5-41fc-b9df-84815aa0c130', '2026-01-06 08:03:58.678987+00', '2026-01-06 08:03:58.678987+00', NULL, 'aal1', NULL, NULL, 'Mozilla/5.0 (Linux; Android 10; K) AppleWebKit/537.36 (KHTML, like Gecko) Chrome/143.0.0.0 Mobile Safari/537.36', '139.47.127.60', NULL, NULL, NULL, NULL, NULL),
	('c9deb948-bbe8-41f5-b560-5384d569f00f', 'f8b78fb5-3dc5-41fc-b9df-84815aa0c130', '2025-10-15 09:16:53.097425+00', '2025-10-15 09:16:53.097425+00', NULL, 'aal1', NULL, NULL, 'Mozilla/5.0 (Windows NT 10.0; Win64; x64) AppleWebKit/537.36 (KHTML, like Gecko) Chrome/141.0.0.0 Safari/537.36', '79.228.128.60', NULL, NULL, NULL, NULL, NULL),
	('d36befaa-a191-4ac4-8d69-8d9fcbb3df93', '90c3b1b3-8d9d-48c3-ba2b-de018ecf95d1', '2025-09-04 02:49:54.123445+00', '2026-02-12 17:14:46.816368+00', NULL, 'aal1', NULL, '2026-02-12 17:14:46.816232', 'Mozilla/5.0 (Linux; Android 10; K) AppleWebKit/537.36 (KHTML, like Gecko) Chrome/144.0.0.0 Mobile Safari/537.36', '37.14.183.49', NULL, NULL, NULL, NULL, NULL),
	('551b5c64-4bdb-4e64-b424-c0e8223e4b75', 'f8b78fb5-3dc5-41fc-b9df-84815aa0c130', '2025-11-26 15:02:35.930319+00', '2025-11-26 15:02:35.930319+00', NULL, 'aal1', NULL, NULL, 'Mozilla/5.0 (Linux; Android 10; K) AppleWebKit/537.36 (KHTML, like Gecko) Chrome/142.0.0.0 Mobile Safari/537.36', '139.47.127.63', NULL, NULL, NULL, NULL, NULL),
	('0a4df89f-985c-4f44-bd95-e1cddb8d07fb', 'f8b78fb5-3dc5-41fc-b9df-84815aa0c130', '2025-10-18 14:09:21.833484+00', '2025-10-18 14:09:21.833484+00', NULL, 'aal1', NULL, NULL, 'Mozilla/5.0 (Linux; Android 6.0; Nexus 5 Build/MRA58N) AppleWebKit/537.36 (KHTML, like Gecko) Chrome/141.0.0.0 Mobile Safari/537.36', '79.228.128.60', NULL, NULL, NULL, NULL, NULL),
	('a4ae3a86-c209-4675-a1a4-bb7e6668304a', 'f8b78fb5-3dc5-41fc-b9df-84815aa0c130', '2025-10-18 14:53:33.058859+00', '2025-10-18 14:53:33.058859+00', NULL, 'aal1', NULL, NULL, 'Mozilla/5.0 (Linux; Android 6.0; Nexus 5 Build/MRA58N) AppleWebKit/537.36 (KHTML, like Gecko) Chrome/141.0.0.0 Mobile Safari/537.36', '79.228.128.60', NULL, NULL, NULL, NULL, NULL),
	('8881a84b-1c12-4bac-8121-0f7ee7e31b91', '64e1a945-5f0a-4200-b067-202540ea75a5', '2025-10-20 09:54:53.823007+00', '2025-10-20 12:21:55.760336+00', NULL, 'aal1', NULL, '2025-10-20 12:21:55.75966', 'Mozilla/5.0 (iPhone; CPU iPhone OS 18_6_2 like Mac OS X) AppleWebKit/605.1.15 (KHTML, like Gecko) Version/18.6 Mobile/15E148 Safari/604.1', '104.28.34.164', NULL, NULL, NULL, NULL, NULL),
	('6082dc81-9134-4787-b3f1-02b784a90c61', 'f8b78fb5-3dc5-41fc-b9df-84815aa0c130', '2025-11-26 15:03:54.171156+00', '2025-11-26 15:03:54.171156+00', NULL, 'aal1', NULL, NULL, 'Mozilla/5.0 (Windows NT 10.0; Win64; x64) AppleWebKit/537.36 (KHTML, like Gecko) Chrome/142.0.0.0 Safari/537.36', '139.47.127.63', NULL, NULL, NULL, NULL, NULL),
	('072f8242-6be5-4f1e-8487-27a187e591d3', 'a4a30310-f241-4218-b857-62015ee98c61', '2025-12-27 17:15:49.234004+00', '2025-12-27 17:15:49.234004+00', NULL, 'aal1', NULL, NULL, 'Mozilla/5.0 (iPhone; CPU iPhone OS 26_0_0 like Mac OS X) AppleWebKit/605.1.15 (KHTML, like Gecko) CriOS/143.0.7499.151 Mobile/15E148 Safari/604.1', '79.117.79.234', NULL, NULL, NULL, NULL, NULL),
	('2fcbe6b0-538b-4412-a326-4b421ef338e5', '90c3b1b3-8d9d-48c3-ba2b-de018ecf95d1', '2025-12-04 17:32:26.110938+00', '2026-01-12 20:35:10.553262+00', NULL, 'aal1', NULL, '2026-01-12 20:35:10.55313', 'Mozilla/5.0 (iPhone; CPU iPhone OS 18_6_2 like Mac OS X) AppleWebKit/605.1.15 (KHTML, like Gecko) GSA/402.0.850515619 Mobile/15E148 Safari/604.1', '84.79.70.223', NULL, NULL, NULL, NULL, NULL),
	('aca3baae-6396-4b26-b0c8-a8fc27dab8d1', '90c3b1b3-8d9d-48c3-ba2b-de018ecf95d1', '2026-03-03 17:22:52.455493+00', '2026-03-04 12:28:42.007747+00', NULL, 'aal1', NULL, '2026-03-04 12:28:42.007608', 'Mozilla/5.0 (Linux; Android 10; K) AppleWebKit/537.36 (KHTML, like Gecko) Chrome/145.0.0.0 Mobile Safari/537.36', '37.162.192.129', NULL, NULL, NULL, NULL, NULL);


--
-- Data for Name: mfa_amr_claims; Type: TABLE DATA; Schema: auth; Owner: supabase_auth_admin
--

INSERT INTO "auth"."mfa_amr_claims" ("session_id", "created_at", "updated_at", "authentication_method", "id") VALUES
	('a9557558-c41c-4a9d-828a-e2c585899af1', '2025-09-01 09:33:46.694882+00', '2025-09-01 09:33:46.694882+00', 'otp', '0227daa8-1459-4671-bde6-b0c78aaa6ad4'),
	('d36befaa-a191-4ac4-8d69-8d9fcbb3df93', '2025-09-04 02:49:54.163829+00', '2025-09-04 02:49:54.163829+00', 'oauth', '02fc1362-b826-4e42-aa65-38caecedeb3e'),
	('928bab81-e070-46ca-9aec-890b5581a4ad', '2025-10-09 02:57:18.016669+00', '2025-10-09 02:57:18.016669+00', 'oauth', '3bb8b0cc-2a93-4db7-8ba6-d2aad742c755'),
	('58989bb0-efd1-4292-89b4-5993affcc6eb', '2025-10-14 15:34:24.804141+00', '2025-10-14 15:34:24.804141+00', 'oauth', '3c991f51-6db6-4f21-aa46-ddf4349fb3a2'),
	('be1b4a0c-c956-4521-8b78-563cd366dea3', '2025-10-14 16:00:04.639775+00', '2025-10-14 16:00:04.639775+00', 'oauth', '586b7967-36cb-4241-87b8-25f381b3e8c4'),
	('c9deb948-bbe8-41f5-b560-5384d569f00f', '2025-10-15 09:16:53.148543+00', '2025-10-15 09:16:53.148543+00', 'oauth', '327c7eff-73ea-4953-9435-b67b854e4612'),
	('0a4df89f-985c-4f44-bd95-e1cddb8d07fb', '2025-10-18 14:09:21.897378+00', '2025-10-18 14:09:21.897378+00', 'oauth', '082f8aa2-48be-4a2b-b8f3-ee968e0a5e50'),
	('a4ae3a86-c209-4675-a1a4-bb7e6668304a', '2025-10-18 14:53:33.089799+00', '2025-10-18 14:53:33.089799+00', 'oauth', 'a90b3a0a-8099-4219-8192-1cf11b8beb1e'),
	('8881a84b-1c12-4bac-8121-0f7ee7e31b91', '2025-10-20 09:54:53.843491+00', '2025-10-20 09:54:53.843491+00', 'oauth', 'd0f62e74-8d74-4f6b-8273-4a3d5690b2a2'),
	('551b5c64-4bdb-4e64-b424-c0e8223e4b75', '2025-11-26 15:02:35.943424+00', '2025-11-26 15:02:35.943424+00', 'oauth', '239aa5af-8011-4489-acac-9e1a3f059f08'),
	('e4ca4c18-4e12-4c78-870a-71816e1cfcce', '2025-11-26 15:02:41.769443+00', '2025-11-26 15:02:41.769443+00', 'oauth', 'cd9f9fb3-38fd-49c8-9965-08c637518d96'),
	('6082dc81-9134-4787-b3f1-02b784a90c61', '2025-11-26 15:03:54.174392+00', '2025-11-26 15:03:54.174392+00', 'oauth', 'bc3f4bb5-bc19-4fa3-a3ac-9670547d7f54'),
	('2fcbe6b0-538b-4412-a326-4b421ef338e5', '2025-12-04 17:32:26.126631+00', '2025-12-04 17:32:26.126631+00', 'oauth', '2bdd0986-9837-4460-b66a-705e1128a255'),
	('a0dfb6b5-62d4-4801-a50a-7a02077a72d9', '2025-12-22 13:08:28.905707+00', '2025-12-22 13:08:28.905707+00', 'oauth', 'bea21423-285f-4f96-b1f2-2d070e18d69b'),
	('072f8242-6be5-4f1e-8487-27a187e591d3', '2025-12-27 17:15:49.313518+00', '2025-12-27 17:15:49.313518+00', 'oauth', '25f99f42-e08e-4a89-b2e5-81172dd4978e'),
	('a52feef2-adf7-4848-8c99-3569ad0aa86f', '2026-01-06 08:03:58.731542+00', '2026-01-06 08:03:58.731542+00', 'oauth', '5f6d994b-8cb7-4f2c-b738-512c357bbf81'),
	('0cbfc4cc-8391-484b-89db-29e56cd900f9', '2026-01-06 19:25:23.879454+00', '2026-01-06 19:25:23.879454+00', 'oauth', '0820da58-3207-4559-a02f-d206433876d3'),
	('aca3baae-6396-4b26-b0c8-a8fc27dab8d1', '2026-03-03 17:22:52.47239+00', '2026-03-03 17:22:52.47239+00', 'oauth', '6d8167c2-9e27-408f-8162-30df743424e4'),
	('ade1b4f6-fd06-4c06-b11d-dae03905574e', '2026-03-10 13:22:28.927031+00', '2026-03-10 13:22:28.927031+00', 'oauth', 'fd3482a9-f019-4adf-b250-563284dce9d3'),
	('679ccf1e-60b4-454f-9e15-ec0623222541', '2026-03-10 13:24:54.734311+00', '2026-03-10 13:24:54.734311+00', 'oauth', 'ae552aa4-1505-4d8f-a7dd-bb68e7ceaad7');


--
-- Data for Name: mfa_factors; Type: TABLE DATA; Schema: auth; Owner: supabase_auth_admin
--



--
-- Data for Name: mfa_challenges; Type: TABLE DATA; Schema: auth; Owner: supabase_auth_admin
--



--
-- Data for Name: oauth_authorizations; Type: TABLE DATA; Schema: auth; Owner: supabase_auth_admin
--



--
-- Data for Name: oauth_client_states; Type: TABLE DATA; Schema: auth; Owner: supabase_auth_admin
--



--
-- Data for Name: oauth_consents; Type: TABLE DATA; Schema: auth; Owner: supabase_auth_admin
--



--
-- Data for Name: one_time_tokens; Type: TABLE DATA; Schema: auth; Owner: supabase_auth_admin
--



--
-- Data for Name: refresh_tokens; Type: TABLE DATA; Schema: auth; Owner: supabase_auth_admin
--

INSERT INTO "auth"."refresh_tokens" ("instance_id", "id", "token", "user_id", "revoked", "created_at", "updated_at", "parent", "session_id") VALUES
	('00000000-0000-0000-0000-000000000000', 62, '53nb5wmt7jn4', '90c3b1b3-8d9d-48c3-ba2b-de018ecf95d1', true, '2025-10-04 13:53:25.458357+00', '2025-10-04 19:49:20.445674+00', 'skvfedcizmdv', 'd36befaa-a191-4ac4-8d69-8d9fcbb3df93'),
	('00000000-0000-0000-0000-000000000000', 65, 'wwbunpflda6k', '90c3b1b3-8d9d-48c3-ba2b-de018ecf95d1', true, '2025-10-09 02:57:17.983155+00', '2025-10-09 13:56:48.390923+00', NULL, '928bab81-e070-46ca-9aec-890b5581a4ad'),
	('00000000-0000-0000-0000-000000000000', 66, 'rly4hsg4kdhq', '90c3b1b3-8d9d-48c3-ba2b-de018ecf95d1', true, '2025-10-09 13:56:48.415334+00', '2025-10-11 03:33:59.992209+00', 'wwbunpflda6k', '928bab81-e070-46ca-9aec-890b5581a4ad'),
	('00000000-0000-0000-0000-000000000000', 67, '7bsezv7xlu25', '90c3b1b3-8d9d-48c3-ba2b-de018ecf95d1', true, '2025-10-11 03:34:00.000773+00', '2025-10-11 14:18:27.759124+00', 'rly4hsg4kdhq', '928bab81-e070-46ca-9aec-890b5581a4ad'),
	('00000000-0000-0000-0000-000000000000', 68, 'cnqhkqjmzhad', '90c3b1b3-8d9d-48c3-ba2b-de018ecf95d1', true, '2025-10-11 14:18:27.784149+00', '2025-10-12 02:09:10.288706+00', '7bsezv7xlu25', '928bab81-e070-46ca-9aec-890b5581a4ad'),
	('00000000-0000-0000-0000-000000000000', 69, 'r7c6un6npc6u', '90c3b1b3-8d9d-48c3-ba2b-de018ecf95d1', true, '2025-10-12 02:09:10.313299+00', '2025-10-12 11:04:52.120546+00', 'cnqhkqjmzhad', '928bab81-e070-46ca-9aec-890b5581a4ad'),
	('00000000-0000-0000-0000-000000000000', 63, '2z2itv2gdwmh', '90c3b1b3-8d9d-48c3-ba2b-de018ecf95d1', true, '2025-10-04 19:49:20.476248+00', '2025-10-14 15:18:34.011594+00', '53nb5wmt7jn4', 'd36befaa-a191-4ac4-8d69-8d9fcbb3df93'),
	('00000000-0000-0000-0000-000000000000', 70, 'bfqns5uuzvro', '90c3b1b3-8d9d-48c3-ba2b-de018ecf95d1', true, '2025-10-12 11:04:52.147646+00', '2025-10-14 15:19:53.85136+00', 'r7c6un6npc6u', '928bab81-e070-46ca-9aec-890b5581a4ad'),
	('00000000-0000-0000-0000-000000000000', 79, 'lnnsk3f3ajep', 'f8b78fb5-3dc5-41fc-b9df-84815aa0c130', false, '2025-10-14 15:34:24.802136+00', '2025-10-14 15:34:24.802136+00', NULL, '58989bb0-efd1-4292-89b4-5993affcc6eb'),
	('00000000-0000-0000-0000-000000000000', 76, 'cc6vzq3ips7y', '90c3b1b3-8d9d-48c3-ba2b-de018ecf95d1', true, '2025-10-14 15:19:53.852643+00', '2025-10-14 16:26:28.531137+00', 'bfqns5uuzvro', '928bab81-e070-46ca-9aec-890b5581a4ad'),
	('00000000-0000-0000-0000-000000000000', 75, 'j7epicgizmmp', '90c3b1b3-8d9d-48c3-ba2b-de018ecf95d1', true, '2025-10-14 15:18:34.011962+00', '2025-10-15 03:23:31.624833+00', '2z2itv2gdwmh', 'd36befaa-a191-4ac4-8d69-8d9fcbb3df93'),
	('00000000-0000-0000-0000-000000000000', 83, 't6andtf4a4cb', 'f8b78fb5-3dc5-41fc-b9df-84815aa0c130', false, '2025-10-15 09:16:53.128039+00', '2025-10-15 09:16:53.128039+00', NULL, 'c9deb948-bbe8-41f5-b560-5384d569f00f'),
	('00000000-0000-0000-0000-000000000000', 81, 'qflixv5nixbr', '90c3b1b3-8d9d-48c3-ba2b-de018ecf95d1', true, '2025-10-14 16:26:28.55209+00', '2025-10-16 12:30:25.308766+00', 'cc6vzq3ips7y', '928bab81-e070-46ca-9aec-890b5581a4ad'),
	('00000000-0000-0000-0000-000000000000', 84, 't543oprmby37', '90c3b1b3-8d9d-48c3-ba2b-de018ecf95d1', true, '2025-10-16 12:30:25.334936+00', '2025-10-16 14:44:56.568451+00', 'qflixv5nixbr', '928bab81-e070-46ca-9aec-890b5581a4ad'),
	('00000000-0000-0000-0000-000000000000', 86, 'btvkkodem4np', 'f8b78fb5-3dc5-41fc-b9df-84815aa0c130', false, '2025-10-18 14:09:21.862769+00', '2025-10-18 14:09:21.862769+00', NULL, '0a4df89f-985c-4f44-bd95-e1cddb8d07fb'),
	('00000000-0000-0000-0000-000000000000', 87, 'euwrwsiryo72', 'f8b78fb5-3dc5-41fc-b9df-84815aa0c130', false, '2025-10-18 14:53:33.072823+00', '2025-10-18 14:53:33.072823+00', NULL, 'a4ae3a86-c209-4675-a1a4-bb7e6668304a'),
	('00000000-0000-0000-0000-000000000000', 85, 'wdch23ovrr5o', '90c3b1b3-8d9d-48c3-ba2b-de018ecf95d1', true, '2025-10-16 14:44:56.584857+00', '2025-10-18 15:12:46.650077+00', 't543oprmby37', '928bab81-e070-46ca-9aec-890b5581a4ad'),
	('00000000-0000-0000-0000-000000000000', 31, 'tpowasefgmyo', '52dd4a12-ec1c-418c-b1f8-4fa12003df11', false, '2025-09-01 09:33:46.680859+00', '2025-09-01 09:33:46.680859+00', NULL, 'a9557558-c41c-4a9d-828a-e2c585899af1'),
	('00000000-0000-0000-0000-000000000000', 80, 'cgue6d2s2jzo', 'f8b78fb5-3dc5-41fc-b9df-84815aa0c130', true, '2025-10-14 16:00:04.629284+00', '2025-10-18 16:18:27.279409+00', NULL, 'be1b4a0c-c956-4521-8b78-563cd366dea3'),
	('00000000-0000-0000-0000-000000000000', 89, '3beyalid5niv', 'f8b78fb5-3dc5-41fc-b9df-84815aa0c130', true, '2025-10-18 16:18:27.292077+00', '2025-10-18 17:45:15.754798+00', 'cgue6d2s2jzo', 'be1b4a0c-c956-4521-8b78-563cd366dea3'),
	('00000000-0000-0000-0000-000000000000', 82, 'qqjxhcrli5ee', '90c3b1b3-8d9d-48c3-ba2b-de018ecf95d1', true, '2025-10-15 03:23:31.648822+00', '2025-10-20 09:52:21.251091+00', 'j7epicgizmmp', 'd36befaa-a191-4ac4-8d69-8d9fcbb3df93'),
	('00000000-0000-0000-0000-000000000000', 37, 'lnjhebxh42w5', '90c3b1b3-8d9d-48c3-ba2b-de018ecf95d1', true, '2025-09-04 02:49:54.13603+00', '2025-09-04 10:02:21.02165+00', NULL, 'd36befaa-a191-4ac4-8d69-8d9fcbb3df93'),
	('00000000-0000-0000-0000-000000000000', 92, 'ekxzl6jbby5d', '64e1a945-5f0a-4200-b067-202540ea75a5', true, '2025-10-20 09:54:53.833486+00', '2025-10-20 12:21:55.723203+00', NULL, '8881a84b-1c12-4bac-8121-0f7ee7e31b91'),
	('00000000-0000-0000-0000-000000000000', 38, 'fwv7377bxne7', '90c3b1b3-8d9d-48c3-ba2b-de018ecf95d1', true, '2025-09-04 10:02:21.046196+00', '2025-09-04 13:23:23.843897+00', 'lnjhebxh42w5', 'd36befaa-a191-4ac4-8d69-8d9fcbb3df93'),
	('00000000-0000-0000-0000-000000000000', 93, 'moduxnfunyi7', '64e1a945-5f0a-4200-b067-202540ea75a5', false, '2025-10-20 12:21:55.74159+00', '2025-10-20 12:21:55.74159+00', 'ekxzl6jbby5d', '8881a84b-1c12-4bac-8121-0f7ee7e31b91'),
	('00000000-0000-0000-0000-000000000000', 39, '6y2e7sf45o6m', '90c3b1b3-8d9d-48c3-ba2b-de018ecf95d1', true, '2025-09-04 13:23:23.850307+00', '2025-09-04 23:47:11.016786+00', 'fwv7377bxne7', 'd36befaa-a191-4ac4-8d69-8d9fcbb3df93'),
	('00000000-0000-0000-0000-000000000000', 90, '2npcw56sqvow', 'f8b78fb5-3dc5-41fc-b9df-84815aa0c130', true, '2025-10-18 17:45:15.779866+00', '2025-10-20 15:48:15.713665+00', '3beyalid5niv', 'be1b4a0c-c956-4521-8b78-563cd366dea3'),
	('00000000-0000-0000-0000-000000000000', 40, 'pmffw5qy5bmz', '90c3b1b3-8d9d-48c3-ba2b-de018ecf95d1', true, '2025-09-04 23:47:11.030925+00', '2025-09-06 17:53:28.636053+00', '6y2e7sf45o6m', 'd36befaa-a191-4ac4-8d69-8d9fcbb3df93'),
	('00000000-0000-0000-0000-000000000000', 91, 'b72bo4ey6uny', '90c3b1b3-8d9d-48c3-ba2b-de018ecf95d1', true, '2025-10-20 09:52:21.276014+00', '2025-10-20 20:23:54.662869+00', 'qqjxhcrli5ee', 'd36befaa-a191-4ac4-8d69-8d9fcbb3df93'),
	('00000000-0000-0000-0000-000000000000', 95, '7hoipiag5h63', '90c3b1b3-8d9d-48c3-ba2b-de018ecf95d1', true, '2025-10-20 20:23:54.677881+00', '2025-10-22 06:40:20.155969+00', 'b72bo4ey6uny', 'd36befaa-a191-4ac4-8d69-8d9fcbb3df93'),
	('00000000-0000-0000-0000-000000000000', 41, 'df7a3ruj25jm', '90c3b1b3-8d9d-48c3-ba2b-de018ecf95d1', true, '2025-09-06 17:53:28.663307+00', '2025-09-22 15:48:35.48581+00', 'pmffw5qy5bmz', 'd36befaa-a191-4ac4-8d69-8d9fcbb3df93'),
	('00000000-0000-0000-0000-000000000000', 96, 's3cg7rvvljcn', '90c3b1b3-8d9d-48c3-ba2b-de018ecf95d1', true, '2025-10-22 06:40:20.184355+00', '2025-10-23 01:15:32.157203+00', '7hoipiag5h63', 'd36befaa-a191-4ac4-8d69-8d9fcbb3df93'),
	('00000000-0000-0000-0000-000000000000', 44, 't4bwmqygnlz5', '90c3b1b3-8d9d-48c3-ba2b-de018ecf95d1', true, '2025-09-22 15:48:35.506292+00', '2025-09-22 18:42:47.838839+00', 'df7a3ruj25jm', 'd36befaa-a191-4ac4-8d69-8d9fcbb3df93'),
	('00000000-0000-0000-0000-000000000000', 97, 'mhrlnsoj7u65', '90c3b1b3-8d9d-48c3-ba2b-de018ecf95d1', true, '2025-10-23 01:15:32.176245+00', '2025-10-23 02:27:20.187081+00', 's3cg7rvvljcn', 'd36befaa-a191-4ac4-8d69-8d9fcbb3df93'),
	('00000000-0000-0000-0000-000000000000', 45, '6yavjsb5e3id', '90c3b1b3-8d9d-48c3-ba2b-de018ecf95d1', true, '2025-09-22 18:42:47.849684+00', '2025-09-29 02:34:32.606544+00', 't4bwmqygnlz5', 'd36befaa-a191-4ac4-8d69-8d9fcbb3df93'),
	('00000000-0000-0000-0000-000000000000', 98, 'gznr5burynwg', '90c3b1b3-8d9d-48c3-ba2b-de018ecf95d1', true, '2025-10-23 02:27:20.202071+00', '2025-10-23 08:58:28.579333+00', 'mhrlnsoj7u65', 'd36befaa-a191-4ac4-8d69-8d9fcbb3df93'),
	('00000000-0000-0000-0000-000000000000', 94, '43cj7mhxctjt', 'f8b78fb5-3dc5-41fc-b9df-84815aa0c130', true, '2025-10-20 15:48:15.728421+00', '2025-10-24 15:53:20.115449+00', '2npcw56sqvow', 'be1b4a0c-c956-4521-8b78-563cd366dea3'),
	('00000000-0000-0000-0000-000000000000', 48, 'dfgzkbfzkiv5', '90c3b1b3-8d9d-48c3-ba2b-de018ecf95d1', true, '2025-09-29 02:34:32.634157+00', '2025-09-29 19:16:57.910699+00', '6yavjsb5e3id', 'd36befaa-a191-4ac4-8d69-8d9fcbb3df93'),
	('00000000-0000-0000-0000-000000000000', 100, 'bt3zj2qvvcxl', 'f8b78fb5-3dc5-41fc-b9df-84815aa0c130', true, '2025-10-24 15:53:20.145476+00', '2025-10-25 11:18:47.969773+00', '43cj7mhxctjt', 'be1b4a0c-c956-4521-8b78-563cd366dea3'),
	('00000000-0000-0000-0000-000000000000', 51, 'bnolsr7tzfhw', '90c3b1b3-8d9d-48c3-ba2b-de018ecf95d1', true, '2025-09-29 19:16:57.930556+00', '2025-09-30 04:15:57.640648+00', 'dfgzkbfzkiv5', 'd36befaa-a191-4ac4-8d69-8d9fcbb3df93'),
	('00000000-0000-0000-0000-000000000000', 101, 'zaz3eu4nfme7', 'f8b78fb5-3dc5-41fc-b9df-84815aa0c130', true, '2025-10-25 11:18:47.996347+00', '2025-11-06 16:37:10.10155+00', 'bt3zj2qvvcxl', 'be1b4a0c-c956-4521-8b78-563cd366dea3'),
	('00000000-0000-0000-0000-000000000000', 102, 'xhgtghh3hcsa', 'f8b78fb5-3dc5-41fc-b9df-84815aa0c130', true, '2025-11-06 16:37:10.127255+00', '2025-11-07 07:55:44.212144+00', 'zaz3eu4nfme7', 'be1b4a0c-c956-4521-8b78-563cd366dea3'),
	('00000000-0000-0000-0000-000000000000', 103, 'zl5mgssz2ex5', 'f8b78fb5-3dc5-41fc-b9df-84815aa0c130', false, '2025-11-07 07:55:44.222321+00', '2025-11-07 07:55:44.222321+00', 'xhgtghh3hcsa', 'be1b4a0c-c956-4521-8b78-563cd366dea3'),
	('00000000-0000-0000-0000-000000000000', 88, '6ceoudeync5h', '90c3b1b3-8d9d-48c3-ba2b-de018ecf95d1', true, '2025-10-18 15:12:46.664035+00', '2025-11-07 17:16:53.401716+00', 'wdch23ovrr5o', '928bab81-e070-46ca-9aec-890b5581a4ad'),
	('00000000-0000-0000-0000-000000000000', 104, '4ohdu7wvidik', '90c3b1b3-8d9d-48c3-ba2b-de018ecf95d1', true, '2025-11-07 17:16:53.411597+00', '2025-11-07 23:17:29.494355+00', '6ceoudeync5h', '928bab81-e070-46ca-9aec-890b5581a4ad'),
	('00000000-0000-0000-0000-000000000000', 105, 'dvog7uu3gg6m', '90c3b1b3-8d9d-48c3-ba2b-de018ecf95d1', true, '2025-11-07 23:17:29.502941+00', '2025-11-10 11:34:02.469106+00', '4ohdu7wvidik', '928bab81-e070-46ca-9aec-890b5581a4ad'),
	('00000000-0000-0000-0000-000000000000', 106, 'wbe4wt7qfsec', '90c3b1b3-8d9d-48c3-ba2b-de018ecf95d1', true, '2025-11-10 11:34:02.499041+00', '2025-11-10 14:17:00.592363+00', 'dvog7uu3gg6m', '928bab81-e070-46ca-9aec-890b5581a4ad'),
	('00000000-0000-0000-0000-000000000000', 108, 'ywqkbfzthbq3', 'f8b78fb5-3dc5-41fc-b9df-84815aa0c130', false, '2025-11-26 15:02:35.935216+00', '2025-11-26 15:02:35.935216+00', NULL, '551b5c64-4bdb-4e64-b424-c0e8223e4b75'),
	('00000000-0000-0000-0000-000000000000', 99, 'a2ypznj6qyk2', '90c3b1b3-8d9d-48c3-ba2b-de018ecf95d1', true, '2025-10-23 08:58:28.603711+00', '2025-12-04 17:36:03.956939+00', 'gznr5burynwg', 'd36befaa-a191-4ac4-8d69-8d9fcbb3df93'),
	('00000000-0000-0000-0000-000000000000', 52, 'skvfedcizmdv', '90c3b1b3-8d9d-48c3-ba2b-de018ecf95d1', true, '2025-09-30 04:15:57.665499+00', '2025-10-04 13:53:25.443754+00', 'bnolsr7tzfhw', 'd36befaa-a191-4ac4-8d69-8d9fcbb3df93'),
	('00000000-0000-0000-0000-000000000000', 148, 'ioq4uhqhmf7f', '90c3b1b3-8d9d-48c3-ba2b-de018ecf95d1', true, '2026-01-12 20:35:28.646442+00', '2026-01-17 21:37:23.76622+00', 'do7fg6llip2b', 'd36befaa-a191-4ac4-8d69-8d9fcbb3df93'),
	('00000000-0000-0000-0000-000000000000', 110, '5ggtobb26nna', 'f8b78fb5-3dc5-41fc-b9df-84815aa0c130', false, '2025-11-26 15:03:54.172634+00', '2025-11-26 15:03:54.172634+00', NULL, '6082dc81-9134-4787-b3f1-02b784a90c61'),
	('00000000-0000-0000-0000-000000000000', 107, 'mq6qhllzxfyp', '90c3b1b3-8d9d-48c3-ba2b-de018ecf95d1', true, '2025-11-10 14:17:00.601559+00', '2025-12-01 16:42:58.202297+00', 'wbe4wt7qfsec', '928bab81-e070-46ca-9aec-890b5581a4ad'),
	('00000000-0000-0000-0000-000000000000', 146, 'xpxaj7tixuuq', 'f8b78fb5-3dc5-41fc-b9df-84815aa0c130', true, '2026-01-11 08:27:41.939551+00', '2026-01-22 13:14:39.445623+00', '5fvzojbnqye5', 'a0dfb6b5-62d4-4801-a50a-7a02077a72d9'),
	('00000000-0000-0000-0000-000000000000', 111, 'kkznhujikygd', '90c3b1b3-8d9d-48c3-ba2b-de018ecf95d1', true, '2025-12-01 16:42:58.225297+00', '2025-12-01 17:57:56.806662+00', 'mq6qhllzxfyp', '928bab81-e070-46ca-9aec-890b5581a4ad'),
	('00000000-0000-0000-0000-000000000000', 112, 'axuy4gkamweq', '90c3b1b3-8d9d-48c3-ba2b-de018ecf95d1', true, '2025-12-01 17:57:56.81995+00', '2025-12-04 17:20:10.06721+00', 'kkznhujikygd', '928bab81-e070-46ca-9aec-890b5581a4ad'),
	('00000000-0000-0000-0000-000000000000', 150, 'y74cmpxhz5hf', 'f8b78fb5-3dc5-41fc-b9df-84815aa0c130', true, '2026-01-22 13:14:39.465084+00', '2026-01-22 15:51:28.922038+00', 'xpxaj7tixuuq', 'a0dfb6b5-62d4-4801-a50a-7a02077a72d9'),
	('00000000-0000-0000-0000-000000000000', 109, 'rdiz4bjalmdv', 'f8b78fb5-3dc5-41fc-b9df-84815aa0c130', true, '2025-11-26 15:02:41.767254+00', '2025-12-04 17:26:15.793368+00', NULL, 'e4ca4c18-4e12-4c78-870a-71816e1cfcce'),
	('00000000-0000-0000-0000-000000000000', 151, 'hzkuc7xpil7w', 'f8b78fb5-3dc5-41fc-b9df-84815aa0c130', true, '2026-01-22 15:51:28.940122+00', '2026-01-22 19:10:57.151593+00', 'y74cmpxhz5hf', 'a0dfb6b5-62d4-4801-a50a-7a02077a72d9'),
	('00000000-0000-0000-0000-000000000000', 113, 'hmybzts4h4sh', '90c3b1b3-8d9d-48c3-ba2b-de018ecf95d1', true, '2025-12-04 17:20:10.091671+00', '2025-12-05 11:47:22.446443+00', 'axuy4gkamweq', '928bab81-e070-46ca-9aec-890b5581a4ad'),
	('00000000-0000-0000-0000-000000000000', 117, 'cpzuoon32owf', '90c3b1b3-8d9d-48c3-ba2b-de018ecf95d1', false, '2025-12-05 11:47:22.46772+00', '2025-12-05 11:47:22.46772+00', 'hmybzts4h4sh', '928bab81-e070-46ca-9aec-890b5581a4ad'),
	('00000000-0000-0000-0000-000000000000', 114, 'o44u3vy5ahqw', 'f8b78fb5-3dc5-41fc-b9df-84815aa0c130', true, '2025-12-04 17:26:15.797005+00', '2025-12-07 18:55:24.99375+00', 'rdiz4bjalmdv', 'e4ca4c18-4e12-4c78-870a-71816e1cfcce'),
	('00000000-0000-0000-0000-000000000000', 149, 'sxfjserwkarw', '90c3b1b3-8d9d-48c3-ba2b-de018ecf95d1', true, '2026-01-17 21:37:23.786204+00', '2026-01-24 09:12:03.063386+00', 'ioq4uhqhmf7f', 'd36befaa-a191-4ac4-8d69-8d9fcbb3df93'),
	('00000000-0000-0000-0000-000000000000', 118, 'dv5fbbcicyi5', 'f8b78fb5-3dc5-41fc-b9df-84815aa0c130', true, '2025-12-07 18:55:25.014891+00', '2025-12-18 20:50:17.426372+00', 'o44u3vy5ahqw', 'e4ca4c18-4e12-4c78-870a-71816e1cfcce'),
	('00000000-0000-0000-0000-000000000000', 119, 'fevpxtaimcid', 'f8b78fb5-3dc5-41fc-b9df-84815aa0c130', false, '2025-12-18 20:50:17.448634+00', '2025-12-18 20:50:17.448634+00', 'dv5fbbcicyi5', 'e4ca4c18-4e12-4c78-870a-71816e1cfcce'),
	('00000000-0000-0000-0000-000000000000', 116, 'kvhdlm6jgyq7', '90c3b1b3-8d9d-48c3-ba2b-de018ecf95d1', true, '2025-12-04 17:36:03.963707+00', '2025-12-19 00:04:36.310238+00', 'a2ypznj6qyk2', 'd36befaa-a191-4ac4-8d69-8d9fcbb3df93'),
	('00000000-0000-0000-0000-000000000000', 153, 'p3yykriqeqh7', '90c3b1b3-8d9d-48c3-ba2b-de018ecf95d1', true, '2026-01-24 09:12:03.099089+00', '2026-01-27 14:35:34.836113+00', 'sxfjserwkarw', 'd36befaa-a191-4ac4-8d69-8d9fcbb3df93'),
	('00000000-0000-0000-0000-000000000000', 121, 'jn6fjyvvj2iz', 'f8b78fb5-3dc5-41fc-b9df-84815aa0c130', true, '2025-12-22 13:08:28.872619+00', '2025-12-25 12:41:26.847897+00', NULL, 'a0dfb6b5-62d4-4801-a50a-7a02077a72d9'),
	('00000000-0000-0000-0000-000000000000', 122, 'rjpdiecsom47', 'f8b78fb5-3dc5-41fc-b9df-84815aa0c130', true, '2025-12-25 12:41:26.887982+00', '2025-12-25 16:20:32.062335+00', 'jn6fjyvvj2iz', 'a0dfb6b5-62d4-4801-a50a-7a02077a72d9'),
	('00000000-0000-0000-0000-000000000000', 154, 'jirjmv4p27c6', '90c3b1b3-8d9d-48c3-ba2b-de018ecf95d1', true, '2026-01-27 14:35:34.862031+00', '2026-02-03 18:20:19.034046+00', 'p3yykriqeqh7', 'd36befaa-a191-4ac4-8d69-8d9fcbb3df93'),
	('00000000-0000-0000-0000-000000000000', 123, 'oecp75nqgtcx', 'f8b78fb5-3dc5-41fc-b9df-84815aa0c130', true, '2025-12-25 16:20:32.098914+00', '2025-12-25 18:38:08.654335+00', 'rjpdiecsom47', 'a0dfb6b5-62d4-4801-a50a-7a02077a72d9'),
	('00000000-0000-0000-0000-000000000000', 124, 'tpx3ktmovrym', 'f8b78fb5-3dc5-41fc-b9df-84815aa0c130', true, '2025-12-25 18:38:08.683542+00', '2025-12-26 09:41:01.500165+00', 'oecp75nqgtcx', 'a0dfb6b5-62d4-4801-a50a-7a02077a72d9'),
	('00000000-0000-0000-0000-000000000000', 152, 'wy7iceq4mka6', 'f8b78fb5-3dc5-41fc-b9df-84815aa0c130', true, '2026-01-22 19:10:57.175449+00', '2026-02-06 12:13:11.942149+00', 'hzkuc7xpil7w', 'a0dfb6b5-62d4-4801-a50a-7a02077a72d9'),
	('00000000-0000-0000-0000-000000000000', 125, 'vlfh3iyomrzf', 'f8b78fb5-3dc5-41fc-b9df-84815aa0c130', true, '2025-12-26 09:41:01.530164+00', '2025-12-26 16:52:30.809596+00', 'tpx3ktmovrym', 'a0dfb6b5-62d4-4801-a50a-7a02077a72d9'),
	('00000000-0000-0000-0000-000000000000', 120, 'y66bbjp7lurl', '90c3b1b3-8d9d-48c3-ba2b-de018ecf95d1', true, '2025-12-19 00:04:36.344615+00', '2025-12-26 17:19:35.364679+00', 'kvhdlm6jgyq7', 'd36befaa-a191-4ac4-8d69-8d9fcbb3df93'),
	('00000000-0000-0000-0000-000000000000', 155, 'va2mdrn5zkv3', '90c3b1b3-8d9d-48c3-ba2b-de018ecf95d1', true, '2026-02-03 18:20:19.059359+00', '2026-02-06 19:32:47.826281+00', 'jirjmv4p27c6', 'd36befaa-a191-4ac4-8d69-8d9fcbb3df93'),
	('00000000-0000-0000-0000-000000000000', 126, 'pbqryj3binr2', 'f8b78fb5-3dc5-41fc-b9df-84815aa0c130', true, '2025-12-26 16:52:30.822528+00', '2025-12-26 19:04:44.027679+00', 'vlfh3iyomrzf', 'a0dfb6b5-62d4-4801-a50a-7a02077a72d9'),
	('00000000-0000-0000-0000-000000000000', 127, 'f7elu6z3quur', '90c3b1b3-8d9d-48c3-ba2b-de018ecf95d1', true, '2025-12-26 17:19:35.379786+00', '2025-12-26 21:22:14.498886+00', 'y66bbjp7lurl', 'd36befaa-a191-4ac4-8d69-8d9fcbb3df93'),
	('00000000-0000-0000-0000-000000000000', 157, 'ma47y6q5qbcu', '90c3b1b3-8d9d-48c3-ba2b-de018ecf95d1', true, '2026-02-06 19:32:47.869157+00', '2026-02-12 17:14:46.775712+00', 'va2mdrn5zkv3', 'd36befaa-a191-4ac4-8d69-8d9fcbb3df93'),
	('00000000-0000-0000-0000-000000000000', 130, '5wvc2tc24he2', 'a4a30310-f241-4218-b857-62015ee98c61', false, '2025-12-27 17:15:49.27767+00', '2025-12-27 17:15:49.27767+00', NULL, '072f8242-6be5-4f1e-8487-27a187e591d3'),
	('00000000-0000-0000-0000-000000000000', 129, 'y4skal37tt7r', '90c3b1b3-8d9d-48c3-ba2b-de018ecf95d1', true, '2025-12-26 21:22:14.526771+00', '2025-12-28 08:56:22.827838+00', 'f7elu6z3quur', 'd36befaa-a191-4ac4-8d69-8d9fcbb3df93'),
	('00000000-0000-0000-0000-000000000000', 158, 'n2qvosjk5pag', '90c3b1b3-8d9d-48c3-ba2b-de018ecf95d1', false, '2026-02-12 17:14:46.791762+00', '2026-02-12 17:14:46.791762+00', 'ma47y6q5qbcu', 'd36befaa-a191-4ac4-8d69-8d9fcbb3df93'),
	('00000000-0000-0000-0000-000000000000', 115, 'xj5qkmmcbrej', '90c3b1b3-8d9d-48c3-ba2b-de018ecf95d1', true, '2025-12-04 17:32:26.123798+00', '2025-12-28 09:06:07.836661+00', NULL, '2fcbe6b0-538b-4412-a326-4b421ef338e5'),
	('00000000-0000-0000-0000-000000000000', 156, 'resmrsavmupd', 'f8b78fb5-3dc5-41fc-b9df-84815aa0c130', true, '2026-02-06 12:13:11.967343+00', '2026-03-01 19:49:45.463383+00', 'wy7iceq4mka6', 'a0dfb6b5-62d4-4801-a50a-7a02077a72d9'),
	('00000000-0000-0000-0000-000000000000', 132, 'sza2h756dreh', '90c3b1b3-8d9d-48c3-ba2b-de018ecf95d1', true, '2025-12-28 09:06:07.85663+00', '2025-12-28 10:26:28.9533+00', 'xj5qkmmcbrej', '2fcbe6b0-538b-4412-a326-4b421ef338e5'),
	('00000000-0000-0000-0000-000000000000', 141, 'kqrnwtqx3rjb', 'f8b78fb5-3dc5-41fc-b9df-84815aa0c130', true, '2026-01-06 19:25:23.85532+00', '2026-03-02 22:22:45.405256+00', NULL, '0cbfc4cc-8391-484b-89db-29e56cd900f9'),
	('00000000-0000-0000-0000-000000000000', 128, 'dtunmhajvx5p', 'f8b78fb5-3dc5-41fc-b9df-84815aa0c130', true, '2025-12-26 19:04:44.039446+00', '2025-12-28 11:04:32.867361+00', 'pbqryj3binr2', 'a0dfb6b5-62d4-4801-a50a-7a02077a72d9'),
	('00000000-0000-0000-0000-000000000000', 131, '3rukphaihwuk', '90c3b1b3-8d9d-48c3-ba2b-de018ecf95d1', true, '2025-12-28 08:56:22.860824+00', '2025-12-28 12:30:43.640551+00', 'y4skal37tt7r', 'd36befaa-a191-4ac4-8d69-8d9fcbb3df93'),
	('00000000-0000-0000-0000-000000000000', 134, 'ede3xkgpk73t', 'f8b78fb5-3dc5-41fc-b9df-84815aa0c130', true, '2025-12-28 11:04:32.895399+00', '2025-12-28 14:53:56.290207+00', 'dtunmhajvx5p', 'a0dfb6b5-62d4-4801-a50a-7a02077a72d9'),
	('00000000-0000-0000-0000-000000000000', 136, 'cvv3uuwql34c', 'f8b78fb5-3dc5-41fc-b9df-84815aa0c130', true, '2025-12-28 14:53:56.302028+00', '2025-12-28 16:38:19.296245+00', 'ede3xkgpk73t', 'a0dfb6b5-62d4-4801-a50a-7a02077a72d9'),
	('00000000-0000-0000-0000-000000000000', 137, 'qi54jrzow7rr', 'f8b78fb5-3dc5-41fc-b9df-84815aa0c130', true, '2025-12-28 16:38:19.321756+00', '2025-12-29 18:18:56.041889+00', 'cvv3uuwql34c', 'a0dfb6b5-62d4-4801-a50a-7a02077a72d9'),
	('00000000-0000-0000-0000-000000000000', 135, 'ivwhmulk3s5p', '90c3b1b3-8d9d-48c3-ba2b-de018ecf95d1', true, '2025-12-28 12:30:43.66924+00', '2026-01-04 23:10:13.394576+00', '3rukphaihwuk', 'd36befaa-a191-4ac4-8d69-8d9fcbb3df93'),
	('00000000-0000-0000-0000-000000000000', 140, 'ymbz4kb5vwsw', 'f8b78fb5-3dc5-41fc-b9df-84815aa0c130', false, '2026-01-06 08:03:58.701781+00', '2026-01-06 08:03:58.701781+00', NULL, 'a52feef2-adf7-4848-8c99-3569ad0aa86f'),
	('00000000-0000-0000-0000-000000000000', 133, 'gflp7xzf7vtf', '90c3b1b3-8d9d-48c3-ba2b-de018ecf95d1', true, '2025-12-28 10:26:28.98102+00', '2026-01-07 20:18:45.398789+00', 'sza2h756dreh', '2fcbe6b0-538b-4412-a326-4b421ef338e5'),
	('00000000-0000-0000-0000-000000000000', 139, 't2c67ya5xk43', '90c3b1b3-8d9d-48c3-ba2b-de018ecf95d1', true, '2026-01-04 23:10:13.406546+00', '2026-01-07 20:19:07.3333+00', 'ivwhmulk3s5p', 'd36befaa-a191-4ac4-8d69-8d9fcbb3df93'),
	('00000000-0000-0000-0000-000000000000', 138, 'vrbenhumx442', 'f8b78fb5-3dc5-41fc-b9df-84815aa0c130', true, '2025-12-29 18:18:56.073573+00', '2026-01-08 07:12:46.422738+00', 'qi54jrzow7rr', 'a0dfb6b5-62d4-4801-a50a-7a02077a72d9'),
	('00000000-0000-0000-0000-000000000000', 143, 'tz5mysykp4de', '90c3b1b3-8d9d-48c3-ba2b-de018ecf95d1', true, '2026-01-07 20:19:07.333644+00', '2026-01-10 16:29:57.291421+00', 't2c67ya5xk43', 'd36befaa-a191-4ac4-8d69-8d9fcbb3df93'),
	('00000000-0000-0000-0000-000000000000', 144, '5fvzojbnqye5', 'f8b78fb5-3dc5-41fc-b9df-84815aa0c130', true, '2026-01-08 07:12:46.44067+00', '2026-01-11 08:27:41.921624+00', 'vrbenhumx442', 'a0dfb6b5-62d4-4801-a50a-7a02077a72d9'),
	('00000000-0000-0000-0000-000000000000', 142, '32ygzmbtyc6e', '90c3b1b3-8d9d-48c3-ba2b-de018ecf95d1', true, '2026-01-07 20:18:45.430764+00', '2026-01-12 20:35:10.499212+00', 'gflp7xzf7vtf', '2fcbe6b0-538b-4412-a326-4b421ef338e5'),
	('00000000-0000-0000-0000-000000000000', 147, '46fwdmj7tgaw', '90c3b1b3-8d9d-48c3-ba2b-de018ecf95d1', false, '2026-01-12 20:35:10.52421+00', '2026-01-12 20:35:10.52421+00', '32ygzmbtyc6e', '2fcbe6b0-538b-4412-a326-4b421ef338e5'),
	('00000000-0000-0000-0000-000000000000', 145, 'do7fg6llip2b', '90c3b1b3-8d9d-48c3-ba2b-de018ecf95d1', true, '2026-01-10 16:29:57.317935+00', '2026-01-12 20:35:28.646051+00', 'tz5mysykp4de', 'd36befaa-a191-4ac4-8d69-8d9fcbb3df93'),
	('00000000-0000-0000-0000-000000000000', 160, 'upvau44y7leh', 'f8b78fb5-3dc5-41fc-b9df-84815aa0c130', true, '2026-03-02 22:22:45.415788+00', '2026-03-02 23:38:31.573758+00', 'kqrnwtqx3rjb', '0cbfc4cc-8391-484b-89db-29e56cd900f9'),
	('00000000-0000-0000-0000-000000000000', 159, 'oitenjcixxb6', 'f8b78fb5-3dc5-41fc-b9df-84815aa0c130', true, '2026-03-01 19:49:45.4795+00', '2026-03-03 10:12:52.272008+00', 'resmrsavmupd', 'a0dfb6b5-62d4-4801-a50a-7a02077a72d9'),
	('00000000-0000-0000-0000-000000000000', 162, 'pcr6lco2hte6', 'f8b78fb5-3dc5-41fc-b9df-84815aa0c130', true, '2026-03-03 10:12:52.290212+00', '2026-03-03 17:22:00.13024+00', 'oitenjcixxb6', 'a0dfb6b5-62d4-4801-a50a-7a02077a72d9'),
	('00000000-0000-0000-0000-000000000000', 164, 'eolnlgx73qdi', '90c3b1b3-8d9d-48c3-ba2b-de018ecf95d1', true, '2026-03-03 17:22:52.471042+00', '2026-03-04 12:28:41.977565+00', NULL, 'aca3baae-6396-4b26-b0c8-a8fc27dab8d1'),
	('00000000-0000-0000-0000-000000000000', 165, 'zegfnyjaxrpq', '90c3b1b3-8d9d-48c3-ba2b-de018ecf95d1', false, '2026-03-04 12:28:41.990096+00', '2026-03-04 12:28:41.990096+00', 'eolnlgx73qdi', 'aca3baae-6396-4b26-b0c8-a8fc27dab8d1'),
	('00000000-0000-0000-0000-000000000000', 161, 'frsk6tloxcc4', 'f8b78fb5-3dc5-41fc-b9df-84815aa0c130', true, '2026-03-02 23:38:31.591256+00', '2026-03-07 18:36:37.83783+00', 'upvau44y7leh', '0cbfc4cc-8391-484b-89db-29e56cd900f9'),
	('00000000-0000-0000-0000-000000000000', 166, 'niqz4lwvb26f', 'f8b78fb5-3dc5-41fc-b9df-84815aa0c130', true, '2026-03-07 18:36:37.851383+00', '2026-03-08 17:07:05.863814+00', 'frsk6tloxcc4', '0cbfc4cc-8391-484b-89db-29e56cd900f9'),
	('00000000-0000-0000-0000-000000000000', 167, 'luownsboecrk', 'f8b78fb5-3dc5-41fc-b9df-84815aa0c130', false, '2026-03-08 17:07:05.879722+00', '2026-03-08 17:07:05.879722+00', 'niqz4lwvb26f', '0cbfc4cc-8391-484b-89db-29e56cd900f9'),
	('00000000-0000-0000-0000-000000000000', 163, 'zemrsemgrg3m', 'f8b78fb5-3dc5-41fc-b9df-84815aa0c130', true, '2026-03-03 17:22:00.15075+00', '2026-03-08 17:37:38.614769+00', 'pcr6lco2hte6', 'a0dfb6b5-62d4-4801-a50a-7a02077a72d9'),
	('00000000-0000-0000-0000-000000000000', 168, 'dt4ddjthrx3q', 'f8b78fb5-3dc5-41fc-b9df-84815aa0c130', false, '2026-03-08 17:37:38.629566+00', '2026-03-08 17:37:38.629566+00', 'zemrsemgrg3m', 'a0dfb6b5-62d4-4801-a50a-7a02077a72d9'),
	('00000000-0000-0000-0000-000000000000', 169, 'hrabw2qtbpzu', '90c3b1b3-8d9d-48c3-ba2b-de018ecf95d1', false, '2026-03-10 13:22:28.911005+00', '2026-03-10 13:22:28.911005+00', NULL, 'ade1b4f6-fd06-4c06-b11d-dae03905574e'),
	('00000000-0000-0000-0000-000000000000', 170, 'z7h3hpwlavvp', '90c3b1b3-8d9d-48c3-ba2b-de018ecf95d1', false, '2026-03-10 13:24:54.71074+00', '2026-03-10 13:24:54.71074+00', NULL, '679ccf1e-60b4-454f-9e15-ec0623222541');


--
-- Data for Name: sso_providers; Type: TABLE DATA; Schema: auth; Owner: supabase_auth_admin
--



--
-- Data for Name: saml_providers; Type: TABLE DATA; Schema: auth; Owner: supabase_auth_admin
--



--
-- Data for Name: saml_relay_states; Type: TABLE DATA; Schema: auth; Owner: supabase_auth_admin
--



--
-- Data for Name: sso_domains; Type: TABLE DATA; Schema: auth; Owner: supabase_auth_admin
--



--
-- Data for Name: users; Type: TABLE DATA; Schema: public; Owner: postgres
--

INSERT INTO "public"."users" ("id", "name", "lastname", "email", "phone", "avatar_url", "birth_date", "gender", "occupation", "about_me", "languages_spoken", "is_verified", "preferences", "auth_provider", "provider_id", "created_at", "updated_at", "email_confirmed_at", "phone_confirmed_at", "last_sign_in_at", "encrypted_password", "confirmation_token", "confirmation_sent_at", "recovery_token", "recovery_sent_at", "email_change_token_current", "email_change", "email_change_sent_at", "is_sso_user", "deleted_at", "occupation_title") VALUES
	('f8b78fb5-3dc5-41fc-b9df-84815aa0c130', 'Pol', 'Gubau', 'gubaupol@gmail.com', NULL, 'https://lh3.googleusercontent.com/a/ACg8ocLS0Na8NuuV-0TP3juNhRoQzIx8RuIIn-bwJqYdzjcnLk6HtpWcbg=s96-c', '2002-03-18', 'male', 'employed', 'just developing', NULL, '{"email": true, "phone": false, "idCheck": false}', NULL, 'google', '107819430557670836156', '2025-08-30 11:06:48.868967+00', '2025-08-30 13:49:06.177294+00', '2025-08-30 11:06:48.868967+00', NULL, NULL, NULL, NULL, NULL, NULL, NULL, NULL, NULL, NULL, true, NULL, NULL),
	('52dd4a12-ec1c-418c-b1f8-4fa12003df11', '', '', 'mariaroges6@gmail.com', NULL, NULL, NULL, NULL, NULL, NULL, NULL, '{"email": false, "phone": false, "idCheck": false}', NULL, 'email', NULL, '2025-09-01 09:31:23.586584+00', '2025-09-01 09:31:23.586584+00', NULL, NULL, NULL, NULL, NULL, NULL, NULL, NULL, NULL, NULL, NULL, true, NULL, NULL),
	('90c3b1b3-8d9d-48c3-ba2b-de018ecf95d1', 'Lorenzo', 'Federici', 'lorenzofederici98@gmail.com', NULL, 'https://lh3.googleusercontent.com/a/ACg8ocLMs3YE_Sm1MfrgRdD-R3q3oDYL2dOT_phb_6qLLU9nWiD0-u9i=s96-c', '1998-04-01', 'male', 'employed', 'I’m looking for an apartment in barcleona ', NULL, '{"email": true, "phone": false, "idCheck": false}', NULL, 'google', '108570553548005733637', '2025-09-04 02:49:53.964853+00', '2025-10-09 02:58:23.192938+00', '2025-09-04 02:49:53.964853+00', NULL, NULL, NULL, NULL, NULL, NULL, NULL, NULL, NULL, NULL, true, NULL, NULL),
	('ba148caa-056f-44f4-9061-5cdd75232206', 'bakup', 'pol', 'polbakup@gmail.com', NULL, 'https://lh3.googleusercontent.com/a/ACg8ocJDzr3Z9wprxur0aAzehWtLMgIvVJrqeivfFvIe1_PXG9khvQ=s96-c', NULL, NULL, NULL, NULL, NULL, '{"email": true, "phone": false, "idCheck": false}', NULL, 'google', '114729118868863315395', '2025-10-14 15:30:54.617838+00', '2025-10-14 15:30:54.617838+00', '2025-10-14 15:30:54.617838+00', NULL, NULL, NULL, NULL, NULL, NULL, NULL, NULL, NULL, NULL, true, NULL, NULL),
	('64e1a945-5f0a-4200-b067-202540ea75a5', 'James', 'Archidona', 'jamesarchibal@gmail.com', NULL, 'https://lh3.googleusercontent.com/a/ACg8ocIgaJEuFKCq5HiSwGqRVd77T6SlNrPEeuOzRXjvFcR1e3ooFOpN=s96-c', NULL, NULL, NULL, NULL, NULL, '{"email": true, "phone": false, "idCheck": false}', NULL, 'google', '106070369482407675401', '2025-10-20 09:54:53.730561+00', '2025-10-20 09:54:53.730561+00', '2025-10-20 09:54:53.730561+00', NULL, NULL, NULL, NULL, NULL, NULL, NULL, NULL, NULL, NULL, true, NULL, NULL),
	('a4a30310-f241-4218-b857-62015ee98c61', 'Gerard', 'Martinez', 'gerardmartinezalcocer@gmail.com', NULL, 'https://lh3.googleusercontent.com/a/ACg8ocJGc5_t8ivH6mPr0ime5JMudr9KXyeeht6M81lAJtXCcTWS5w=s96-c', NULL, NULL, NULL, NULL, NULL, '{"email": true, "phone": false, "idCheck": false}', NULL, 'google', '103491447992716533392', '2025-12-27 17:15:48.830658+00', '2025-12-27 17:15:48.830658+00', '2025-12-27 17:15:48.830658+00', NULL, NULL, NULL, NULL, NULL, NULL, NULL, NULL, NULL, NULL, true, NULL, NULL);


--
-- Data for Name: rooms; Type: TABLE DATA; Schema: public; Owner: postgres
--

INSERT INTO "public"."rooms" ("id", "owner_id", "title", "description", "status", "location", "price", "commodities", "rules", "timings", "who_is_living", "contact", "created_at", "updated_at", "preferences", "images", "rent_type") VALUES
	('f52cfcf3-8184-4bfd-a125-3fd2fbf34e6b', '52dd4a12-ec1c-418c-b1f8-4fa12003df11', 'Habitación luminosa en piso compartido en Gràcia', 'Habitación con cama doble, escritorio y balcón en un piso con estudiantes internacionales.', 'available', '{"lat": 41.4, "lng": 2.15, "city": "Barcelona", "address": "Carrer de Verdi 45", "country": "España", "postalCode": "08012"}', '{"amount": 480, "currency": "EUR", "isIncluded": false, "localePrice": "480 €", "isNegotiable": true, "additionalCosts": {"deposit": 500, "otherFees": 20, "utilities": 50}, "paymentFrequency": "monthly"}', '{"room": {"area": 12, "bedType": "double", "hasWindow": true, "hasBalcony": true, "isFurnished": true, "hasWorkingDesk": true, "hasPrivateBathroom": false}, "whole": {"area": 90, "extras": {"hasPool": false, "hasGarden": false, "hasParking": false, "hasTerrace": true}, "bedrooms": {"shared": 1, "individual": 2}, "bathrooms": 1, "appliances": {"hasTV": true, "hasOven": true, "hasWifi": true, "hasDryer": false, "hasHeating": true, "hasLaundry": true, "hasElevator": false, "hasMicrowave": true, "hasDishwasher": false, "hasCoffeeMaker": true, "hasRefrigerator": true, "hasAirConditioning": false, "isWheelchairAccessible": false}, "areUtilitiesIncluded": false}}', '{"quietHours": {"to": "08:00", "from": "22:00"}, "petsAllowed": false, "coupleAllowed": false, "guestsAllowed": true, "partiesAllowed": false, "smokingAllowed": false, "childrenAllowed": false}', '{"maximumStay": {"unit": "month", "value": 12}, "minimumStay": {"unit": "month", "value": 3}, "availableFrom": "2025-09-01"}', '{"currentTenants": {"male": 1, "other": 0, "female": 2}, "ownerLivesHere": false}', '{"owner": {"name": "Jordi Puig", "email": "jordi.puig@barcelona.com", "phone": "+34666666666"}}', '2024-07-10 00:00:00+00', '2025-09-28 14:46:41.289833+00', '{"age": {"max": 35, "min": 20}, "gender": {"male": true, "other": true, "female": true}, "currentOccupation": {"other": false, "student": true, "employed": true, "unemployed": false}}', '{"cover": "https://images.unsplash.com/photo-1586023492125-27b2c045efd7?q=80&w=958&auto=format&fit=crop&ixlib=rb-4.1.0", "gallery": ["https://images.unsplash.com/photo-1586023492125-27b2c045efd7?q=80&w=958&auto=format&fit=crop&ixlib=rb-4.1.0", "https://images.unsplash.com/photo-1615800002234-05c4d488696c?w=500&auto=format&fit=crop&q=60", "https://images.unsplash.com/photo-1560185007-cde436f6a4d0?w=500&auto=format&fit=crop&q=60"]}', 'private-room'),
	('2b0d6d5e-5c2a-4f4f-9014-4d0c2d9b8c02', '52dd4a12-ec1c-418c-b1f8-4fa12003df11', 'Habitación individual con baño privado en Eixample', 'Cómoda habitación con cama individual, escritorio y baño privado en piso moderno y tranquilo.', 'available', '{"lat": 41.3902, "lng": 2.1649, "city": "Barcelona", "address": "Carrer de Mallorca 120", "country": "España", "postalCode": "08036"}', '{"amount": 600, "currency": "EUR", "isIncluded": true, "localePrice": "600 €", "isNegotiable": false, "additionalCosts": {"deposit": 600, "otherFees": 0, "utilities": 0}, "paymentFrequency": "monthly"}', '{"room": {"area": 10, "bedType": "single", "hasWindow": true, "hasBalcony": false, "isFurnished": true, "hasWorkingDesk": true, "hasPrivateBathroom": true}, "whole": {"area": 100, "extras": {"hasPool": false, "hasGarden": false, "hasParking": true, "hasTerrace": false}, "bedrooms": {"shared": 0, "individual": 3}, "bathrooms": 2, "appliances": {"hasTV": true, "hasOven": true, "hasWifi": true, "hasDryer": true, "hasHeating": true, "hasLaundry": true, "hasElevator": true, "hasMicrowave": true, "hasDishwasher": true, "hasCoffeeMaker": true, "hasRefrigerator": true, "hasAirConditioning": true, "isWheelchairAccessible": true}, "areUtilitiesIncluded": true}}', '{"quietHours": {"to": "08:00", "from": "22:00"}, "petsAllowed": false, "coupleAllowed": false, "guestsAllowed": false, "partiesAllowed": false, "smokingAllowed": false, "childrenAllowed": false}', '{"maximumStay": {"unit": "month", "value": 12}, "minimumStay": {"unit": "month", "value": 6}, "availableFrom": "2025-10-01"}', '{"currentTenants": {"male": 2, "other": 0, "female": 0}, "ownerLivesHere": false}', '{"owner": {"name": "Lucía Gómez", "email": "lucia@eixampleliving.es", "phone": "+34678901234"}}', '2024-07-12 00:00:00+00', '2025-09-28 14:46:41.289833+00', '{"age": {"max": 30, "min": 22}, "gender": {"male": true, "other": false, "female": true}, "currentOccupation": {"other": false, "student": true, "employed": true, "unemployed": false}}', '{"cover": "https://images.unsplash.com/photo-1560185007-cde436f6a4d0?w=500&auto=format&fit=crop&q=60", "gallery": ["https://images.unsplash.com/photo-1560185007-cde436f6a4d0?w=500&auto=format&fit=crop&q=60"]}', 'private-room'),
	('3f1c8a91-2e7d-4d5b-b9b4-9a8ff24cdb03', '52dd4a12-ec1c-418c-b1f8-4fa12003df11', 'Habitación amplia con terraza en Sants', 'Espaciosa habitación doble con salida a terraza privada, ideal para parejas o trabajadores.', 'booked', '{"lat": 41.3758, "lng": 2.1343, "city": "Barcelona", "address": "Carrer de Sants 202", "country": "España", "postalCode": "08028"}', '{"amount": 700, "currency": "EUR", "isIncluded": false, "localePrice": "700 €", "isNegotiable": false, "additionalCosts": {"deposit": 700, "otherFees": 0, "utilities": 60}, "paymentFrequency": "monthly"}', '{"room": {"area": 18, "bedType": "double", "hasWindow": true, "hasBalcony": false, "isFurnished": true, "hasWorkingDesk": true, "hasPrivateBathroom": false}, "whole": {"area": 70, "extras": {"hasPool": false, "hasGarden": false, "hasParking": false, "hasTerrace": true}, "bedrooms": {"shared": 0, "individual": 3}, "bathrooms": 1, "appliances": {"hasTV": true, "hasOven": true, "hasWifi": true, "hasDryer": false, "hasHeating": false, "hasLaundry": true, "hasElevator": true, "hasMicrowave": true, "hasDishwasher": false, "hasCoffeeMaker": false, "hasRefrigerator": true, "hasAirConditioning": true, "isWheelchairAccessible": false}, "areUtilitiesIncluded": false}}', '{"quietHours": {"to": "07:00", "from": "23:00"}, "petsAllowed": true, "coupleAllowed": true, "guestsAllowed": true, "partiesAllowed": false, "smokingAllowed": true, "childrenAllowed": false}', '{"maximumStay": {"unit": "month", "value": 6}, "minimumStay": {"unit": "month", "value": 2}, "availableFrom": "2025-09-15"}', '{"currentTenants": {"male": 0, "other": 0, "female": 1}, "ownerLivesHere": true}', '{"owner": {"name": "Marc Riera", "email": "marc@pisosants.com", "phone": "+34932123456"}}', '2024-07-15 00:00:00+00', '2025-09-28 14:46:41.289833+00', '{"age": {"max": 40, "min": 25}, "gender": {"male": true, "other": true, "female": true}, "currentOccupation": {"other": false, "student": false, "employed": true, "unemployed": false}}', '{"cover": "https://images.unsplash.com/photo-1522708323590-d24dbb6b0267?w=500&auto=format&fit=crop&q=60", "gallery": ["https://images.unsplash.com/photo-1522708323590-d24dbb6b0267?w=500&auto=format&fit=crop&q=60", "https://images.unsplash.com/photo-1615800002234-05c4d488696c?w=500&auto=format&fit=crop&q=60", "https://images.unsplash.com/photo-1560185007-cde436f6a4d0?w=500&auto=format&fit=crop&q=60"]}', 'private-room'),
	('4a9e7c52-1d3f-4c6a-8d26-5f2b7e1a9d04', '52dd4a12-ec1c-418c-b1f8-4fa12003df11', 'Habitación económica en piso familiar en El Clot', 'Ideal para estudiantes con presupuesto ajustado, en zona bien comunicada y tranquila.', 'available', '{"lat": 41.411, "lng": 2.1895, "city": "Barcelona", "address": "Carrer de Rogent 78", "country": "España", "postalCode": "08026"}', '{"amount": 350, "currency": "EUR", "isIncluded": false, "localePrice": "350 €", "isNegotiable": true, "additionalCosts": {"deposit": 300, "otherFees": 0, "utilities": 40}, "paymentFrequency": "monthly"}', '{"room": {"area": 8, "bedType": "single", "hasWindow": true, "hasBalcony": false, "isFurnished": true, "hasWorkingDesk": true, "hasPrivateBathroom": false}, "whole": {"area": 70, "extras": {"hasPool": false, "hasGarden": false, "hasParking": false, "hasTerrace": false}, "bedrooms": {"shared": 0, "individual": 2}, "bathrooms": 1, "appliances": {"hasTV": false, "hasOven": true, "hasWifi": true, "hasDryer": false, "hasHeating": true, "hasLaundry": true, "hasElevator": false, "hasMicrowave": true, "hasDishwasher": false, "hasCoffeeMaker": false, "hasRefrigerator": true, "hasAirConditioning": false, "isWheelchairAccessible": false}, "areUtilitiesIncluded": false}}', '{"quietHours": {"to": "07:30", "from": "22:30"}, "petsAllowed": false, "coupleAllowed": false, "guestsAllowed": false, "partiesAllowed": false, "smokingAllowed": false, "childrenAllowed": false}', '{"maximumStay": {"unit": "month", "value": 6}, "minimumStay": {"unit": "month", "value": 1}, "availableFrom": "2025-08-20"}', '{"currentTenants": {"male": 0, "other": 0, "female": 1}, "ownerLivesHere": true}', '{"owner": {"name": "Teresa López", "email": "teresa@hogarfamiliar.com", "phone": "+34666666667"}}', '2024-06-30 00:00:00+00', '2025-09-28 14:46:41.289833+00', '{"age": {"max": 28, "min": 18}, "gender": {"male": false, "other": false, "female": true}, "currentOccupation": {"other": false, "student": true, "employed": false, "unemployed": false}}', '{"cover": "https://images.unsplash.com/photo-1522708323590-d24dbb6b0267?w=500&auto=format&fit=crop&q=60", "gallery": ["https://images.unsplash.com/photo-1522708323590-d24dbb6b0267?w=500&auto=format&fit=crop&q=60", "https://images.unsplash.com/photo-1615800002234-05c4d488696c?w=500&auto=format&fit=crop&q=60", "https://images.unsplash.com/photo-1560185007-cde436f6a4d0?w=500&auto=format&fit=crop&q=60"]}', 'private-room'),
	('95a8689f-ac7c-44c1-84b7-a40655d4ba4a', 'f8b78fb5-3dc5-41fc-b9df-84815aa0c130', 'Habitación de prueba creada desde el móvil ', 'Está habitación la he creado desde el telefono', 'available', '{"lat": 41.3528079, "lng": 2.0663771, "city": "Baix Llobregat", "address": "Plaça de la Figuera, Centre, Cornellà de Llobregat, Baix Llobregat, Barcelona, Catalunya, 08940, España", "country": "España", "postalCode": "08940"}', '{"amount": 250, "currency": "EUR", "isIncluded": false, "isNegotiable": false, "additionalCosts": {"deposit": 0, "otherFees": 0, "utilities": 0}, "paymentFrequency": "monthly"}', '{"room": {"area": 20, "bedType": "single", "hasWindow": true, "hasBalcony": true, "isFurnished": false, "hasWorkingDesk": false, "hasPrivateBathroom": false}, "whole": {"area": 89, "extras": {"hasPool": true, "hasGarden": false, "hasParking": true, "hasTerrace": false}, "bedrooms": {"shared": 1, "individual": 2}, "bathrooms": 2, "appliances": {"hasTV": false, "hasOven": false, "hasWifi": true, "hasDryer": true, "hasHeating": true, "hasLaundry": false, "hasElevator": false, "hasMicrowave": false, "hasDishwasher": false, "hasCoffeeMaker": false, "hasRefrigerator": true, "hasAirConditioning": true, "isWheelchairAccessible": false}, "areUtilitiesIncluded": false}}', '{"petsAllowed": true, "coupleAllowed": true, "guestsAllowed": true, "partiesAllowed": false, "smokingAllowed": true, "childrenAllowed": true}', '{"maximumStay": {"unit": "year", "value": 12}, "minimumStay": {"unit": "month", "value": 1}, "availableFrom": "2025-09-29T13:51:30.784Z"}', '{"currentTenants": {"male": 1, "other": 0, "female": 1}, "ownerLivesHere": false}', '{"owner": {"name": "", "email": "", "phone": ""}}', '2025-09-29 13:53:23.673831+00', '2025-09-29 13:53:23.345+00', '{"age": {"max": 100, "min": 18}, "gender": {"male": true, "female": true, "non_binary": true, "prefer_not_to_say": true}, "currentOccupation": {"student": true, "employed": true, "unemployed": true}}', '{"cover": "https://eazucuralkbhkzrztanc.supabase.co/storage/v1/object/public/room-images/f8b78fb5-3dc5-41fc-b9df-84815aa0c130/1759154000727-1000140081.webp", "gallery": ["https://eazucuralkbhkzrztanc.supabase.co/storage/v1/object/public/room-images/f8b78fb5-3dc5-41fc-b9df-84815aa0c130/1759153999753-1000140187.jpg", "https://eazucuralkbhkzrztanc.supabase.co/storage/v1/object/public/room-images/f8b78fb5-3dc5-41fc-b9df-84815aa0c130/1759154000727-1000140081.webp", "https://eazucuralkbhkzrztanc.supabase.co/storage/v1/object/public/room-images/f8b78fb5-3dc5-41fc-b9df-84815aa0c130/1759154001153-1000140012.jpg", "https://eazucuralkbhkzrztanc.supabase.co/storage/v1/object/public/room-images/f8b78fb5-3dc5-41fc-b9df-84815aa0c130/1759154001893-1000139925.jpg", "https://eazucuralkbhkzrztanc.supabase.co/storage/v1/object/public/room-images/f8b78fb5-3dc5-41fc-b9df-84815aa0c130/1759154002568-1000136680.jpg"]}', 'private-room'),
	('8bf059c7-4a5a-4569-98b3-9de2bac7ff57', 'f8b78fb5-3dc5-41fc-b9df-84815aa0c130', 'Habitación privada en un piso con 3 estudiantes', 'La habitación tiene ventana y comparte un balcón, tiene una mesa de escritorio y estanterías. ', 'available', '{"lat": 41.5451342, "lng": 2.4547442, "city": "Mataró", "address": "Riera de Sant Simó, Mataró, Maresme, Barcelona, Catalunya, 08304, España", "country": "España", "postalCode": "08304"}', '{"amount": 350, "currency": "EUR", "isIncluded": false, "isNegotiable": false, "additionalCosts": {"deposit": 0, "otherFees": 0, "utilities": 0}, "paymentFrequency": "monthly"}', '{"room": {"area": 20, "bedType": "single", "hasWindow": false, "hasBalcony": true, "isFurnished": false, "hasWorkingDesk": false, "hasPrivateBathroom": false}, "whole": {"area": 120, "extras": {"hasPool": false, "hasGarden": false, "hasParking": false, "hasTerrace": false}, "bedrooms": {"shared": 1, "individual": 3}, "bathrooms": 2, "appliances": {"hasTV": false, "hasOven": false, "hasWifi": false, "hasDryer": false, "hasHeating": false, "hasLaundry": false, "hasElevator": true, "hasMicrowave": false, "hasDishwasher": true, "hasCoffeeMaker": false, "hasRefrigerator": false, "hasAirConditioning": true, "isWheelchairAccessible": false}, "areUtilitiesIncluded": false}}', '{"petsAllowed": false, "coupleAllowed": true, "guestsAllowed": true, "partiesAllowed": false, "smokingAllowed": false, "childrenAllowed": false}', '{"maximumStay": {"unit": "month", "value": 10}, "minimumStay": {"unit": "month", "value": 1}, "availableFrom": "2025-10-03T13:42:57.002Z"}', '{"currentTenants": {"male": 2, "other": 0, "female": 1}, "ownerLivesHere": false}', '{"owner": {"name": "", "email": "", "phone": ""}}', '2025-10-03 13:46:56.502762+00', '2025-10-03 13:46:56+00', '{"age": {"max": 75, "min": 18}, "gender": {"male": true, "female": false, "non_binary": true, "prefer_not_to_say": true}, "currentOccupation": {"student": true, "employed": true, "unemployed": false}}', '{"cover": "https://eazucuralkbhkzrztanc.supabase.co/storage/v1/object/public/room-images/f8b78fb5-3dc5-41fc-b9df-84815aa0c130/1759499215059-Captura%20de%20pantalla%202025-09-28%20153428.png", "gallery": ["https://eazucuralkbhkzrztanc.supabase.co/storage/v1/object/public/room-images/f8b78fb5-3dc5-41fc-b9df-84815aa0c130/1759499214426-Captura%20de%20pantalla%202025-09-28%20153416.png", "https://eazucuralkbhkzrztanc.supabase.co/storage/v1/object/public/room-images/f8b78fb5-3dc5-41fc-b9df-84815aa0c130/1759499215059-Captura%20de%20pantalla%202025-09-28%20153428.png", "https://eazucuralkbhkzrztanc.supabase.co/storage/v1/object/public/room-images/f8b78fb5-3dc5-41fc-b9df-84815aa0c130/1759499215565-Captura%20de%20pantalla%202025-09-28%20153435.png"]}', 'private-room'),
	('1f7a9fd0-107e-4c7a-bf08-8fce19785f87', 'f8b78fb5-3dc5-41fc-b9df-84815aa0c130', 'Nice Hause in Freiburg', 'Casa muy bonita de najmeh', 'available', '{"lat": 48.0175073, "lng": 7.7997814, "city": "Freiburg im Breisgau", "address": "Am Dreisamgarten, Lehen, Freiburg im Breisgau, Baden-Württemberg, 79111, Deutschland", "country": "Deutschland", "postalCode": "79111"}', '{"amount": 1200, "currency": "EUR", "isIncluded": false, "isNegotiable": false, "additionalCosts": {"deposit": 0, "otherFees": 0, "utilities": 0}, "paymentFrequency": "monthly"}', '{"room": {"area": 11, "bedType": "single", "hasWindow": true, "hasBalcony": false, "isFurnished": true, "hasWorkingDesk": false, "hasPrivateBathroom": false}, "whole": {"area": 120, "extras": {"hasPool": false, "hasGarden": false, "hasParking": true, "hasTerrace": false}, "bedrooms": {"shared": 2, "individual": 4}, "bathrooms": 2, "appliances": {"hasTV": false, "hasOven": false, "hasWifi": false, "hasDryer": true, "hasHeating": false, "hasLaundry": false, "hasElevator": false, "hasMicrowave": false, "hasDishwasher": false, "hasCoffeeMaker": false, "hasRefrigerator": true, "hasAirConditioning": true, "isWheelchairAccessible": false}, "areUtilitiesIncluded": false}}', '{"petsAllowed": true, "coupleAllowed": true, "guestsAllowed": true, "partiesAllowed": true, "smokingAllowed": true, "childrenAllowed": true}', '{"maximumStay": {"unit": "month", "value": 2}, "minimumStay": {"unit": "month", "value": 1}, "availableFrom": "2025-10-06T18:42:44.480Z"}', '{"currentTenants": {"male": 0, "other": 0, "female": 1}, "ownerLivesHere": false}', '{"owner": {"name": "", "email": "", "phone": ""}}', '2025-10-06 18:44:24.061329+00', '2025-10-06 18:44:23.425+00', '{"age": {"max": 100, "min": 18}, "gender": {"male": true, "female": true, "non_binary": true, "prefer_not_to_say": true}, "currentOccupation": {"student": true, "employed": true, "unemployed": true}}', '{"cover": "https://eazucuralkbhkzrztanc.supabase.co/storage/v1/object/public/room-images/f8b78fb5-3dc5-41fc-b9df-84815aa0c130/1759776257964-1000141066.jpg", "gallery": ["https://eazucuralkbhkzrztanc.supabase.co/storage/v1/object/public/room-images/f8b78fb5-3dc5-41fc-b9df-84815aa0c130/1759776253209-1000141272.jpg", "https://eazucuralkbhkzrztanc.supabase.co/storage/v1/object/public/room-images/f8b78fb5-3dc5-41fc-b9df-84815aa0c130/1759776257964-1000141066.jpg", "https://eazucuralkbhkzrztanc.supabase.co/storage/v1/object/public/room-images/f8b78fb5-3dc5-41fc-b9df-84815aa0c130/1759776260838-1000141068.jpg"]}', 'private-room'),
	('bf053415-d2b3-459c-80b5-a15f45f5473b', '90c3b1b3-8d9d-48c3-ba2b-de018ecf95d1', 'Spacious room in the best neighbourhood in barcelona', 'ROOM 🛏️: Q1




Barcelona Gràcia Quartier 
One of Barcelona’s safest and most central neighborhoods, cosmopolitan yet rooted in true Catalan culture, with vibrant plazas, local cafés, and authentic charm.




🏠 Rent a room in Barcelona  😍




🏷️ PRICE?  770€ BILLS included




🏷️ DEPOSIT? 1 month 




📆AVAILABILITY? From NOW




⏳MINIMUM STAY?  4months 




⁉️FOR COUPLE? No




👫👫👭HOW MANY PEOPLE LIVE IN THE FLAT?  5 in total. 2 Bathrooms




🏠🛏️🚞 It is a very QUIET flat mixed located in the Barcelona. VERDAGUER METRO, Safety area, big terrace




ℹ️For more information, leave a comment below and we will send the contact of the owner', 'available', '{"lat": 41.4019432, "lng": 2.1620225, "city": "Barcelona", "address": "52, Carrer de Tordera, la Vila de Gràcia, Gràcia, Barcelona, Barcelonès, Barcelona, Catalunya, 08037, España", "country": "España", "postalCode": "08037"}', '{"amount": 770, "currency": "EUR", "isIncluded": false, "isNegotiable": false, "additionalCosts": {"deposit": 0, "otherFees": 0, "utilities": 0}, "paymentFrequency": "monthly"}', '{"room": {"area": 200, "bedType": "double", "hasWindow": true, "hasBalcony": true, "isFurnished": true, "hasWorkingDesk": true, "hasPrivateBathroom": false}, "whole": {"area": 200, "extras": {"hasPool": false, "hasGarden": false, "hasParking": false, "hasTerrace": true}, "bedrooms": {"shared": 0, "individual": 4}, "bathrooms": 2, "appliances": {"hasTV": false, "hasOven": true, "hasWifi": true, "hasDryer": true, "hasHeating": false, "hasLaundry": false, "hasElevator": false, "hasMicrowave": true, "hasDishwasher": true, "hasCoffeeMaker": false, "hasRefrigerator": true, "hasAirConditioning": false, "isWheelchairAccessible": false}, "areUtilitiesIncluded": true}}', '{"petsAllowed": true, "coupleAllowed": true, "guestsAllowed": true, "partiesAllowed": true, "smokingAllowed": true, "childrenAllowed": true}', '{"maximumStay": {"unit": "month", "value": 11}, "minimumStay": {"unit": "month", "value": 1}, "availableFrom": "2025-10-09T02:58:30.432Z"}', '{"currentTenants": {"male": 1, "other": 0, "female": 3}, "ownerLivesHere": false}', '{"owner": {"name": "", "email": "", "phone": ""}}', '2025-10-09 03:04:23.203299+00', '2025-10-09 03:04:22.843+00', '{"age": {"max": 100, "min": 18}, "gender": {"male": true, "female": true, "non_binary": true, "prefer_not_to_say": true}, "currentOccupation": {"student": true, "employed": true, "unemployed": true}}', '{"cover": "https://eazucuralkbhkzrztanc.supabase.co/storage/v1/object/public/room-images/90c3b1b3-8d9d-48c3-ba2b-de018ecf95d1/1759979058549-bca9d53a-c7c9-4c32-af65-7cc7faadfb23.jpeg", "gallery": ["https://eazucuralkbhkzrztanc.supabase.co/storage/v1/object/public/room-images/90c3b1b3-8d9d-48c3-ba2b-de018ecf95d1/1759979058549-bca9d53a-c7c9-4c32-af65-7cc7faadfb23.jpeg", "https://eazucuralkbhkzrztanc.supabase.co/storage/v1/object/public/room-images/90c3b1b3-8d9d-48c3-ba2b-de018ecf95d1/1759979059461-9f1621eb-0132-4cd7-b9d8-da9133e327b6.jpeg", "https://eazucuralkbhkzrztanc.supabase.co/storage/v1/object/public/room-images/90c3b1b3-8d9d-48c3-ba2b-de018ecf95d1/1759979059869-8eee02ee-1a68-48a1-8b8f-bef55912bd93.jpeg", "https://eazucuralkbhkzrztanc.supabase.co/storage/v1/object/public/room-images/90c3b1b3-8d9d-48c3-ba2b-de018ecf95d1/1759979060792-a2da9e9d-624a-452c-aa18-19a20fabe264.jpeg", "https://eazucuralkbhkzrztanc.supabase.co/storage/v1/object/public/room-images/90c3b1b3-8d9d-48c3-ba2b-de018ecf95d1/1759979061204-7ab834ba-3f19-45ad-9c3e-cec8d2608849.jpeg", "https://eazucuralkbhkzrztanc.supabase.co/storage/v1/object/public/room-images/90c3b1b3-8d9d-48c3-ba2b-de018ecf95d1/1759979061609-396cf737-6912-48ef-ba64-ea4dcb909feb.jpeg", "https://eazucuralkbhkzrztanc.supabase.co/storage/v1/object/public/room-images/90c3b1b3-8d9d-48c3-ba2b-de018ecf95d1/1759979062019-362249ad-ebd4-4e18-8301-e7300886fc47.jpeg", "https://eazucuralkbhkzrztanc.supabase.co/storage/v1/object/public/room-images/90c3b1b3-8d9d-48c3-ba2b-de018ecf95d1/1759979062301-a661b542-c6fb-4497-bb9b-8c3e8de5de5f.jpeg", "https://eazucuralkbhkzrztanc.supabase.co/storage/v1/object/public/room-images/90c3b1b3-8d9d-48c3-ba2b-de018ecf95d1/1759979062587-30d3e583-ca87-4519-939f-29c5b06f2423.jpeg"]}', 'private-room'),
	('51b5f931-453d-4cc0-8ded-f0738e9aa63b', 'f8b78fb5-3dc5-41fc-b9df-84815aa0c130', 'test room', 'Hello everyone! 🤗

The flat is really bright with a nice balcony and the location is close to the center with good public transport connection.🌴
The room is exterior ☀ and it has double bed 🛌

• The flat is next to 4 Bicing stops 🚲
• 1 min walk from L4 Barceloneta metro station 🚇
• 1 min walk to Port Vell Marina ⛴
• 2 mins walk to La Barceloneta and Sant Miguel Beach (W Hotel) 🏖🌴🐚
• Lidl, Caprabo, Spar, Dia supermarkets and Mercat de la Barceloneta are nearby 🛍🛒
• 5 mins walk to train main stop Estación de Franca 🚉
• Fiber Internet 🛜
• Deposit 350€ 
• 5 mins walk to 4 Gym Centres. 💪
', 'available', '{"lat": 43.4787111, "lng": -5.7558608, "city": "Gijón / Xixón", "address": "Riera, L''Abadía Cenero, Gijón / Xixón, Asturias / Asturies, 33392, España", "country": "España", "postalCode": "33392"}', '{"amount": 21, "currency": "EUR", "isIncluded": false, "isNegotiable": false, "additionalCosts": {"deposit": 0, "otherFees": 0, "utilities": 0}, "paymentFrequency": "monthly"}', '{"room": {"bedType": "single", "hasWindow": false, "hasBalcony": false, "isFurnished": true, "hasWorkingDesk": false, "hasPrivateBathroom": false}, "whole": {"extras": {"hasPool": true, "hasGarden": false, "hasParking": false, "hasTerrace": false}, "bedrooms": {"shared": 0, "individual": 1}, "bathrooms": 0, "appliances": {"hasTV": false, "hasOven": false, "hasWifi": false, "hasDryer": false, "hasHeating": false, "hasLaundry": true, "hasElevator": false, "hasMicrowave": true, "hasDishwasher": false, "hasCoffeeMaker": false, "hasRefrigerator": false, "hasAirConditioning": false, "isWheelchairAccessible": false}, "areUtilitiesIncluded": false}}', '{"petsAllowed": true, "coupleAllowed": true, "guestsAllowed": true, "partiesAllowed": true, "smokingAllowed": true, "childrenAllowed": true}', '{"maximumStay": {"unit": "year", "value": 2}, "minimumStay": {"unit": "month", "value": 1}, "availableFrom": "2025-10-14T15:35:11.357Z"}', '{"currentTenants": {"male": 1, "other": 0, "female": 0}, "ownerLivesHere": false}', '{"owner": {"name": "", "email": "", "phone": ""}}', '2025-10-14 15:59:03.703103+00', '2025-10-14 15:59:02.932+00', '{"age": {"max": 100, "min": 18}, "gender": {"male": true, "female": true, "non_binary": true, "prefer_not_to_say": true}, "currentOccupation": {"student": true, "employed": true, "unemployed": true}}', '{"cover": "https://eazucuralkbhkzrztanc.supabase.co/storage/v1/object/public/room-images/f8b78fb5-3dc5-41fc-b9df-84815aa0c130/1760457542711-Captura%20de%20pantalla%202025-10-14%20174905.png", "gallery": ["https://eazucuralkbhkzrztanc.supabase.co/storage/v1/object/public/room-images/f8b78fb5-3dc5-41fc-b9df-84815aa0c130/1760457542404-Captura%20de%20pantalla%202025-10-14%20173559.png", "https://eazucuralkbhkzrztanc.supabase.co/storage/v1/object/public/room-images/f8b78fb5-3dc5-41fc-b9df-84815aa0c130/1760457542711-Captura%20de%20pantalla%202025-10-14%20174905.png"]}', 'private-room'),
	('88535a6d-5192-488f-be7d-74cb58993cf8', 'f8b78fb5-3dc5-41fc-b9df-84815aa0c130', 'the big house ', 'comparte piso con 18 hombre, uno no binario y dos mujeres', 'available', '{"lat": 39.4213926, "lng": -0.3961069, "city": "", "address": "Benetússer, Camí Nou 97, Avinguda del Camí Nou, la Florida, Benetússer, l''Horta Sud, València / Valencia, Comunitat Valenciana, 46910, España", "country": "España", "postalCode": "46910"}', '{"amount": 6580, "currency": "EUR", "isIncluded": false, "isNegotiable": false, "additionalCosts": {"deposit": 0, "otherFees": 0, "utilities": 0}, "paymentFrequency": "monthly"}', '{"room": {"bedType": "double", "hasWindow": false, "hasBalcony": false, "isFurnished": false, "hasWorkingDesk": false, "hasPrivateBathroom": true}, "whole": {"extras": {"hasPool": false, "hasGarden": false, "hasParking": false, "hasTerrace": true}, "bedrooms": {"shared": 1, "individual": 2}, "bathrooms": 1, "appliances": {"hasTV": false, "hasOven": true, "hasWifi": true, "hasDryer": false, "hasHeating": false, "hasLaundry": true, "hasElevator": false, "hasMicrowave": false, "hasDishwasher": false, "hasCoffeeMaker": false, "hasRefrigerator": true, "hasAirConditioning": false, "isWheelchairAccessible": false}, "areUtilitiesIncluded": false}}', '{"petsAllowed": true, "coupleAllowed": false, "guestsAllowed": false, "partiesAllowed": true, "smokingAllowed": true, "childrenAllowed": false}', '{"maximumStay": {"unit": "year", "value": 6}, "minimumStay": {"unit": "year", "value": 10}, "availableFrom": "2026-01-22T15:52:25.780Z"}', '{"currentTenants": {"male": 19, "other": 1, "female": 2}, "ownerLivesHere": true}', '{"owner": {"name": "", "email": "", "phone": ""}}', '2026-01-22 16:00:47.949155+00', '2026-01-22 16:00:47.931+00', '{"age": {"max": 100, "min": 5}, "gender": {"male": true, "female": true, "non_binary": false, "prefer_not_to_say": true}, "currentOccupation": {"student": false, "employed": false, "unemployed": true}}', '{"cover": "https://eazucuralkbhkzrztanc.supabase.co/storage/v1/object/public/room-images/f8b78fb5-3dc5-41fc-b9df-84815aa0c130/1769097645741-a0431a93-5a98-4914-9b82-933fd79dd8bf-1_all_46484.jpg", "gallery": ["https://eazucuralkbhkzrztanc.supabase.co/storage/v1/object/public/room-images/f8b78fb5-3dc5-41fc-b9df-84815aa0c130/1769097640118-1000203844.jpg", "https://eazucuralkbhkzrztanc.supabase.co/storage/v1/object/public/room-images/f8b78fb5-3dc5-41fc-b9df-84815aa0c130/1769097642131-1000203814.jpg", "https://eazucuralkbhkzrztanc.supabase.co/storage/v1/object/public/room-images/f8b78fb5-3dc5-41fc-b9df-84815aa0c130/1769097644115-1000203794.jpg", "https://eazucuralkbhkzrztanc.supabase.co/storage/v1/object/public/room-images/f8b78fb5-3dc5-41fc-b9df-84815aa0c130/1769097645741-a0431a93-5a98-4914-9b82-933fd79dd8bf-1_all_46484.jpg"]}', 'private-room'),
	('5f7b768b-ff22-4803-97fe-e573b6a11342', '90c3b1b3-8d9d-48c3-ba2b-de018ecf95d1', 'Habitacon', 'Anababanaanananannaan', 'available', '{"lat": 41.4143867, "lng": 2.1832382, "city": "Barcelona", "address": "Carrer de Coll i Vehí, el Camp de l''Arpa del Clot, Sant Martí, Barcelona, Barcelonès, Barcelona, Catalunya, 08026, España", "country": "España", "postalCode": "08026"}', '{"amount": 350, "currency": "EUR", "isIncluded": false, "isNegotiable": false, "additionalCosts": {"deposit": 0, "otherFees": 0, "utilities": 0}, "paymentFrequency": "monthly"}', '{"room": {"bedType": "double", "hasWindow": false, "hasBalcony": true, "isFurnished": false, "hasWorkingDesk": false, "hasPrivateBathroom": false}, "whole": {"extras": {"hasPool": false, "hasGarden": false, "hasParking": false, "hasTerrace": true}, "bedrooms": {"shared": 0, "individual": 1}, "bathrooms": 1, "appliances": {"hasTV": false, "hasOven": true, "hasWifi": false, "hasDryer": false, "hasHeating": false, "hasLaundry": false, "hasElevator": false, "hasMicrowave": false, "hasDishwasher": true, "hasCoffeeMaker": true, "hasRefrigerator": false, "hasAirConditioning": true, "isWheelchairAccessible": false}, "areUtilitiesIncluded": true}}', '{"petsAllowed": true, "coupleAllowed": false, "guestsAllowed": false, "partiesAllowed": true, "smokingAllowed": true, "childrenAllowed": false}', '{"maximumStay": {"unit": "month", "value": 6}, "minimumStay": {"unit": "month", "value": 1}, "availableFrom": "2026-02-06T19:32:48.206Z"}', '{"currentTenants": {"male": 1, "other": 0, "female": 0}, "ownerLivesHere": false}', '{"owner": {"name": "", "email": "", "phone": ""}}', '2026-02-06 19:35:48.878883+00', '2026-02-06 19:35:49.671+00', '{"age": {"max": 100, "min": 18}, "gender": {"male": true, "female": true, "non_binary": true, "prefer_not_to_say": true}, "currentOccupation": {"student": true, "employed": true, "unemployed": true}}', '{"cover": "https://eazucuralkbhkzrztanc.supabase.co/storage/v1/object/public/room-images/90c3b1b3-8d9d-48c3-ba2b-de018ecf95d1/1770406546163-1000140502.jpg", "gallery": ["https://eazucuralkbhkzrztanc.supabase.co/storage/v1/object/public/room-images/90c3b1b3-8d9d-48c3-ba2b-de018ecf95d1/1770406546163-1000140502.jpg", "https://eazucuralkbhkzrztanc.supabase.co/storage/v1/object/public/room-images/90c3b1b3-8d9d-48c3-ba2b-de018ecf95d1/1770406547342-1000140501.jpg", "https://eazucuralkbhkzrztanc.supabase.co/storage/v1/object/public/room-images/90c3b1b3-8d9d-48c3-ba2b-de018ecf95d1/1770406547997-1000140504.jpg", "https://eazucuralkbhkzrztanc.supabase.co/storage/v1/object/public/room-images/90c3b1b3-8d9d-48c3-ba2b-de018ecf95d1/1770406548581-1000140505.jpg", "https://eazucuralkbhkzrztanc.supabase.co/storage/v1/object/public/room-images/90c3b1b3-8d9d-48c3-ba2b-de018ecf95d1/1770406549139-1000140281.jpg"]}', 'private-room'),
	('ca25b411-7927-4a91-ba59-f5b20bbbfe18', '90c3b1b3-8d9d-48c3-ba2b-de018ecf95d1', 'Big room in Gracia neighbourhood ', 'ROOM 🛏️: E4
Barcelona Gràcia Quartier 
One of Barcelona’s safest and most central neighborhoods, cosmopolitan yet rooted in true Catalan culture, with vibrant plazas, local cafés, and authentic charm.

🏠 Rent a room in Barcelona  😍
🏷️ PRICE?  720€ (bills included Max: 60€)
🏷️ DEPOSIT? 1 month 
📆AVAILABILITY?  February 15th
⏳MINIMUM STAY?  4 months 
⁉️FOR COUPLE? No', 'available', '{"lat": 41.3833947, "lng": 2.1769119, "city": "Barcelona", "address": "el Gòtic, Ciutat Vella, Barcelona, Barcelonès, Barcelona, Catalunya, 08002, España", "country": "España", "postalCode": "08002"}', '{"amount": 720, "currency": "EUR", "isIncluded": false, "isNegotiable": false, "additionalCosts": {"deposit": 0, "otherFees": 0, "utilities": 0}, "paymentFrequency": "monthly"}', '{"room": {"bedType": "double", "hasWindow": false, "hasBalcony": true, "isFurnished": false, "hasWorkingDesk": false, "hasPrivateBathroom": false}, "whole": {"extras": {"hasPool": false, "hasGarden": false, "hasParking": false, "hasTerrace": false}, "bedrooms": {"shared": 0, "individual": 4}, "bathrooms": 1, "appliances": {"hasTV": false, "hasOven": false, "hasWifi": true, "hasDryer": false, "hasHeating": false, "hasLaundry": false, "hasElevator": true, "hasMicrowave": true, "hasDishwasher": true, "hasCoffeeMaker": true, "hasRefrigerator": false, "hasAirConditioning": true, "isWheelchairAccessible": false}, "areUtilitiesIncluded": false}}', '{"petsAllowed": true, "coupleAllowed": true, "guestsAllowed": true, "partiesAllowed": true, "smokingAllowed": true, "childrenAllowed": true}', '{"maximumStay": {"unit": "month", "value": 11}, "minimumStay": {"unit": "month", "value": 1}, "availableFrom": "2026-03-10T13:24:47.498Z"}', '{"currentTenants": {"male": 1, "other": 0, "female": 2}, "ownerLivesHere": false}', '{"owner": {"name": "", "email": "", "phone": ""}}', '2026-03-10 13:29:32.610036+00', '2026-03-10 13:29:32.443+00', '{"age": {"max": 100, "min": 18}, "gender": {"male": true, "female": true, "non_binary": true, "prefer_not_to_say": true}, "currentOccupation": {"student": true, "employed": true, "unemployed": true}}', '{"cover": "https://eazucuralkbhkzrztanc.supabase.co/storage/v1/object/public/room-images/90c3b1b3-8d9d-48c3-ba2b-de018ecf95d1/1773149369472-bbd0f45c-8431-4460-8723-e9b3e742588b.jpeg", "gallery": ["https://eazucuralkbhkzrztanc.supabase.co/storage/v1/object/public/room-images/90c3b1b3-8d9d-48c3-ba2b-de018ecf95d1/1773149369472-bbd0f45c-8431-4460-8723-e9b3e742588b.jpeg", "https://eazucuralkbhkzrztanc.supabase.co/storage/v1/object/public/room-images/90c3b1b3-8d9d-48c3-ba2b-de018ecf95d1/1773149369984-c8ad8309-7294-4e78-8b04-953fe8356b35.jpeg", "https://eazucuralkbhkzrztanc.supabase.co/storage/v1/object/public/room-images/90c3b1b3-8d9d-48c3-ba2b-de018ecf95d1/1773149370271-8b1844b9-2eba-4168-a8f1-a2572dd49172.jpeg", "https://eazucuralkbhkzrztanc.supabase.co/storage/v1/object/public/room-images/90c3b1b3-8d9d-48c3-ba2b-de018ecf95d1/1773149370599-102d5240-01b5-4739-8de6-0528845935b1.jpeg", "https://eazucuralkbhkzrztanc.supabase.co/storage/v1/object/public/room-images/90c3b1b3-8d9d-48c3-ba2b-de018ecf95d1/1773149371007-496a84f5-d80f-4cd0-a07b-e532bab72f3f.jpeg", "https://eazucuralkbhkzrztanc.supabase.co/storage/v1/object/public/room-images/90c3b1b3-8d9d-48c3-ba2b-de018ecf95d1/1773149371419-74e06243-2aa4-4d92-804a-df1962d3a246.jpeg", "https://eazucuralkbhkzrztanc.supabase.co/storage/v1/object/public/room-images/90c3b1b3-8d9d-48c3-ba2b-de018ecf95d1/1773149371828-dd187f70-cba8-4f1c-8bc5-42093634b60f.jpeg", "https://eazucuralkbhkzrztanc.supabase.co/storage/v1/object/public/room-images/90c3b1b3-8d9d-48c3-ba2b-de018ecf95d1/1773149372070-ccbc4d55-7296-4894-b226-12830f94183c.jpeg"]}', 'private-room');


--
-- Data for Name: conversations; Type: TABLE DATA; Schema: public; Owner: postgres
--

INSERT INTO "public"."conversations" ("id", "participant_1_id", "participant_2_id", "room_id", "last_message_at", "created_at", "updated_at") VALUES
	('59359c83-25e4-4704-bc06-7b4063e17865', 'a4a30310-f241-4218-b857-62015ee98c61', '90c3b1b3-8d9d-48c3-ba2b-de018ecf95d1', 'bf053415-d2b3-459c-80b5-a15f45f5473b', '2025-12-28 09:00:16.062+00', '2025-12-27 17:16:51.334421+00', '2025-12-28 09:00:16.291506+00'),
	('b262cb40-3478-4ada-a89d-9fa6cde09dd8', 'a4a30310-f241-4218-b857-62015ee98c61', 'f8b78fb5-3dc5-41fc-b9df-84815aa0c130', '51b5f931-453d-4cc0-8ded-f0738e9aa63b', '2025-12-29 18:19:30.749+00', '2025-12-27 17:17:14.382689+00', '2025-12-29 18:19:31.061393+00'),
	('36b7c198-3c60-4e10-bd69-9fb0cf87aac9', 'f8b78fb5-3dc5-41fc-b9df-84815aa0c130', '90c3b1b3-8d9d-48c3-ba2b-de018ecf95d1', 'bf053415-d2b3-459c-80b5-a15f45f5473b', '2026-01-24 09:13:27.169+00', '2025-12-18 20:50:23.25157+00', '2026-01-24 09:13:26.918369+00');


--
-- Data for Name: messages; Type: TABLE DATA; Schema: public; Owner: postgres
--

INSERT INTO "public"."messages" ("id", "conversation_id", "sender_id", "content", "sent_at", "is_read", "created_at", "receiver_id") VALUES
	('cc30b883-ca31-4490-9187-88e5c8c70bc9', '36b7c198-3c60-4e10-bd69-9fb0cf87aac9', 'f8b78fb5-3dc5-41fc-b9df-84815aa0c130', 'holaa', '2025-12-18 20:50:28.091+00', true, '2025-12-18 20:50:27.670731+00', NULL),
	('2da7e9c7-9ca8-4e89-87d5-bdd0f8a4d859', '59359c83-25e4-4704-bc06-7b4063e17865', '90c3b1b3-8d9d-48c3-ba2b-de018ecf95d1', 'Hola', '2025-12-28 09:00:15.911+00', false, '2025-12-28 09:00:16.078127+00', NULL),
	('9daa0bc7-4185-4b10-aee2-62e6d70a30c8', '36b7c198-3c60-4e10-bd69-9fb0cf87aac9', '90c3b1b3-8d9d-48c3-ba2b-de018ecf95d1', 'Holaaaa', '2025-12-28 09:00:00.225+00', true, '2025-12-28 09:00:00.448958+00', NULL),
	('463744c1-1150-4db1-8e1f-42afd755bf53', '36b7c198-3c60-4e10-bd69-9fb0cf87aac9', '90c3b1b3-8d9d-48c3-ba2b-de018ecf95d1', 'No se ve muy bien aqui', '2025-12-28 09:00:32.7+00', true, '2025-12-28 09:00:32.851027+00', NULL),
	('228c07a6-1723-4aef-aa5a-710354070228', '36b7c198-3c60-4e10-bd69-9fb0cf87aac9', '90c3b1b3-8d9d-48c3-ba2b-de018ecf95d1', 'Sabes porque?', '2025-12-28 09:00:39.191+00', true, '2025-12-28 09:00:39.341716+00', NULL),
	('1b0a0c14-7daa-407b-b01c-1bdb70f5ec31', 'b262cb40-3478-4ada-a89d-9fa6cde09dd8', 'f8b78fb5-3dc5-41fc-b9df-84815aa0c130', 'hola', '2025-12-28 11:05:36.084+00', false, '2025-12-28 11:05:36.449721+00', NULL),
	('109ff351-5ae0-44b4-84aa-628db641a23b', 'b262cb40-3478-4ada-a89d-9fa6cde09dd8', 'f8b78fb5-3dc5-41fc-b9df-84815aa0c130', 'te sigue interesando la habitación?', '2025-12-28 11:05:43.174+00', false, '2025-12-28 11:05:43.594916+00', NULL),
	('4ca45d75-854a-4081-96e6-3e65e9cbfbf6', '36b7c198-3c60-4e10-bd69-9fb0cf87aac9', 'f8b78fb5-3dc5-41fc-b9df-84815aa0c130', 'ahora mejor?', '2025-12-28 11:05:15.806+00', true, '2025-12-28 11:05:16.271852+00', NULL),
	('c3ccb1fd-47d7-4793-9254-f58963418854', '36b7c198-3c60-4e10-bd69-9fb0cf87aac9', '90c3b1b3-8d9d-48c3-ba2b-de018ecf95d1', 'Ahora si perfecto', '2025-12-28 12:31:00.195+00', true, '2025-12-28 12:31:00.619264+00', NULL),
	('98f35d17-917c-4965-a345-ea23d84c2c1a', 'b262cb40-3478-4ada-a89d-9fa6cde09dd8', 'f8b78fb5-3dc5-41fc-b9df-84815aa0c130', '😍😍😍😍😍😍😍😍😍😍😍😍😍🤧🤧❤️❤️🤧🤧🤧🤧🤧🤧🤧', '2025-12-29 18:19:30.61+00', false, '2025-12-29 18:19:30.920821+00', NULL),
	('91bd0451-06b4-4000-a9b2-ee34a2432c10', '36b7c198-3c60-4e10-bd69-9fb0cf87aac9', '90c3b1b3-8d9d-48c3-ba2b-de018ecf95d1', 'Hola buenss', '2026-01-24 09:13:11.569+00', true, '2026-01-24 09:13:11.34803+00', NULL),
	('57814157-19ef-4b69-bd56-ac3aba28425f', '36b7c198-3c60-4e10-bd69-9fb0cf87aac9', '90c3b1b3-8d9d-48c3-ba2b-de018ecf95d1', 'Si perfecto ahora parece que está funcionando casi todo', '2026-01-24 09:13:27.087+00', true, '2026-01-24 09:13:26.833594+00', NULL);


--
-- Data for Name: room_images; Type: TABLE DATA; Schema: public; Owner: postgres
--



--
-- Data for Name: room_user_interactions; Type: TABLE DATA; Schema: public; Owner: postgres
--

INSERT INTO "public"."room_user_interactions" ("user_id", "room_id", "last_action_at", "action") VALUES
	('90c3b1b3-8d9d-48c3-ba2b-de018ecf95d1', '95a8689f-ac7c-44c1-84b7-a40655d4ba4a', '2026-02-12 17:14:59.943+00', 'like'),
	('90c3b1b3-8d9d-48c3-ba2b-de018ecf95d1', '51b5f931-453d-4cc0-8ded-f0738e9aa63b', '2026-03-03 17:23:01.086+00', 'like'),
	('f8b78fb5-3dc5-41fc-b9df-84815aa0c130', '5f7b768b-ff22-4803-97fe-e573b6a11342', '2026-03-03 17:23:27.069+00', 'like'),
	('90c3b1b3-8d9d-48c3-ba2b-de018ecf95d1', 'f52cfcf3-8184-4bfd-a125-3fd2fbf34e6b', '2026-03-03 17:26:29.38+00', 'like'),
	('90c3b1b3-8d9d-48c3-ba2b-de018ecf95d1', '4a9e7c52-1d3f-4c6a-8d26-5f2b7e1a9d04', '2026-03-03 17:26:29.782+00', 'like'),
	('90c3b1b3-8d9d-48c3-ba2b-de018ecf95d1', '8bf059c7-4a5a-4569-98b3-9de2bac7ff57', '2026-03-04 12:29:15.627+00', 'like'),
	('f8b78fb5-3dc5-41fc-b9df-84815aa0c130', '2b0d6d5e-5c2a-4f4f-9014-4d0c2d9b8c02', '2026-01-06 08:04:15.422+00', 'like'),
	('90c3b1b3-8d9d-48c3-ba2b-de018ecf95d1', '3f1c8a91-2e7d-4d5b-b9b4-9a8ff24cdb03', '2025-09-29 02:38:05.616+00', 'like'),
	('f8b78fb5-3dc5-41fc-b9df-84815aa0c130', 'bf053415-d2b3-459c-80b5-a15f45f5473b', '2026-01-22 15:52:07.974+00', 'like'),
	('90c3b1b3-8d9d-48c3-ba2b-de018ecf95d1', '1f7a9fd0-107e-4c7a-bf08-8fce19785f87', '2026-02-06 19:32:59.708+00', 'like'),
	('90c3b1b3-8d9d-48c3-ba2b-de018ecf95d1', '2b0d6d5e-5c2a-4f4f-9014-4d0c2d9b8c02', '2026-02-06 19:33:04.686+00', 'like'),
	('f8b78fb5-3dc5-41fc-b9df-84815aa0c130', '51b5f931-453d-4cc0-8ded-f0738e9aa63b', '2025-12-26 19:05:44.198+00', 'like'),
	('f8b78fb5-3dc5-41fc-b9df-84815aa0c130', 'f52cfcf3-8184-4bfd-a125-3fd2fbf34e6b', '2025-12-26 19:06:00.341+00', 'like'),
	('a4a30310-f241-4218-b857-62015ee98c61', 'bf053415-d2b3-459c-80b5-a15f45f5473b', '2025-12-27 17:16:25.656+00', 'like');


--
-- Data for Name: room_verifications; Type: TABLE DATA; Schema: public; Owner: postgres
--



--
-- Data for Name: buckets; Type: TABLE DATA; Schema: storage; Owner: supabase_storage_admin
--

INSERT INTO "storage"."buckets" ("id", "name", "owner", "created_at", "updated_at", "public", "avif_autodetection", "file_size_limit", "allowed_mime_types", "owner_id", "type") VALUES
	('room-images', 'room-images', NULL, '2025-06-25 21:11:37.493227+00', '2025-06-25 21:11:37.493227+00', true, false, NULL, NULL, NULL, 'STANDARD');


--
-- Data for Name: buckets_analytics; Type: TABLE DATA; Schema: storage; Owner: supabase_storage_admin
--



--
-- Data for Name: buckets_vectors; Type: TABLE DATA; Schema: storage; Owner: supabase_storage_admin
--



--
-- Data for Name: objects; Type: TABLE DATA; Schema: storage; Owner: supabase_storage_admin
--

INSERT INTO "storage"."objects" ("id", "bucket_id", "name", "owner", "created_at", "updated_at", "last_accessed_at", "metadata", "version", "owner_id", "user_metadata") VALUES
	('c20c695f-afc7-4b4c-8c03-edaa0195fbeb', 'room-images', 'f8b78fb5-3dc5-41fc-b9df-84815aa0c130/1759153999753-1000140187.jpg', 'f8b78fb5-3dc5-41fc-b9df-84815aa0c130', '2025-09-29 13:53:20.769628+00', '2025-09-29 13:53:20.769628+00', '2025-09-29 13:53:20.769628+00', '{"eTag": "\"7ea390798ca6202b02728206e3bb07e1\"", "size": 2358893, "mimetype": "image/jpeg", "cacheControl": "max-age=3600", "lastModified": "2025-09-29T13:53:21.000Z", "contentLength": 2358893, "httpStatusCode": 200}', '7a73d934-dda0-4f7c-9324-f8ab961f945e', 'f8b78fb5-3dc5-41fc-b9df-84815aa0c130', '{}'),
	('fd0e37d0-db86-46a8-a50c-e161a85b39f0', 'room-images', 'f8b78fb5-3dc5-41fc-b9df-84815aa0c130/1759154000727-1000140081.webp', 'f8b78fb5-3dc5-41fc-b9df-84815aa0c130', '2025-09-29 13:53:21.29434+00', '2025-09-29 13:53:21.29434+00', '2025-09-29 13:53:21.29434+00', '{"eTag": "\"9c2526934ebdd9a0e077f12ce4a07557\"", "size": 468028, "mimetype": "image/webp", "cacheControl": "max-age=3600", "lastModified": "2025-09-29T13:53:22.000Z", "contentLength": 468028, "httpStatusCode": 200}', '969ee9c9-6f82-4c6d-943b-de1fa6ca5931', 'f8b78fb5-3dc5-41fc-b9df-84815aa0c130', '{}'),
	('5db95c67-ce53-409f-beea-d2cf483d6eae', 'room-images', 'f8b78fb5-3dc5-41fc-b9df-84815aa0c130/1759154001153-1000140012.jpg', 'f8b78fb5-3dc5-41fc-b9df-84815aa0c130', '2025-09-29 13:53:22.033837+00', '2025-09-29 13:53:22.033837+00', '2025-09-29 13:53:22.033837+00', '{"eTag": "\"3a196dfc45829d3b3014a3bc395e9489\"", "size": 2912358, "mimetype": "image/jpeg", "cacheControl": "max-age=3600", "lastModified": "2025-09-29T13:53:22.000Z", "contentLength": 2912358, "httpStatusCode": 200}', '4a6f9c6a-f209-40c3-ba25-425c50ba23ac', 'f8b78fb5-3dc5-41fc-b9df-84815aa0c130', '{}'),
	('a879c6a2-3151-451b-88ad-2465d91c82f9', 'room-images', 'f8b78fb5-3dc5-41fc-b9df-84815aa0c130/1759154001893-1000139925.jpg', 'f8b78fb5-3dc5-41fc-b9df-84815aa0c130', '2025-09-29 13:53:22.580044+00', '2025-09-29 13:53:22.580044+00', '2025-09-29 13:53:22.580044+00', '{"eTag": "\"0d966d8a4563b15751f17827fc51082e\"", "size": 1428535, "mimetype": "image/jpeg", "cacheControl": "max-age=3600", "lastModified": "2025-09-29T13:53:23.000Z", "contentLength": 1428535, "httpStatusCode": 200}', '7a5f2dbe-ae1b-4616-9278-e0e818386e15', 'f8b78fb5-3dc5-41fc-b9df-84815aa0c130', '{}'),
	('9fe4900b-0b1e-4556-8a23-27e35a9653cf', 'room-images', 'f8b78fb5-3dc5-41fc-b9df-84815aa0c130/1759154002568-1000136680.jpg', 'f8b78fb5-3dc5-41fc-b9df-84815aa0c130', '2025-09-29 13:53:23.397123+00', '2025-09-29 13:53:23.397123+00', '2025-09-29 13:53:23.397123+00', '{"eTag": "\"ab3531657f9583f6f822b5fbb4371bd6\"", "size": 2686503, "mimetype": "image/jpeg", "cacheControl": "max-age=3600", "lastModified": "2025-09-29T13:53:24.000Z", "contentLength": 2686503, "httpStatusCode": 200}', '2b74a29f-8ea3-4e5b-98c9-dc09a0dd6dc9', 'f8b78fb5-3dc5-41fc-b9df-84815aa0c130', '{}'),
	('7cb3982b-0bc9-4959-8740-f373636b319a', 'room-images', 'f8b78fb5-3dc5-41fc-b9df-84815aa0c130/1759499214426-Captura de pantalla 2025-09-28 153416.png', 'f8b78fb5-3dc5-41fc-b9df-84815aa0c130', '2025-10-03 13:46:55.369139+00', '2025-10-03 13:46:55.369139+00', '2025-10-03 13:46:55.369139+00', '{"eTag": "\"9355167038027a62633e6f3ce19d0711\"", "size": 1679342, "mimetype": "image/png", "cacheControl": "max-age=3600", "lastModified": "2025-10-03T13:46:56.000Z", "contentLength": 1679342, "httpStatusCode": 200}', '4f8397b1-19f8-45bd-b2b1-3332364bd4e7', 'f8b78fb5-3dc5-41fc-b9df-84815aa0c130', '{}'),
	('59c2fd40-fa05-4774-bf6f-29e938b01d7f', 'room-images', 'f8b78fb5-3dc5-41fc-b9df-84815aa0c130/1759499215059-Captura de pantalla 2025-09-28 153428.png', 'f8b78fb5-3dc5-41fc-b9df-84815aa0c130', '2025-10-03 13:46:55.812729+00', '2025-10-03 13:46:55.812729+00', '2025-10-03 13:46:55.812729+00', '{"eTag": "\"209dba13c062ecfe0702e40cd25f3fb6\"", "size": 1233505, "mimetype": "image/png", "cacheControl": "max-age=3600", "lastModified": "2025-10-03T13:46:56.000Z", "contentLength": 1233505, "httpStatusCode": 200}', 'dd16bd11-b1ab-4985-bd5d-fcf7b9217cb6', 'f8b78fb5-3dc5-41fc-b9df-84815aa0c130', '{}'),
	('d9e76785-8289-488b-861b-36723a764cff', 'room-images', 'f8b78fb5-3dc5-41fc-b9df-84815aa0c130/1759499215565-Captura de pantalla 2025-09-28 153435.png', 'f8b78fb5-3dc5-41fc-b9df-84815aa0c130', '2025-10-03 13:46:56.33664+00', '2025-10-03 13:46:56.33664+00', '2025-10-03 13:46:56.33664+00', '{"eTag": "\"29897c9c2e49997e3126a24badba6423\"", "size": 1301453, "mimetype": "image/png", "cacheControl": "max-age=3600", "lastModified": "2025-10-03T13:46:57.000Z", "contentLength": 1301453, "httpStatusCode": 200}', '1dda20d0-3595-4b9f-a440-ecfb25c87465', 'f8b78fb5-3dc5-41fc-b9df-84815aa0c130', '{}'),
	('0c8acf87-d9d9-4d7a-a103-0b73e906e95f', 'room-images', 'f8b78fb5-3dc5-41fc-b9df-84815aa0c130/1759776253209-1000141272.jpg', 'f8b78fb5-3dc5-41fc-b9df-84815aa0c130', '2025-10-06 18:44:18.127796+00', '2025-10-06 18:44:18.127796+00', '2025-10-06 18:44:18.127796+00', '{"eTag": "\"9327a224eac1a367adfa5e252e41bb11\"", "size": 3736298, "mimetype": "image/jpeg", "cacheControl": "max-age=3600", "lastModified": "2025-10-06T18:44:19.000Z", "contentLength": 3736298, "httpStatusCode": 200}', 'd2a79100-3a48-4da8-a114-d9c41d318ca0', 'f8b78fb5-3dc5-41fc-b9df-84815aa0c130', '{}'),
	('5c2e41b7-05af-419b-b7c4-b051d27280c7', 'room-images', 'f8b78fb5-3dc5-41fc-b9df-84815aa0c130/1759776257964-1000141066.jpg', 'f8b78fb5-3dc5-41fc-b9df-84815aa0c130', '2025-10-06 18:44:20.926934+00', '2025-10-06 18:44:20.926934+00', '2025-10-06 18:44:20.926934+00', '{"eTag": "\"97db55a03de26da79fb6341dd1a7b565\"", "size": 2539759, "mimetype": "image/jpeg", "cacheControl": "max-age=3600", "lastModified": "2025-10-06T18:44:21.000Z", "contentLength": 2539759, "httpStatusCode": 200}', '6aacbb26-4bb8-4261-a03d-28c9e513308a', 'f8b78fb5-3dc5-41fc-b9df-84815aa0c130', '{}'),
	('77dca2e3-b0f7-482e-8a1b-6ae480d002c8', 'room-images', 'f8b78fb5-3dc5-41fc-b9df-84815aa0c130/1759776260838-1000141068.jpg', 'f8b78fb5-3dc5-41fc-b9df-84815aa0c130', '2025-10-06 18:44:23.675547+00', '2025-10-06 18:44:23.675547+00', '2025-10-06 18:44:23.675547+00', '{"eTag": "\"364c8fc4ef5ffb7b0986b98a3e725dd3\"", "size": 2599883, "mimetype": "image/jpeg", "cacheControl": "max-age=3600", "lastModified": "2025-10-06T18:44:24.000Z", "contentLength": 2599883, "httpStatusCode": 200}', 'ca871c19-55a7-4b8b-a124-e1afa0dabf42', 'f8b78fb5-3dc5-41fc-b9df-84815aa0c130', '{}'),
	('e5dcd016-1f1e-477d-83e1-7f343401cf87', 'room-images', '90c3b1b3-8d9d-48c3-ba2b-de018ecf95d1/1759979058549-bca9d53a-c7c9-4c32-af65-7cc7faadfb23.jpeg', '90c3b1b3-8d9d-48c3-ba2b-de018ecf95d1', '2025-10-09 03:04:19.365435+00', '2025-10-09 03:04:19.365435+00', '2025-10-09 03:04:19.365435+00', '{"eTag": "\"d30ed907960febb80c06a9394e50ae3f\"", "size": 508177, "mimetype": "image/jpeg", "cacheControl": "max-age=3600", "lastModified": "2025-10-09T03:04:20.000Z", "contentLength": 508177, "httpStatusCode": 200}', 'd8f527e2-63c4-48f9-a7f5-4987d0c2ae98', '90c3b1b3-8d9d-48c3-ba2b-de018ecf95d1', '{}'),
	('e5448054-abad-4b67-8c79-1fbd3f5e19ac', 'room-images', '90c3b1b3-8d9d-48c3-ba2b-de018ecf95d1/1759979059461-9f1621eb-0132-4cd7-b9d8-da9133e327b6.jpeg', '90c3b1b3-8d9d-48c3-ba2b-de018ecf95d1', '2025-10-09 03:04:19.817255+00', '2025-10-09 03:04:19.817255+00', '2025-10-09 03:04:19.817255+00', '{"eTag": "\"45456ed72875b6b8c84a49cc5a3f4cd2\"", "size": 614570, "mimetype": "image/jpeg", "cacheControl": "max-age=3600", "lastModified": "2025-10-09T03:04:20.000Z", "contentLength": 614570, "httpStatusCode": 200}', '0a008d0e-8c78-4e2a-b5f1-68448fe172a7', '90c3b1b3-8d9d-48c3-ba2b-de018ecf95d1', '{}'),
	('623bdc0f-9d72-4226-8fa6-244264c3d59d', 'room-images', '90c3b1b3-8d9d-48c3-ba2b-de018ecf95d1/1759979059869-8eee02ee-1a68-48a1-8b8f-bef55912bd93.jpeg', '90c3b1b3-8d9d-48c3-ba2b-de018ecf95d1', '2025-10-09 03:04:20.453469+00', '2025-10-09 03:04:20.453469+00', '2025-10-09 03:04:20.453469+00', '{"eTag": "\"51edaf37702b49d452ae63bc67dc9d89\"", "size": 445231, "mimetype": "image/jpeg", "cacheControl": "max-age=3600", "lastModified": "2025-10-09T03:04:21.000Z", "contentLength": 445231, "httpStatusCode": 200}', '594eb897-023b-4088-a08f-65b23a0d779c', '90c3b1b3-8d9d-48c3-ba2b-de018ecf95d1', '{}'),
	('5c14cdbb-aeeb-4eac-a202-13be1a7975d7', 'room-images', '90c3b1b3-8d9d-48c3-ba2b-de018ecf95d1/1759979060792-a2da9e9d-624a-452c-aa18-19a20fabe264.jpeg', '90c3b1b3-8d9d-48c3-ba2b-de018ecf95d1', '2025-10-09 03:04:21.179267+00', '2025-10-09 03:04:21.179267+00', '2025-10-09 03:04:21.179267+00', '{"eTag": "\"3e210372d643b073a4da7e751b56858a\"", "size": 396920, "mimetype": "image/jpeg", "cacheControl": "max-age=3600", "lastModified": "2025-10-09T03:04:22.000Z", "contentLength": 396920, "httpStatusCode": 200}', '163afd38-3d39-4d7e-b36f-dfeeef491df0', '90c3b1b3-8d9d-48c3-ba2b-de018ecf95d1', '{}'),
	('14625f5a-a0ad-4150-8cfd-dc1f3ea78034', 'room-images', '90c3b1b3-8d9d-48c3-ba2b-de018ecf95d1/1759979061204-7ab834ba-3f19-45ad-9c3e-cec8d2608849.jpeg', '90c3b1b3-8d9d-48c3-ba2b-de018ecf95d1', '2025-10-09 03:04:21.552946+00', '2025-10-09 03:04:21.552946+00', '2025-10-09 03:04:21.552946+00', '{"eTag": "\"704f3fc3fd3915080e6200c22aa89ed9\"", "size": 616136, "mimetype": "image/jpeg", "cacheControl": "max-age=3600", "lastModified": "2025-10-09T03:04:22.000Z", "contentLength": 616136, "httpStatusCode": 200}', '11638610-288f-4169-97ac-ffaf290c88c3', '90c3b1b3-8d9d-48c3-ba2b-de018ecf95d1', '{}'),
	('ac709ebc-25f7-4d4a-a1fb-ddc98dfece50', 'room-images', '90c3b1b3-8d9d-48c3-ba2b-de018ecf95d1/1759979061609-396cf737-6912-48ef-ba64-ea4dcb909feb.jpeg', '90c3b1b3-8d9d-48c3-ba2b-de018ecf95d1', '2025-10-09 03:04:21.985787+00', '2025-10-09 03:04:21.985787+00', '2025-10-09 03:04:21.985787+00', '{"eTag": "\"bdf3bcad27766c116f71f02ac8fdd9c9\"", "size": 348712, "mimetype": "image/jpeg", "cacheControl": "max-age=3600", "lastModified": "2025-10-09T03:04:22.000Z", "contentLength": 348712, "httpStatusCode": 200}', '937ffc62-5b1d-434f-b42a-f9467b785e7c', '90c3b1b3-8d9d-48c3-ba2b-de018ecf95d1', '{}'),
	('43371151-3197-4ca5-8399-4f3f843aaf2e', 'room-images', '90c3b1b3-8d9d-48c3-ba2b-de018ecf95d1/1759979062019-362249ad-ebd4-4e18-8301-e7300886fc47.jpeg', '90c3b1b3-8d9d-48c3-ba2b-de018ecf95d1', '2025-10-09 03:04:22.311354+00', '2025-10-09 03:04:22.311354+00', '2025-10-09 03:04:22.311354+00', '{"eTag": "\"4774eb76ec7e1eee6102bf2eb8e27fa5\"", "size": 310135, "mimetype": "image/jpeg", "cacheControl": "max-age=3600", "lastModified": "2025-10-09T03:04:23.000Z", "contentLength": 310135, "httpStatusCode": 200}', '3c4f7a00-a07c-4774-a984-fb316b24dd00', '90c3b1b3-8d9d-48c3-ba2b-de018ecf95d1', '{}'),
	('2649c470-0aa7-420a-a355-7f8091e25167', 'room-images', '90c3b1b3-8d9d-48c3-ba2b-de018ecf95d1/1759979062301-a661b542-c6fb-4497-bb9b-8c3e8de5de5f.jpeg', '90c3b1b3-8d9d-48c3-ba2b-de018ecf95d1', '2025-10-09 03:04:22.59976+00', '2025-10-09 03:04:22.59976+00', '2025-10-09 03:04:22.59976+00', '{"eTag": "\"500c467b09cc4c4e1342da6e423555ce\"", "size": 446451, "mimetype": "image/jpeg", "cacheControl": "max-age=3600", "lastModified": "2025-10-09T03:04:23.000Z", "contentLength": 446451, "httpStatusCode": 200}', '43ca33b8-eb3f-4c7a-9a8d-8d92034475d9', '90c3b1b3-8d9d-48c3-ba2b-de018ecf95d1', '{}'),
	('87b0f9c6-eef8-4795-9936-7a6c57b30f89', 'room-images', '90c3b1b3-8d9d-48c3-ba2b-de018ecf95d1/1759979062587-30d3e583-ca87-4519-939f-29c5b06f2423.jpeg', '90c3b1b3-8d9d-48c3-ba2b-de018ecf95d1', '2025-10-09 03:04:22.863727+00', '2025-10-09 03:04:22.863727+00', '2025-10-09 03:04:22.863727+00', '{"eTag": "\"8aed8da7c7f5add50d48e09bc0c83199\"", "size": 398247, "mimetype": "image/jpeg", "cacheControl": "max-age=3600", "lastModified": "2025-10-09T03:04:23.000Z", "contentLength": 398247, "httpStatusCode": 200}', '5461df4f-8644-461d-8073-5dc2c8c67765', '90c3b1b3-8d9d-48c3-ba2b-de018ecf95d1', '{}'),
	('4765642f-9432-4d3a-8485-e75dd7e540a7', 'room-images', 'f8b78fb5-3dc5-41fc-b9df-84815aa0c130/1760457542404-Captura de pantalla 2025-10-14 173559.png', 'f8b78fb5-3dc5-41fc-b9df-84815aa0c130', '2025-10-14 15:59:03.247849+00', '2025-10-14 15:59:03.247849+00', '2025-10-14 15:59:03.247849+00', '{"eTag": "\"7a1c9a61a89549e86cef36f9be008295\"", "size": 17672, "mimetype": "image/png", "cacheControl": "max-age=3600", "lastModified": "2025-10-14T15:59:04.000Z", "contentLength": 17672, "httpStatusCode": 200}', '28422d33-e197-4507-92d8-da0bfc330f5c', 'f8b78fb5-3dc5-41fc-b9df-84815aa0c130', '{}'),
	('6e21a1a8-b9d0-43b7-a2d3-9ec4ec8d4101', 'room-images', 'f8b78fb5-3dc5-41fc-b9df-84815aa0c130/1760457542711-Captura de pantalla 2025-10-14 174905.png', 'f8b78fb5-3dc5-41fc-b9df-84815aa0c130', '2025-10-14 15:59:03.480451+00', '2025-10-14 15:59:03.480451+00', '2025-10-14 15:59:03.480451+00', '{"eTag": "\"9f1a9c8064e72fab79ba3f3846c315f7\"", "size": 43995, "mimetype": "image/png", "cacheControl": "max-age=3600", "lastModified": "2025-10-14T15:59:04.000Z", "contentLength": 43995, "httpStatusCode": 200}', '5d9f83d5-9069-410f-9265-353deff62f74', 'f8b78fb5-3dc5-41fc-b9df-84815aa0c130', '{}'),
	('3406f84d-6a0d-404a-b714-7428d8cf3a30', 'room-images', 'f8b78fb5-3dc5-41fc-b9df-84815aa0c130/1769097640118-1000203844.jpg', 'f8b78fb5-3dc5-41fc-b9df-84815aa0c130', '2026-01-22 16:00:41.777686+00', '2026-01-22 16:00:41.777686+00', '2026-01-22 16:00:41.777686+00', '{"eTag": "\"625ed6d9566d093e7f193a48aaef6e33\"", "size": 1694835, "mimetype": "image/jpeg", "cacheControl": "max-age=3600", "lastModified": "2026-01-22T16:00:42.000Z", "contentLength": 1694835, "httpStatusCode": 200}', 'cd5392ca-a9a9-4da7-aa21-d45fe278ddb1', 'f8b78fb5-3dc5-41fc-b9df-84815aa0c130', '{}'),
	('c0f7b201-8c72-45c3-8e9e-d29aa575b506', 'room-images', 'f8b78fb5-3dc5-41fc-b9df-84815aa0c130/1769097642131-1000203814.jpg', 'f8b78fb5-3dc5-41fc-b9df-84815aa0c130', '2026-01-22 16:00:43.347457+00', '2026-01-22 16:00:43.347457+00', '2026-01-22 16:00:43.347457+00', '{"eTag": "\"024d7f5377cbb45c7ac7d4062d5c5820\"", "size": 1746221, "mimetype": "image/jpeg", "cacheControl": "max-age=3600", "lastModified": "2026-01-22T16:00:44.000Z", "contentLength": 1746221, "httpStatusCode": 200}', '2293aec4-0733-4f05-9173-df1b1e8e02ab', 'f8b78fb5-3dc5-41fc-b9df-84815aa0c130', '{}'),
	('534ea8af-57c3-426a-91fa-6ceb5c769a42', 'room-images', 'f8b78fb5-3dc5-41fc-b9df-84815aa0c130/1769097644115-1000203794.jpg', 'f8b78fb5-3dc5-41fc-b9df-84815aa0c130', '2026-01-22 16:00:45.429532+00', '2026-01-22 16:00:45.429532+00', '2026-01-22 16:00:45.429532+00', '{"eTag": "\"cc98fd280d7a711db9d12d73b485c937\"", "size": 1911353, "mimetype": "image/jpeg", "cacheControl": "max-age=3600", "lastModified": "2026-01-22T16:00:46.000Z", "contentLength": 1911353, "httpStatusCode": 200}', 'a78a53f4-a0df-4469-9697-0355c0b5d73a', 'f8b78fb5-3dc5-41fc-b9df-84815aa0c130', '{}'),
	('0370d9ce-9c25-4e21-84c4-575ac771c81b', 'room-images', 'f8b78fb5-3dc5-41fc-b9df-84815aa0c130/1769097645741-a0431a93-5a98-4914-9b82-933fd79dd8bf-1_all_46484.jpg', 'f8b78fb5-3dc5-41fc-b9df-84815aa0c130', '2026-01-22 16:00:47.608458+00', '2026-01-22 16:00:47.608458+00', '2026-01-22 16:00:47.608458+00', '{"eTag": "\"530c6faf0b1e40bb6365b6d78d5845bf\"", "size": 2285793, "mimetype": "image/jpeg", "cacheControl": "max-age=3600", "lastModified": "2026-01-22T16:00:48.000Z", "contentLength": 2285793, "httpStatusCode": 200}', '5d8dc788-c0a3-4da9-93b0-8d94a0eece3a', 'f8b78fb5-3dc5-41fc-b9df-84815aa0c130', '{}'),
	('25c302e9-0689-4971-bebd-5b6db895df00', 'room-images', '90c3b1b3-8d9d-48c3-ba2b-de018ecf95d1/1770406546163-1000140502.jpg', '90c3b1b3-8d9d-48c3-ba2b-de018ecf95d1', '2026-02-06 19:35:45.936493+00', '2026-02-06 19:35:45.936493+00', '2026-02-06 19:35:45.936493+00', '{"eTag": "\"500163a324a853b1b8613e260efb0cd4\"", "size": 1344040, "mimetype": "image/jpeg", "cacheControl": "max-age=3600", "lastModified": "2026-02-06T19:35:46.000Z", "contentLength": 1344040, "httpStatusCode": 200}', '6b029389-00ca-4a80-9541-29f7cc210475', '90c3b1b3-8d9d-48c3-ba2b-de018ecf95d1', '{}'),
	('b7b0d5fa-860d-444d-a953-0aaa5b2c80be', 'room-images', '90c3b1b3-8d9d-48c3-ba2b-de018ecf95d1/1770406547342-1000140501.jpg', '90c3b1b3-8d9d-48c3-ba2b-de018ecf95d1', '2026-02-06 19:35:47.01209+00', '2026-02-06 19:35:47.01209+00', '2026-02-06 19:35:47.01209+00', '{"eTag": "\"a61943dfdfaf915dfe872a764c3c5369\"", "size": 1886715, "mimetype": "image/jpeg", "cacheControl": "max-age=3600", "lastModified": "2026-02-06T19:35:47.000Z", "contentLength": 1886715, "httpStatusCode": 200}', 'c537c810-da7b-4b6f-8a2e-b5e5f1c71856', '90c3b1b3-8d9d-48c3-ba2b-de018ecf95d1', '{}'),
	('da9696ec-8582-46ef-a4b5-0b66dfddc941', 'room-images', '90c3b1b3-8d9d-48c3-ba2b-de018ecf95d1/1770406547997-1000140504.jpg', '90c3b1b3-8d9d-48c3-ba2b-de018ecf95d1', '2026-02-06 19:35:47.582878+00', '2026-02-06 19:35:47.582878+00', '2026-02-06 19:35:47.582878+00', '{"eTag": "\"389db3aa12f00c6ccd396377f4edad13\"", "size": 1502862, "mimetype": "image/jpeg", "cacheControl": "max-age=3600", "lastModified": "2026-02-06T19:35:48.000Z", "contentLength": 1502862, "httpStatusCode": 200}', 'ed9f7001-6783-46e0-9d59-3bfc9fb7b9ab', '90c3b1b3-8d9d-48c3-ba2b-de018ecf95d1', '{}'),
	('ff1e5e6c-0d25-4766-8c0f-e475b9882515', 'room-images', '90c3b1b3-8d9d-48c3-ba2b-de018ecf95d1/1770406548581-1000140505.jpg', '90c3b1b3-8d9d-48c3-ba2b-de018ecf95d1', '2026-02-06 19:35:48.144705+00', '2026-02-06 19:35:48.144705+00', '2026-02-06 19:35:48.144705+00', '{"eTag": "\"60460901b051b48e1a5d7828055983e1\"", "size": 1521200, "mimetype": "image/jpeg", "cacheControl": "max-age=3600", "lastModified": "2026-02-06T19:35:49.000Z", "contentLength": 1521200, "httpStatusCode": 200}', '64ce8367-175c-4d36-a8d5-a811645aebf2', '90c3b1b3-8d9d-48c3-ba2b-de018ecf95d1', '{}'),
	('aa109092-196a-4a36-a824-c1c8f949eed9', 'room-images', '90c3b1b3-8d9d-48c3-ba2b-de018ecf95d1/1770406549139-1000140281.jpg', '90c3b1b3-8d9d-48c3-ba2b-de018ecf95d1', '2026-02-06 19:35:48.67757+00', '2026-02-06 19:35:48.67757+00', '2026-02-06 19:35:48.67757+00', '{"eTag": "\"3ac12d3efbb9b60c134941a192d57330\"", "size": 1070126, "mimetype": "image/jpeg", "cacheControl": "max-age=3600", "lastModified": "2026-02-06T19:35:49.000Z", "contentLength": 1070126, "httpStatusCode": 200}', '99e29344-1b2b-4ff6-8083-4db23dd5a033', '90c3b1b3-8d9d-48c3-ba2b-de018ecf95d1', '{}'),
	('177ab72d-d195-41fa-b11e-d3c87293bbb3', 'room-images', '90c3b1b3-8d9d-48c3-ba2b-de018ecf95d1/1773149369472-bbd0f45c-8431-4460-8723-e9b3e742588b.jpeg', '90c3b1b3-8d9d-48c3-ba2b-de018ecf95d1', '2026-03-10 13:29:29.860951+00', '2026-03-10 13:29:29.860951+00', '2026-03-10 13:29:29.860951+00', '{"eTag": "\"a34ee9d5df0236a293d9742b54800001\"", "size": 376102, "mimetype": "image/jpeg", "cacheControl": "max-age=3600", "lastModified": "2026-03-10T13:29:30.000Z", "contentLength": 376102, "httpStatusCode": 200}', '59bda18e-fea6-42a5-89c5-32904736d2c9', '90c3b1b3-8d9d-48c3-ba2b-de018ecf95d1', '{}'),
	('e9e91125-33fe-481c-883a-5498dea0b4a8', 'room-images', '90c3b1b3-8d9d-48c3-ba2b-de018ecf95d1/1773149369984-c8ad8309-7294-4e78-8b04-953fe8356b35.jpeg', '90c3b1b3-8d9d-48c3-ba2b-de018ecf95d1', '2026-03-10 13:29:30.226148+00', '2026-03-10 13:29:30.226148+00', '2026-03-10 13:29:30.226148+00', '{"eTag": "\"8a5a9495cfa383a6b6d5d0bb6251c610\"", "size": 328301, "mimetype": "image/jpeg", "cacheControl": "max-age=3600", "lastModified": "2026-03-10T13:29:31.000Z", "contentLength": 328301, "httpStatusCode": 200}', '7e8b1576-484d-4fc7-b8fb-65fa02cd0361', '90c3b1b3-8d9d-48c3-ba2b-de018ecf95d1', '{}'),
	('27c3a38c-1c7d-477a-98eb-4837a99e73e3', 'room-images', '90c3b1b3-8d9d-48c3-ba2b-de018ecf95d1/1773149370271-8b1844b9-2eba-4168-a8f1-a2572dd49172.jpeg', '90c3b1b3-8d9d-48c3-ba2b-de018ecf95d1', '2026-03-10 13:29:30.489862+00', '2026-03-10 13:29:30.489862+00', '2026-03-10 13:29:30.489862+00', '{"eTag": "\"37066b2200ea61550a21eab6a8e78b2a\"", "size": 298920, "mimetype": "image/jpeg", "cacheControl": "max-age=3600", "lastModified": "2026-03-10T13:29:31.000Z", "contentLength": 298920, "httpStatusCode": 200}', '0a8878f5-c0ca-47e5-b03b-934c7ea397ea', '90c3b1b3-8d9d-48c3-ba2b-de018ecf95d1', '{}'),
	('d48fc96e-08ff-41a1-9dc8-d76ded2d9477', 'room-images', '90c3b1b3-8d9d-48c3-ba2b-de018ecf95d1/1773149370599-102d5240-01b5-4739-8de6-0528845935b1.jpeg', '90c3b1b3-8d9d-48c3-ba2b-de018ecf95d1', '2026-03-10 13:29:30.8536+00', '2026-03-10 13:29:30.8536+00', '2026-03-10 13:29:30.8536+00', '{"eTag": "\"10381434ac506aa65d38ef95bb452c08\"", "size": 284361, "mimetype": "image/jpeg", "cacheControl": "max-age=3600", "lastModified": "2026-03-10T13:29:31.000Z", "contentLength": 284361, "httpStatusCode": 200}', 'ac2c8bc9-bbc7-4cde-9464-8a167d5f8cd8', '90c3b1b3-8d9d-48c3-ba2b-de018ecf95d1', '{}'),
	('baf27627-28dc-441b-b16f-7d6161632d8a', 'room-images', '90c3b1b3-8d9d-48c3-ba2b-de018ecf95d1/1773149371007-496a84f5-d80f-4cd0-a07b-e532bab72f3f.jpeg', '90c3b1b3-8d9d-48c3-ba2b-de018ecf95d1', '2026-03-10 13:29:31.276649+00', '2026-03-10 13:29:31.276649+00', '2026-03-10 13:29:31.276649+00', '{"eTag": "\"ed53306262fd5837987e96a5dff4159a\"", "size": 410167, "mimetype": "image/jpeg", "cacheControl": "max-age=3600", "lastModified": "2026-03-10T13:29:32.000Z", "contentLength": 410167, "httpStatusCode": 200}', '192949b7-23a3-405f-b1cf-df1ccfa0428f', '90c3b1b3-8d9d-48c3-ba2b-de018ecf95d1', '{}'),
	('a67e9ecb-5817-4a0b-8303-ac53641c8c16', 'room-images', '90c3b1b3-8d9d-48c3-ba2b-de018ecf95d1/1773149371419-74e06243-2aa4-4d92-804a-df1962d3a246.jpeg', '90c3b1b3-8d9d-48c3-ba2b-de018ecf95d1', '2026-03-10 13:29:31.685629+00', '2026-03-10 13:29:31.685629+00', '2026-03-10 13:29:31.685629+00', '{"eTag": "\"860b28ed415582b3b80042a6eaa1c679\"", "size": 352667, "mimetype": "image/jpeg", "cacheControl": "max-age=3600", "lastModified": "2026-03-10T13:29:32.000Z", "contentLength": 352667, "httpStatusCode": 200}', 'bf63f819-9e29-4fa1-a287-0c712ce1ebf1', '90c3b1b3-8d9d-48c3-ba2b-de018ecf95d1', '{}'),
	('b429f3ca-5932-4562-b77b-dd7539b70597', 'room-images', '90c3b1b3-8d9d-48c3-ba2b-de018ecf95d1/1773149371828-dd187f70-cba8-4f1c-8bc5-42093634b60f.jpeg', '90c3b1b3-8d9d-48c3-ba2b-de018ecf95d1', '2026-03-10 13:29:32.028255+00', '2026-03-10 13:29:32.028255+00', '2026-03-10 13:29:32.028255+00', '{"eTag": "\"4084fdce3ac255b5e401e42a4021feeb\"", "size": 406555, "mimetype": "image/jpeg", "cacheControl": "max-age=3600", "lastModified": "2026-03-10T13:29:32.000Z", "contentLength": 406555, "httpStatusCode": 200}', 'dd4cd621-23d9-4c9a-abd7-0daa6eb9eac8', '90c3b1b3-8d9d-48c3-ba2b-de018ecf95d1', '{}'),
	('466b9e63-410f-42d8-ac48-1d73d5eb499c', 'room-images', '90c3b1b3-8d9d-48c3-ba2b-de018ecf95d1/1773149372070-ccbc4d55-7296-4894-b226-12830f94183c.jpeg', '90c3b1b3-8d9d-48c3-ba2b-de018ecf95d1', '2026-03-10 13:29:32.281+00', '2026-03-10 13:29:32.281+00', '2026-03-10 13:29:32.281+00', '{"eTag": "\"edea1907c1afd811e16652e445c2f3fb\"", "size": 368045, "mimetype": "image/jpeg", "cacheControl": "max-age=3600", "lastModified": "2026-03-10T13:29:33.000Z", "contentLength": 368045, "httpStatusCode": 200}', '3f4acccd-f168-46ad-b132-f671b3d8e73c', '90c3b1b3-8d9d-48c3-ba2b-de018ecf95d1', '{}');


--
-- Data for Name: s3_multipart_uploads; Type: TABLE DATA; Schema: storage; Owner: supabase_storage_admin
--



--
-- Data for Name: s3_multipart_uploads_parts; Type: TABLE DATA; Schema: storage; Owner: supabase_storage_admin
--



--
-- Data for Name: vector_indexes; Type: TABLE DATA; Schema: storage; Owner: supabase_storage_admin
--



--
-- Name: refresh_tokens_id_seq; Type: SEQUENCE SET; Schema: auth; Owner: supabase_auth_admin
--

SELECT pg_catalog.setval('"auth"."refresh_tokens_id_seq"', 170, true);


--
-- PostgreSQL database dump complete
--

RESET ALL;
